Metabolite_name,Smiles,HMR_database_2_00_row
(2E)-decenoyl-[ACP][c], C(=CCCCCCCC)C(=O)S, 92
(2E)-dodecenoyl-[ACP][c], C(=CCCCCCCCCC)C(=O)S, 98
(2E)-heptadecenoyl-[ACP][c], C(=CCCCCCCCCCCCCCC)C(=O)S, 106
(2E)-heptenoyl-[ACP][c], C(=CCCCC)C(=O)S, 108
(2E)-hexadecenoyl-[ACP][c], C(=CCCCCCCCCCCCCC)C(=O)S, 112
(2E)-hexenoyl-[ACP][c], C(=CCCC)C(=O)S, 115
(2E)-nonenoyl-[ACP][c], C(=CCCCCCC)C(=O)S, 120
(2E)-octadecenoyl-CoA[c], CCCCCCCCCCCCCCCC=CC(=O)SCCNC(=O)CCNC(=O)[C@](O)C(C)(C)COP(O)(=O)OP(O)(=O)OC[C@]1O[C@]([C@](O)[C@@]1OP(O)(O)=O)n1cnc2c(N)ncnc12, 122
(2E)-octenoyl-[ACP][c], C(=CCCCCC)C(=O)S, 125
(2E)-pentadecenoyl-[ACP][c], C(=CCCCCCCCCCCCC)C(=O)S, 128
(2E)-pentenoyl-[ACP][c], C(=CCC)C(=O)S, 130
(2E)-tetradecenoyl-[ACP][c], C(=CCCCCCCCCCCC)C(=O)S, 134
(2E)-tridecenoyl-[ACP][c], C(=CCCCCCCCCCC)C(=O)S, 138
(2E)-undecenoyl-[ACP][c], C(=CCCCCCCCC)C(=O)S, 140
(R)-3-hydroxybutanoyl-[ACP][c], O[C@](C)CC(=O)S, 334
(R)-3-hydroxydecanoyl-[ACP][c], O[C@@](CC(=O)S)CCCCCCC, 336
(R)-3-hydroxyoctanoyl-[ACP][c], O[C@@](CC(=O)S)CCCCC, 337
(R)-3-hydroxypalmitoyl-[ACP][c], O[C@@](CC(=O)S)CCCCCCCCCCCCC, 338
(R)-4-phosphopantothenoyl-cysteine[c], O[C@@](C(=O)NCCC(=O)N[C@](C(O)=O)CS)C(C)(C)COP(O)(O)=O, 339
(R)-5-diphosphomevalonate[c], O[C@@](C)(CC(O)=O)CCOP(O)(=O)OP(O)(O)=O, 341
(R)-5-phosphomevalonate[c], O[C@@](C)(CC(O)=O)CCOP(O)(O)=O, 342
(R)-methylmalonyl-CoA[m], O[C@@](C(=O)NCCC(=O)NCCSC(=O)[C@@](C(O)=O)C)C(C)(C)COP(O)(=O)OP(O)(=O)OC[C@@]1O[C@@](N2C=NC3=C(N=CN=C23)N)[C@](O)[C@]1OP(O)(O)=O, 343
(R)-mevalonate[c], OCC[C@](O)(C)CC(O)=O, 344
(S)-3-hydroxy-2-methylbutyryl-CoA[m], O[C@@](C(=O)NCCC(=O)NCCSC(=O)[C@@](C)[C@@](O)C)C(C)(C)COP(O)(=O)OP(O)(=O)OC[C@@]1O[C@@](N2C=NC3=C(N=CN=C23)N)[C@](O)[C@]1OP(O)(O)=O, 351
(S)-3-hydroxybutyryl-CoA[m], O[C@@](C(=O)NCCC(=O)NCCSC(=O)C[C@@](O)C)C(C)(C)COP(O)(=O)OP(O)(=O)OC[C@@]1O[C@@](N2C=NC3=C(N=CN=C23)N)[C@](O)[C@]1OP(O)(O)=O, 354
(S)-dihydroorotate[c], N1C(=O)N[C@](C(O)=O)CC1=O, 369
[ACP][c], S, 376
"1,3-bisphospho-D-glycerate[c]", O[C@@](C(=O)OP(O)(O)=O)COP(O)(O)=O, 456
10-formyl-THF[c], OC1=NC(=NC2=C1NC(CN(C=O)C1=CC=C(C=C1)C(=O)N[C@](C(O)=O)CCC(O)=O)CN2)N, 503
14-demethyllanosterol[c], O[C@@]1CC[C@@]2(C3=C(CC[C@@]2C1(C)C)[C@]1CC[C@]([C@](C)CCC=C(C)C)[C@@]1(C)CC3)C, 676
1-pyrroline-5-carboxylate[m], C1=NC(C(O)=O)CC1, 931
"2,3-bisphospho-D-glycerate[c]", OC(=O)[C@@](COP(O)(O)=O)OP(O)(O)=O, 943
"24,25-dihydrolanosterol[c]", [C@@]1(CC[C@@]2(C)C3=C(CC[C@]12C)[C@@]1(C)CC[C@](O)C(C)(C)[C@]1CC3)[C@](C)CCCC(C)C, 1011
2-aminoadipate 6-semialdehyde[m], C(=O)CCCC(C([O-])=O)[N+], 1052
2-methyl-3-oxopropanoate[m], C(=O)C(C(O)=O)C, 1074
2-methylacetoacetyl-CoA[m], O[C@@](C(=O)NCCC(=O)NCCSC(=O)C(C(=O)C)C)C(C)(C)COP(O)(=O)OP(O)(=O)OC[C@@]1O[C@@](N2C=NC3=C(N=CN=C23)N)[C@](O)[C@]1OP(O)(O)=O, 1105
2-methylbutyryl-CoA[m], O[C@@](C(=O)NCCC(=O)NCCSC(=O)C(C)CC)C(C)(C)COP(O)(=O)OP(O)(=O)OC[C@@]1O[C@@](N2C=NC3=C(N=CN=C23)N)[C@](O)[C@]1OP(O)(O)=O, 1106
2-oxo-3-methylvalerate[c], CCC(C(=O)C(O)=O)C, 1113
2-oxo-3-methylvalerate[m], CCC(C(=O)C(O)=O)C, 1114
2-oxoadipate[m], C(C(O)=O)CCC(=O)C(O)=O, 1115
2-oxobutyrate[c], CCC(=O)C(O)=O, 1117
2-oxobutyrate[m], CCC(=O)C(O)=O, 1118
2-phospho-D-glycerate[c], OC[C@@](OP(O)(O)=O)C(O)=O, 1122
3-beta-D-glucuronosyl-3-beta-D-galactosyl-4-beta-D-galactosyl-O-beta-D-xylosylprotein[g], [C@@]1([C@@]([C@]([C@@](CO1)O[C@@]1O[C@@]([C@@]([C@@]([C@]1O)O[C@@]1O[C@@]([C@@]([C@@]([C@]1O)O[C@@]1O[C@@]([C@]([C@@]([C@]1O)O)O)C(=O)O)O)CO)O)CO)O)O)OC[C@@](C(=O)N)NC(=O), 1255
3-hydroxyheptadecanoyl-[ACP][c], C(C(O)CCCCCCCCCCCCCC)C(=O)S, 1280
3-hydroxyheptanoyl-[ACP][c], C(C(O)CCCC)C(=O)S, 1282
3-hydroxyisobutyrate[m], OC[C@@](C(O)=O)C, 1286
3-hydroxyisobutyryl-CoA[m], OCC(C(=O)SCCNC(=O)CCNC(=O)[C@](O)C(C)(C)COP(O)(=O)OP(O)(=O)OC[C@@]1O[C@@](N2C=NC3=C(N=CN=C23)N)[C@](O)[C@]1OP(O)(O)=O)C, 1287
3-hydroxynonanoyl-[ACP][c], C(C(O)CCCCCC)C(=O)S, 1294
3-hydroxyoctadecanoyl-CoA[c], CCCCCCCCCCCCCCCC(O)CC(=O)SCCNC(=O)CCNC(=O)C(O)C(C)(C)COP(O)(=O)OP(O)(=O)OCC1OC(C(O)C1OP(O)(O)=O)N1C=NC2=C1N=CN=C2N, 1298
3-hydroxypentadecanoyl-[ACP][c], C(C(O)CCCCCCCCCCCC)C(=O)S, 1299
3-hydroxypentanoyl-[ACP][c], C(C(O)CC)C(=O)S, 1301
3-hydroxytridecanoyl-[ACP][c], C(C(O)CCCCCCCCCC)C(=O)S, 1309
3-hydroxyundecanoyl-[ACP][c], C(C(O)CCCCCCCC)C(=O)S, 1311
3-keto-4-methylzymosterol[c], C(=C(C)C)CC[C@@](C)C1CCC2C3=C(CC[C@]12C)[C@@]1(C)CCC(=O)C(C)[C@]1CC3, 1315
3-methyl-2-oxobutyrate[c], CC(C(=O)C(O)=O)C, 1331
3-methyl-2-oxobutyrate[m], CC(C(=O)C(O)=O)C, 1332
3-methylcrotonyl-CoA[m], O[C@@](C(=O)NCCC(=O)NCCSC(=O)C=C(C)C)C(C)(C)COP(O)(=O)OP(O)(=O)OC[C@@]1O[C@@](N2C=NC3=C(N=CN=C23)N)[C@](O)[C@]1OP(O)(O)=O, 1334
3-methylglutaconyl-CoA[m], O[C@@](C(=O)NCCC(=O)NCCSC(=O)C=C(/C)CC(O)=O)C(C)(C)COP(O)(=O)OP(O)(=O)OC[C@@]1O[C@@](N2C=NC3=C(N=CN=C23)N)[C@](O)[C@]1OP(O)(O)=O, 1335
3-oxodecanoyl-[ACP][c], CCCCCCCC(=O)CC(=O)S, 1385
3-oxododecanoyl-[ACP][c], CCCCCCCCCC(=O)CC(=O)S, 1400
3-oxoheptadecanoyl-[ACP][c], CCCCCCCCCC(=O)CCCCCCC(=O)S, 1411
3-oxoheptanoyl-[ACP][c], CCCCC(=O)CC(=O)S, 1413
3-oxohexadecanoyl-[ACP][c], CCCCCCCCCCCCCC(=O)CC(=O)S, 1419
3-oxohexanoyl-[ACP][c], CCCC(=O)CC(=O)S, 1420
3-oxononanoyl-[ACP][c], CCCCCCC(=O)CC(=O)S, 1433
3-oxooctadecanoyl-CoA[c], CCCCCCCCCCCCCCCC(=O)CC(=O)SCCNC(=O)CCNC(=O)[C@](O)C(C)(C)COP(O)(=O)OP(O)(=O)OC[C@]1O[C@]([C@](O)[C@@]1OP(O)(O)=O)n1cnc2c(N)ncnc12, 1435
3-oxooctanoyl-[ACP][c], CCCCCC(=O)CC(=O)S, 1438
3-oxopentadecanoyl-[ACP][c], CCCCCCCCCCCCC(=O)CC(=O)S, 1447
3-oxopentanoyl-[ACP][c], CCC(=O)CC(=O)S, 1449
3-oxotetradecanoyl-[ACP][c], CCCCCCCCCCCC(=O)CC(=O)S, 1457
3-oxotridecanoyl-[ACP][c], CCCCCCCCCCC(=O)CC(=O)S, 1461
3-oxoundecanoyl-[ACP][c], CCCCCCCCC(=O)CC(=O)S, 1463
3-phospho-D-glycerate[c], O[C@@](C(O)=O)COP(O)(O)=O, 1466
3-phosphonooxypyruvate[c], C(OP(O)(O)=O)C(=O)C(O)=O, 1468
3-phosphoserine[c], [N+][C@](C([O-])=O)COP(O)(O)=O, 1470
"4,4-dimethyl-14alpha-formyl-5alpha-cholesta-8,24-dien-3beta-ol[c]", C12CC[C@@]3C(C)(C)[C@@](O)CC[C@]3(C)C=1CC[C@]1(C)[C@@]([C@@](C)CC/C=C(C)/C)CC[C@@]21C=O, 1497
"4,4-dimethyl-14alpha-formyl-5alpha-cholesta-8-en-3beta-ol[c]", C12CC[C@@]3C(C)(C)[C@@](O)CC[C@]3(C)C=1CC[C@]1(C)[C@@]([C@@](C)CCCC(C)C)CC[C@@]21C=O, 1498
"4,4-dimethyl-14alpha-hydroxymethyl-5alpha-cholesta-8,24-dien-3beta-ol[c]", C12CC[C@@]3C(C)(C)[C@@](O)CC[C@]3(C)C=1CC[C@]1(C)[C@@]([C@@](C)CC/C=C(C)/C)CC[C@@]21CO, 1499
"4,4-dimethyl-14alpha-hydroxymethyl-5alpha-cholesta-8-en-3beta-ol[c]", C12CC[C@@]3C(C)(C)[C@@](O)CC[C@]3(C)C=1CC[C@]1(C)[C@@]([C@@](C)CCCC(C)C)CC[C@@]21CO, 1500
"4,4-dimethyl-5alpha-cholesta-8,14,24-trien-3beta-ol[c]", C12CC[C@@]3C(C)(C)[C@@](O)CC[C@]3(C)C=1CC[C@]1(C)[C@@]([C@@](C)CC/C=C(C)/C)CC=C21, 1501
"4alpha-carboxy-4beta-methyl-5alpha-cholesta-8,24-dien-3beta-ol[c]", OC(=O)[C@]1(C)[C@@](O)CC[C@@]2(C3=C(CC[C@@]12)C1CCC([C@](C)CCC=C(C)C)[C@@]1(C)CC3)C, 1514
"4alpha-carboxy-5alpha-cholesta-8,24-dien-3beta-ol[c]", C[C@](CCC=C(C)C)[C@]1CCC2[C@@]1(CCC3=C2CC[C@@]4[C@@]3(CC[C@@]([C@]4C(=O)O)O)C)C, 1516
"4alpha-formyl-4beta-methyl-5alpha-cholesta-8,24-dien-3beta-ol[c]", C[C@](CCC=C(C)C)[C@]1CC[C@@]2[C@@]1(CCC3=C2CC[C@@]4[C@@]3(CC[C@@]([C@@]4(C)C=O)O)C)C, 1518
"4alpha-formyl-5alpha-cholesta-8,24-dien-3beta-ol[c]", C[C@](CCC=C(C)C)[C@]1CC[C@@]2[C@@]1(CCC3=C2CC[C@@]4[C@@]3(CC[C@@]([C@]4C=O)O)C)C, 1520
"4alpha-hydroxymethyl-4beta-methyl-5alpha-cholesta-8,24-dien-3beta-ol[c]", C[C@](CCC=C(C)C)[C@]1CC[C@@]2[C@@]1(CCC3=C2CC[C@@]4[C@@]3(CC[C@@]([C@@]4(C)CO)O)C)C, 1522
"4alpha-hydroxymethyl-5alpha-cholesta-8,24-dien-3beta-ol[c]", C[C@](CCC=C(C)C)[C@]1CC[C@@]2[C@@]1(CCC3=C2CC[C@@]4[C@@]3(CC[C@@]([C@]4CO)O)C)C, 1524
4alpha-hydroxytetrahydrobiopterin[c], [C@@]1(CNC2=NC(N)=NC(=O)[C@]2(O)N1)[C@@](O)[C@](C)O, 1526
4alpha-methylzymosterol[c], O[C@@]1CC[C@@]2(C3=C(CC[C@@]2[C@]1C)[C@]1CC[C@]([C@](C)CCC=C(C)C)[C@@]1(C)CC3)C, 1530
4-hydroxyphenylpyruvate[c], OC1=CC=C(C=C1)CC(=O)C(O)=O, 1590
4-imidazolone-5-propanoate[c], N1C=[N+]C(=O)[C-]1CCC(O)=O, 1598
4-maleylacetoacetate[c], C(=CC(=O)CC(=O)CC(O)=O)C(O)=O, 1599
4-methyl-2-oxopentanoate[c], CC(C)CC(=O)C(O)=O, 1602
4-methyl-2-oxopentanoate[m], CC(C)CC(=O)C(O)=O, 1603
"5,10-methenyl-THF[c]", OC1=NC(=NC2=C1[N+]1=CN(C3=CC=C(C=C3)C(=O)N[C@](C(O)=O)CCC(O)=O)C[C@@]1CN2)N, 1654
"5,10-methenyl-THF[m]", OC1=NC(=NC2=C1[N+]1=CN(C3=CC=C(C=C3)C(=O)N[C@](C(O)=O)CCC(O)=O)C[C@@]1CN2)N, 1655
"5,10-methylene-THF[c]", OC1=NC(=NC2=C1N1CN(C3=CC=C(C=C3)C(=O)NC(C(O)=O)CCC(O)=O)C[C@@]1CN2)N, 1656
"5,10-methylene-THF[m]", OC1=NC(=NC2=C1N1CN(C3=CC=C(C=C3)C(=O)NC(C(O)=O)CCC(O)=O)C[C@@]1CN2)N, 1657
"5alpha-cholesta-8,24-dien-3-one[c]", C1CC(=O)C[C@]2CCC3=C([C@]21C)CC[C@]1(C)[C@@]([C@](C)CC/C=C(/C)C)CC[C@]13, 1685
5-formiminotetrahydrofolate[c], OC1=NC(=NC2=C1N(C=N)C(CNC1=CC=C(C=C1)C(=O)NC(C(O)=O)CCC(O)=O)CN2)N, 1735
5-hydroxy-L-tryptophan[c], OC1=CC=C2NC=C(C2=C1)CC(C(O)=O)N, 1745
5-methyl-THF[c], OC(=O)CC[C@@](NC(=O)C1=CC=C(NCC2N(C3=C(N=C(N=C3O)N)NC2)C)C=C1)C(O)=O, 1755
5-phosphoribosyl-4-carboxy-5-aminoimidazole[c], O[C@@]1[C@@](O[C@](COP(O)(O)=O)[C@@]1O)N1C=NC(C(O)=O)=C1N, 1786
5-phosphoribosylamine[c], O[C@@]1[C@@](O[C@](COP(O)(O)=O)[C@@]1O)N, 1787
5-phosphoribosylformylglycinamidine[c], O[C@@]1C(O[C@](COP(O)(O)=O)[C@@]1O)NC(=N)CNC=O, 1788
6-phospho-D-gluconate[c], C(C(C(C(C(C(=O)O)O)O)O)O)OP(=O)(O)O, 1848
acetate[c], CC(=O)O, 1975
acetate[g], CC(=O)O, 1976
acetoacetate[c], CC(=O)CC(O)=O, 1982
acetoacetate[m], CC(=O)CC(O)=O, 1983
acetoacetyl-[ACP][c], CC(=O)CC(=O)S, 1984
acetoacetyl-CoA[c], O[C@@](C(=O)NCCC(=O)NCCSC(=O)CC(=O)C)C(C)(C)COP(O)(=O)OP(O)(=O)OC[C@@]1O[C@@](N2C=NC3=C(N=CN=C23)N)[C@](O)[C@]1OP(O)(O)=O, 1985
acetoacetyl-CoA[m], O[C@@](C(=O)NCCC(=O)NCCSC(=O)CC(=O)C)C(C)(C)COP(O)(=O)OP(O)(=O)OC[C@@]1O[C@@](N2C=NC3=C(N=CN=C23)N)[C@](O)[C@]1OP(O)(O)=O, 1986
acetyl-[ACP][c], CC(=O)S, 1992
acetyl-CoA[c], O[C@@](C(=O)NCCC(=O)NCCSC(=O)C)C(C)(C)COP(O)(=O)OP(O)(=O)OC[C@@]1O[C@@](N2C=NC3=C(N=CN=C23)N)[C@](O)[C@]1OP(O)(O)=O, 1997
acetyl-CoA[m], O[C@@](C(=O)NCCC(=O)NCCSC(=O)C)C(C)(C)COP(O)(=O)OP(O)(=O)OC[C@@]1O[C@@](N2C=NC3=C(N=CN=C23)N)[C@](O)[C@]1OP(O)(O)=O, 1999
adenosine[c], OC[C@@]1O[C@@](N2C=NC3=C(N=CN=C23)N)[C@](O)[C@]1O, 2031
adenylosuccinate[c], O[C@@]1[C@@](O[C@](COP(O)(O)=O)[C@@]1O)N1C=NC2=C(N=CN=C12)NC(C(O)=O)CC(O)=O, 2036
adenylyl sulfate[c], O[C@@]1[C@@](O[C@](COP(O)(=O)OS(O)(=O)=O)[C@@]1O)N1C=NC2=C(N=CN=C12)N, 2037
ADP[c], O[C@@]1[C@@](O[C@](COP(O)(=O)OP(O)(O)=O)[C@@]1O)N1C=NC2=C(N=CN=C12)N, 2039
ADP[m], O[C@@]1[C@@](O[C@](COP(O)(=O)OP(O)(O)=O)[C@@]1O)N1C=NC2=C(N=CN=C12)N, 2042
AICAR[c], O[C@@]1[C@@](O[C@](COP(O)(O)=O)[C@@]1O)N1C=NC(C(=O)N)=C1N, 2077
AIR[c], O[C@@]1C(O[C@](COP(O)(O)=O)[C@@]1O)N1C=NC=C1N, 2078
AKG[c], C(C(O)=O)CC(=O)C(O)=O, 2079
AKG[m], C(C(O)=O)CC(=O)C(O)=O, 2080
alanine[c], C[C@@](C(O)=O)N, 2083
alanine[m], C[C@@](C(O)=O)N, 2085
alanine[s], C[C@@](C(O)=O)N, 2087
alloxan[c], O=C1NC(=O)C(=O)C(=O)N1, 2100
alloxan[s], O=C1NC(=O)C(=O)C(=O)N1, 2101
AMP[c], O[C@@]1[C@@](O[C@](COP(O)(O)=O)[C@@]1O)N1C=NC2=C(N=CN=C12)N, 2129
arginine[c], NC(NCCC[C@@](C(O)=O)N)=N, 2201
arginine[m], NC(NCCC[C@@](C(O)=O)N)=N, 2203
arginine[s], NC(NCCC[C@@](C(O)=O)N)=N, 2204
asparagine[c], NC(=O)C[C@@](C(O)=O)N, 2209
aspartate[c], [N+][C@](C([O-])=O)CC(O)=O, 2213
aspartate[m], [N+][C@](C([O-])=O)CC(O)=O, 2215
aspartate[s], [N+][C@](C([O-])=O)CC(O)=O, 2216
ATP[c], O[C@@]1[C@@](O[C@](COP(O)(=O)OP(O)(=O)OP(O)(O)=O)[C@@]1O)N1C=NC2=C(N=CN=C12)N, 2217
ATP[m], O[C@@]1[C@@](O[C@](COP(O)(=O)OP(O)(=O)OP(O)(O)=O)[C@@]1O)N1C=NC2=C(N=CN=C12)N, 2220
ATP[n], O[C@@]1[C@@](O[C@](COP(O)(=O)OP(O)(=O)OP(O)(O)=O)[C@@]1O)N1C=NC2=C(N=CN=C12)N, 2221
but-2-enoyl-[ACP][c], C(=CC)C(=O)S, 2287
butyryl-[ACP][c], CCCC(=O)S, 2290
carbamoyl-phosphate[c], NC(=O)OP(O)(O)=O, 2310
carbamoyl-phosphate[r], NC(=O)OP(O)(O)=O, 2312
CDP[c], O[C@@]1[C@@](O[C@](COP(O)(=O)OP(O)(O)=O)[C@@]1O)N1C=CC(=NC1=O)N, 2318
chloride[c], [Cl-], 2359
chloride[s], [Cl-], 2360
cholestenol[c], O[C@@]1CC[C@@]2(C3=C(CC[C@@]2C1)[C@]1CC[C@]([C@](C)CCCC(C)C)[C@@]1(C)CC3)C, 2372
cholesterol[c], O[C@]1CC2=CC[C@@]3[C@]4CC[C@]([C@](C)CCCC(C)C)[C@@]4(C)CC[C@]3[C@@]2(C)CC1, 2373
choline[c], OCC[N+](C)(C)C, 2505
choline[s], OCC[N+](C)(C)C, 2510
citrate[c], OC(C(O)=O)(CC(O)=O)CC(O)=O, 2621
citrate[m], OC(C(O)=O)(CC(O)=O)CC(O)=O, 2622
CMP[c], O[C@@]1[C@@](O[C@](COP(O)(O)=O)[C@@]1O)N1C=CC(=NC1=O)N, 2630
CO2[c], O=C=O, 2645
CO2[m], O=C=O, 2647
CO2[s], O=C=O, 2650
CoA[c], O[C@@](C(=O)NCCC(=O)NCCS)C(C)(C)COP(O)(=O)OP(O)(=O)OC[C@@]1O[C@@](N2C=NC3=C(N=CN=C23)N)[C@](O)[C@]1OP(O)(O)=O, 2651
CoA[m], O[C@@](C(=O)NCCC(=O)NCCS)C(C)(C)COP(O)(=O)OP(O)(=O)OC[C@@]1O[C@@](N2C=NC3=C(N=CN=C23)N)[C@](O)[C@]1OP(O)(O)=O, 2654
crotonyl-CoA[m], O[C@@](C(=O)NCCC(=O)NCCSC(=O)C=CC)C(C)(C)COP(O)(=O)OP(O)(=O)OC[C@@]1O[C@@](N2C=NC3=C(N=CN=C23)N)[C@](O)[C@]1OP(O)(O)=O, 2704
CTP[c], O[C@@]1[C@@](O[C@](COP(O)(=O)OP(O)(=O)OP(O)(O)=O)[C@@]1O)N1C=CC(=NC1=O)N, 2706
cysteine[c], SC[C@@](C(O)=O)N, 2716
cystine[c], N[C@](C(O)=O)CSSC[C@@](C(O)=O)N, 2720
cystine[s], N[C@](C(O)=O)CSSC[C@@](C(O)=O)N, 2721
D-3-hydroxydodecanoyl-[ACP][c], O[C@@](CC(=O)S)CCCCCCCCC, 2733
D-3-hydroxyhexanoyl-[ACP][c], O[C@@](CC(=O)S)CCC, 2734
D-4-phosphopantothenate[c], O[C@@](C(=O)NCCC(O)=O)C(C)(C)COP(O)(O)=O, 2735
dADP[c], O[C@@]1C[C@@](O[C@]1COP(O)(=O)OP(O)(O)=O)N1C=NC2=C(N=CN=C12)N, 2736
dAMP[c], O[C@@]1C[C@@](O[C@]1COP(O)(O)=O)N1C=NC2=C(N=CN=C12)N, 2743
dCDP[c], O[C@@]1C[C@@](O[C@]1COP(O)(=O)OP(O)(O)=O)N1C=CC(=NC1=O)N, 2755
dCMP[c], O[C@@]1C[C@@](O[C@]1COP(O)(O)=O)N1C=CC(=NC1=O)N, 2757
decanoyl-[ACP][c], CCCCCCCCCC(=O)S, 2770
dephospho-CoA[c], O[C@@](C(=O)NCCC(=O)NCCS)C(C)(C)COP(O)(=O)OP(O)(=O)OC[C@@]1O[C@@](N2C=NC3=C(N=CN=C23)N)[C@](O)[C@]1O, 2821
dGDP[c], O[C@@]1C[C@@](O[C@]1COP(O)(=O)OP(O)(O)=O)N1C=NC2=C1N=C(N)NC2=O, 2832
dGMP[c], O[C@@]1C[C@@](O[C@]1COP(O)(O)=O)N1C=NC2=C1N=C(N)NC2=O, 2844
DHAP[c], OCC(=O)COP(O)(O)=O, 2857
dihydrobiopterin[c], OC(C)C(O)C1N=C2C(=O)N=C(N=C2NC1)N, 2879
dihydrofolate[c], OC1=NC(=NC2=C1N=C(CNC1=CC=C(C=C1)C(=O)N[C@](C(O)=O)CCC(O)=O)CN2)N, 2881
dimethylallyl-PP[c], C(=C(C)C)COP(O)(=O)OP(O)(O)=O, 2893
dodecanoyl-[ACP][c], CCCCCCCCCCCC(=O)S, 2939
dTMP[c], O[C@@]1C[C@@](O[C@]1COP(O)(O)=O)N1C=C(C(=O)NC1=O)C, 2986
dUDP[c], O[C@@]1C[C@@](O[C@]1COP(O)(=O)OP(O)(O)=O)N1C=CC(=O)NC1=O, 2993
dUMP[c], O[C@@]1C[C@@](O[C@]1COP(O)(O)=O)N1C=CC(=O)NC1=O, 2996
dUTP[m], O[C@@]1C[C@@](O[C@]1COP(O)(=O)OP(O)(=O)OP(O)(O)=O)N1C=CC(=O)NC1=O, 2999
D-xylulose[c], C(O)C(=O)[C@@](O)[C@](O)CO, 3006
D-xylulose-1-phosphate[c], OC[C@@](O)[C@](O)C(=O)COP(O)(O)=O, 3007
D-xylulose-5-phosphate[c], OCC(=O)[C@@](O)[C@](O)COP(O)(O)=O, 3008
erythrose-4-phosphate[c], O[C@@](C=O)[C@](O)COP(O)(O)=O, 3062
ethanolamine[c], C(CO)N, 3098
FAICAR[c], O[C@@]1[C@@](O[C@](COP(O)(O)=O)[C@@]1O)N1C=NC(C(=O)N)=C1NC=O, 3119
farnesyl-PP[c], C(=C(C)C)CCC(=CCCC(=CCOP(O)(=O)OP(O)(O)=O)C)C, 3121
ferricytochrome C[m], OC(=O)CCC1=C(C2=CC3=NC(=CC4=C(C(=C(N4)/C=C4N=C(C=C1/N2)C(=C4C)CCC(=O)O)C)C(SCC(N)C(=O)NC)C)C(=C3C(SCC(N)C(=O)NC)C)C)C, 3145
ferrocytochrome C[m], OC(=O)CCC1=C(C2=CC3=NC(=CC4=C(C(=C(N4)/C=C4N=C(C=C1/N2)C(=C4C)CCC(=O)O)C)C(SCC(N)C(=O)NC)C)C(=C3C(SCC(N)C(=O)NC)C)C)C, 3146
formate[c], C([O])=O, 3164
formate[s], C([O])=O, 3169
"fructose-1,6-bisphosphate[c]", O[C@]1[C@](OC(O)(COP(O)(O)=O)[C@@]1O)COP(O)(O)=O, 3179
fructose-6-phosphate[c], OCC1(O)O[C@](COP(O)(O)=O)[C@@](O)[C@]1O, 3183
fumarate[c], C(=CC(O)=O)C(O)=O, 3212
fumarate[m], C(=CC(O)=O)C(O)=O, 3213
fumarylacetoacetate[c], C(=CC(=O)CC(=O)CC(O)=O)C(O)=O, 3214
gamma-glutamyl-cysteine[c], SC[C@](NC(=O)CC[C@@](C(O)=O)N)C(O)=O, 3292
GAP[c], OC(C=O)COP(O)(O)=O, 3316
GAR[c], O[C@@]1C(O[C@](COP(O)(O)=O)[C@@]1O)NC(=O)CN, 3317
GDP[c], O[C@@]1[C@@](O[C@](COP(O)(=O)OP(O)(O)=O)[C@@]1O)N1C=NC2=C1N=C(N)NC2=O, 3333
GDP[m], O[C@@]1[C@@](O[C@](COP([O])(=O)OP([O])([O])=O)[C@@]1O)N1C=NC2=C1N=C(N)NC2=O, 3335
geranyl-PP[c], C(=C(C)C)CCC(=CCOP(O)(=O)OP(O)(O)=O)C, 3343
"glucono-1,5-lactone-6-phosphate[c]", O[C@@]1C(=O)O[C@](COP(O)(O)=O)[C@@](O)[C@]1O, 3358
glucosamine-6-phosphate[c], OC1O[C@](COP(O)(O)=O)[C@@](O)[C@](O)[C@@]1N, 3362
glucose[c], OC[C@@]1OC(O)[C@](O)[C@@](O)[C@]1O, 3365
glucose[s], OC[C@@]1OC(O)[C@](O)[C@@](O)[C@]1O, 3369
glucose-1-phosphate[c], OC[C@@]1OC(OP(O)(O)=O)[C@](O)[C@@](O)[C@]1O, 3372
glucose-6-phosphate[c], OC1O[C@](COP(O)(O)=O)[C@@](O)[C@](O)[C@@]1O, 3373
glutamate[c], [N+][C@](C(O)=O)CCC([O-])=O, 3389
glutamate[m], [N+][C@](C(O)=O)CCC([O-])=O, 3391
glutamate[s], [N+][C@](C(O)=O)CCC([O-])=O, 3393
glutamine[c], NC(=O)CC[C@@](C(O)=O)N, 3394
glutamine[m], NC(=O)CC[C@@](C(O)=O)N, 3396
glutamine[s], NC(=O)CC[C@@](C(O)=O)N, 3397
glutamyl-5-phosphate[m], N[C@](C(O)=O)CCC(=O)OP(O)(O)=O, 3398
glutaryl-CoA[m], O[C@@](C(=O)NCCC(=O)NCCSC(=O)CCCC(O)=O)C(C)(C)COP(O)(=O)OP(O)(=O)OC[C@@]1O[C@@](N2C=NC3=C(N=CN=C23)N)[C@](O)[C@]1OP(O)(O)=O, 3399
glycine[c], NCC(O)=O, 3414
glycine[m], NCC(O)=O, 3416
glycine[s], NCC(O)=O, 3418
glycolaldehyde[c], C(=O)CO, 3432
glycolate[c], OCC(O)=O, 3434
glyoxalate[c], OC(=O)C=O, 3452
glyoxalate[m], OC(=O)C=O, 3453
GMP[c], O[C@@]1[C@@](O[C@](COP(O)(O)=O)[C@@]1O)N1C=NC2=C1N=C(N)NC2=O, 3471
GSH[c], SC[C@](NC(=O)CC[C@@](C(O)=O)N)C(=O)NCC(O)=O, 3498
GSSG[c], N(C(=O)[C@@](NC(=O)CC[C@@](C(O)=O)N)CSSC[C@](NC(=O)CC[C@@](C(O)=O)N)C(=O)NCC(O)=O)CC(O)=O, 3520
GTP[c], O[C@@]1[C@@](O[C@](COP(O)(=O)OP(O)(=O)OP(O)(O)=O)[C@@]1O)N1C=NC2=C1N=C(N)NC2=O, 3521
GTP[m], O[C@@]1[C@@](O[C@](COP(O)(=O)OP(O)(=O)OP(O)(O)=O)[C@@]1O)N1C=NC2=C1N=C(N)NC2=O, 3521
H+[c], [H+], 3533
H+[m], [H+], 3536
H+[n], [H+], 3537
H+[s], [H+], 3540
H2O[c], O, 3541
H2O[g], O, 3542
H2O[m], O, 3544
H2O[s], O, 3548
H2O2[c], OO, 3549
H2O2[s], OO, 3555
HCO3-[c], OC(O)=O, 3563
HCO3-[m], OC(O)=O, 3564
HCO3-[s], OC(O)=O, 3565
heparan sulfate proteoglycan[g], R, 3585
"heparan sulfate, precursor 1[g]", R, 3614
"heparan sulfate, precursor 10[g]", R, 3615
"heparan sulfate, precursor 11[g]", R, 3616
"heparan sulfate, precursor 12[g]", R, 3617
"heparan sulfate, precursor 13[g]", R, 3618
"heparan sulfate, precursor 14[g]", R, 3619
"heparan sulfate, precursor 15[g]", R, 3620
"heparan sulfate, precursor 2[g]", R, 3621
"heparan sulfate, precursor 3[g]", R, 3622
"heparan sulfate, precursor 4[g]", R, 3623
"heparan sulfate, precursor 5[g]", R, 3624
"heparan sulfate, precursor 6[g]", R, 3625
"heparan sulfate, precursor 7[g]", R, 3626
"heparan sulfate, precursor 8[g]", R, 3627
"heparan sulfate, precursor 9[g]", R, 3628
heptadecanoyl-[ACP][c], CCCCCCCCCCC(=O)CCCCCCS, 3637
heptanoyl-[ACP][c], O=CCCCCCCS, 3658
hexadecanoyl-[ACP][c], CCCCCCCCCC(=O)CCCCCCS, 3676
hexanoyl-[ACP][c], O=CCCCCCS, 3691
histidine[c], N1C=NC(=C1)C[C@@](C(O)=O)N, 3698
histidine[s], N1C=NC(=C1)C[C@@](C(O)=O)N, 3701
HMA[c], O[C@@](CC(=O)S)CCCCCCCCCCC, 3707
HMG-CoA[c], O[C@@](C(=O)NCCC(=O)NCCSC(=O)C[C@](O)(C)CC(O)=O)C(C)(C)COP(O)(=O)OP(O)(=O)OC[C@@]1O[C@@](N2C=NC3=C(N=CN=C23)N)[C@](O)[C@]1OP(O)(O)=O, 3708
HMG-CoA[m], O[C@@](C(=O)NCCC(=O)NCCSC(=O)C[C@](O)(C)CC(O)=O)C(C)(C)COP(O)(=O)OP(O)(=O)OC[C@@]1O[C@@](N2C=NC3=C(N=CN=C23)N)[C@](O)[C@]1OP(O)(O)=O, 3709
homocysteine[c], SCC[C@@](C(O)=O)N, 3712
homogentisate[c], OC1=CC=C(O)C(=C1)CC(O)=O, 3714
IMP[c], O[C@@]1[C@@](O[C@](COP(O)(O)=O)[C@@]1O)N1C=NC2=C1N=CNC2=O, 3768
inositol[c], O[C@@]1[C@](O)[C@@](O)[C@](O)[C@](O)[C@]1O, 3778
inositol[s], O[C@@]1[C@](O)[C@@](O)[C@](O)[C@](O)[C@]1O, 3780
isobutyryl-CoA[m], O[C@@](C(=O)NCCC(=O)NCCSC(=O)C(C)C)C(C)(C)COP(O)(=O)OP(O)(=O)OC[C@@]1O[C@@](N2C=NC3=C(N=CN=C23)N)[C@](O)[C@]1OP(O)(O)=O, 3792
isocitrate[c], OC(C(O)=O)C(C(O)=O)CC(O)=O, 3797
isoleucine[c], CC[C@](C)[C@@](C(O)=O)N, 3800
isoleucine[s], CC[C@](C)[C@@](C(O)=O)N, 3803
isopentenyl-pPP[c], C=C(C)CCOP(O)(=O)OP(O)(O)=O, 3806
isovaleryl-CoA[m], O[C@@](C(=O)NCCC(=O)NCCSC(=O)CC(C)C)C(C)(C)COP(O)(=O)OP(O)(=O)OC[C@@]1O[C@@](N2C=NC3=C(N=CN=C23)N)[C@](O)[C@]1OP(O)(O)=O, 3809
K+[c], [K+], 3829
K+[s], [K+], 3831
L-2-aminoadipate[m], NC(C(O)=O)CCCC(O)=O, 3962
lanosterol[c], O[C@@]1CC[C@@]2(C3=C(CC[C@@]2C1(C)C)[C@]1(C)CC[C@]([C@](C)CCC=C(C)C)[C@@]1(C)CC3)C, 3989
lathosterol[c], O[C@@]1CC[C@]2(C)[C@]3C(=CC[C@@]2C1)[C@]1CC[C@]([C@](C)CCCC(C)C)[C@@]1(C)CC3, 3998
L-cystathionine[c], N[C@](C(O)=O)CSCC[C@@](C(O)=O)N, 4016
leucine[c], OC(=O)[C@@](N)CC(C)C, 4033
leucine[s], OC(=O)[C@@](N)CC(C)C, 4036
L-glutamate 5-semialdehyde[m], C(=O)CC[C@@](C([O-])=O)[N+], 4065
L-lactate[c], O[C@](C(O)=O)C, 4126
L-lactate[s], O[C@](C(O)=O)C, 4129
lysine[c], NCCCC[C@@](C(O)=O)N, 4163
lysine[m], NCCCC[C@@](C(O)=O)N, 4165
lysine[s], NCCCC[C@@](C(O)=O)N, 4168
malate[c], O[C@](C(O)=O)CC(O)=O, 4183
malate[m], O[C@](C(O)=O)CC(O)=O, 4184
malonyl-[ACP][c], OC(=O)CC(=O)S, 4189
malonyl-CoA[c], O[C@@](C(=O)NCCC(=O)NCCSC(=O)CC(O)=O)C(C)(C)COP(O)(=O)OP(O)(=O)OC[C@@]1O[C@@](N2C=NC3=C(N=CN=C23)N)[C@](O)[C@]1OP(O)(O)=O, 4194
margaric acid[c], CCCCCCCCCCCCCCCCC(=O)O, 4223
methacrylyl-CoA[m], O[C@@](C(=O)NCCC(=O)NCCSC(=O)C(=C)C)C(C)(C)COP(O)(=O)OP(O)(=O)OC[C@@]1O[C@@](N2C=NC3=C(N=CN=C23)N)[C@](O)[C@]1OP(O)(O)=O, 4246
methionine[c], CSCC[C@@](C(O)=O)N, 4252
methionine[s], CSCC[C@@](C(O)=O)N, 4255
methylmalonyl-CoA[m], O[C@@](C(=O)NCCC(=O)NCCSC(=O)[C@](C(O)=O)C)C(C)(C)COP(O)(=O)OP(O)(=O)OC[C@@]1O[C@@](N2C=NC3=C(N=CN=C23)N)[C@](O)[C@]1OP(O)(O)=O, 4267
myristic acid[c], CCCCCCCCCCCCCC(=O)O, 4285
Na+[c], [Na+], 4324
Na+[s], [Na+], 4328
N-acetylglucosamine-1-phosphate[c], OC[C@@]1OC(OP(O)(O)=O)[C@](NC(=O)C)[C@@](O)[C@]1O, 4345
N-acetylglucosamine-6-phosphate[c], OC1O[C@](COP(O)(O)=O)[C@@](O)[C@](O)[C@@]1NC(=O)C, 4346
NAD+[c], O[C@@]1[C@@](O[C@](COP(O)(=O)OP(O)(=O)OC[C@@]2O[C@@]([N+]3=CC(=CC=C3)C(=O)N)[C@](O)[C@]2O)[C@@]1O)N1C=NC2=C(N=CN=C12)N, 4376
NAD+[m], O[C@@]1[C@@](O[C@](COP(O)(=O)OP(O)(=O)OC[C@@]2O[C@@]([N+]3=CC(=CC=C3)C(=O)N)[C@](O)[C@]2O)[C@@]1O)N1C=NC2=C(N=CN=C12)N, 4377
NAD+[n], O[C@@]1[C@@](O[C@](COP(O)(=O)OP(O)(=O)OC[C@@]2O[C@@]([N+]3=CC(=CC=C3)C(=O)N)[C@](O)[C@]2O)[C@@]1O)N1C=NC2=C(N=CN=C12)N, 4378
NADH[c], O[C@@]1[C@@](O[C@](COP(O)(=O)OP(O)(=O)OC[C@@]2O[C@@](N3C=CCC(=C3)C(=O)N)[C@](O)[C@]2O)[C@@]1O)N1C=NC2=C(N=CN=C12)N, 4382
NADH[m], O[C@@]1[C@@](O[C@](COP(O)(=O)OP(O)(=O)OC[C@@]2O[C@@](N3C=CCC(=C3)C(=O)N)[C@](O)[C@]2O)[C@@]1O)N1C=NC2=C(N=CN=C12)N, 4383
NADP+[c], O[C@]1[C@](O)[C@](O[C@@]1[N+]1=CC(=CC=C1)C(=O)N)COP(O)(=O)OP(O)(=O)OC[C@@]1O[C@@](N2C=NC3=C(N=CN=C23)N)[C@](OP(O)(O)=O)[C@]1O, 4387
NADP+[m], O[C@]1[C@](O)[C@](O[C@@]1[N+]1=CC(=CC=C1)C(=O)N)COP(O)(=O)OP(O)(=O)OC[C@@]1O[C@@](N2C=NC3=C(N=CN=C23)N)[C@](OP(O)(O)=O)[C@]1O, 4389
NADPH[c], O[C@@]1[C@@](O[C@](COP(O)(=O)OP(O)(=O)OC[C@@]2O[C@@](N3C=NC4=C(N=CN=C34)N)[C@](OP(O)(O)=O)[C@]2O)[C@@]1O)N1C=CCC(=C1)C(=O)N, 4394
NADPH[m], O[C@@]1[C@@](O[C@](COP(O)(=O)OP(O)(=O)OC[C@@]2O[C@@](N3C=NC4=C(N=CN=C34)N)[C@](OP(O)(O)=O)[C@]2O)[C@@]1O)N1C=CCC(=C1)C(=O)N, 4396
N-carbamoyl-L-aspartate[c], NC(=O)N[C@](C(O)=O)CC(O)=O, 4404
N-formimino-L-glutamate[c], N=CN[C@](C(O)=O)CCC(O)=O, 4422
N-formyl-GAR[c], O[C@@]1C(O[C@](COP(O)(O)=O)[C@@]1O)NC(=O)CNC=O, 4423
NH3[c], N, 4426
NH3[m], N, 4427
NH3[s], N, 4431
nicotinamide D-ribonucleotide[c], O[C@]1[C@](O)[C@](O[C@@]1[N+]1=CC(=CC=C1)C(=O)N)COP([O-])(=O)O, 4436
nicotinamide D-ribonucleotide[n], O[C@]1[C@](O)[C@](O[C@@]1[N+]1=CC(=CC=C1)C(=O)N)COP([O-])(=O)O, 4438
nicotinamide ribonucleoside[c], NC(=O)c1ccc[n+](c1)[C@@]1O[C@](CO)[C@@](O)[C@]1O, 4439
nicotinamide[c], NC(=O)C1=CC=CN=C1, 4440
nicotinamide[s], NC(=O)C1=CC=CN=C1, 4441
nonanoyl-[ACP][c], CCCCCCCCC(=O)S, 4490
O2[c], O=O, 4509
O2[m], O=O, 4513
O2[s], O=O, 4520
OAA[c], C(C(O)=O)C(=O)C(O)=O, 4524
OAA[m], C(C(O)=O)C(=O)C(O)=O, 4525
octanoyl-[ACP][c], CCCCCCCC(=O)S, 4551
oleate[c], C(=CCCCCCCCC)CCCCCCCC(O)=O, 4556
oleoyl-CoA[c], O[C@@](C(=O)NCCC(=O)NCCSC(=O)CCCCCCCC=CCCCCCCCC)C(C)(C)COP(O)(=O)OP(O)(=O)OC[C@@]1O[C@@](N2C=NC3=C(N=CN=C23)N)[C@](O)[C@]1OP(O)(O)=O, 4560
ornithine[c], NCCC[C@@](C(O)=O)N, 4581
ornithine[m], NCCC[C@@](C(O)=O)N, 4582
ornithine[s], NCCC[C@@](C(O)=O)N, 4583
orotate[c], N1C(=O)NC(=CC1=O)C(O)=O, 4584
orotidine-5-phosphate[c], O[C@@]1[C@@](O[C@](COP(O)(O)=O)[C@@]1O)N1C(=O)NC(=O)C=C1C(O)=O, 4586
oxidized thioredoxin[c], O=CC1CSSCCC(=O)N1, 4598
oxidized thioredoxin[m], O=CC1CSSCCC(=O)N1, 4599
palmitate[c], CCCCCCCCCCCCCCCC(=O)O, 4611
palmitoyl-CoA[c], O[C@@](C(=O)NCCC(=O)NCCSC(=O)CCCCCCCCCCCCCCC)C(C)(C)COP(O)(=O)OP(O)(=O)OC[C@@]1O[C@@](N2C=NC3=C(N=CN=C23)N)[C@](O)[C@]1OP(O)(O)=O, 4627
pantothenate[c], OCC(C)(C)C(O)C(=O)NCCC(O)=O, 4633
pantothenate[s], OCC(C)(C)C(O)C(=O)NCCC(O)=O, 4634
PAP[c], O[C@@]1[C@@](O[C@](COP(O)(O)=O)[C@@]1OP(O)(O)=O)N1C=NC2=C(N=CN=C12)N, 4635
PAP[g], O[C@@]1[C@@](O[C@](COP(O)(O)=O)[C@@]1OP(O)(O)=O)N1C=NC2=C(N=CN=C12)N, 4636
PAPS[c], O[C@@]1[C@@](O[C@](COP(O)(=O)OS(O)(=O)=O)[C@@]1OP(O)(O)=O)N1C=NC2=C(N=CN=C12)N, 4638
PAPS[g], O[C@@]1[C@@](O[C@](COP(O)(=O)OS(O)(=O)=O)[C@@]1OP(O)(O)=O)N1C=NC2=C(N=CN=C12)N, 4639
PE-LD pool[c], O(P(=O)(OCCN)O)CC(OC=O)COC=O, 4634
pentadecanoyl-[ACP][c], CCCCCCCCCCCCCCC(=O)S, 4654
pentadecylic acid[c], CCCCCCCCCCCCCCC(O)=O, 4661
pentanoyl-[ACP][c], CCCCC(=O)S, 4673
PEP[c], C=C(OP(O)(O)=O)C(O)=O, 4677
phenylalanine[c], C1=CC=C(C=C1)C[C@@](C(O)=O)N, 4714
phenylalanine[s], C1=CC=C(C=C1)C[C@@](C(O)=O)N, 4717
phenylpyruvate[c], OC(=O)C(=O)Cc1ccccc1, 4718
phosphopantetheine[c], OC(C(=O)NCCC(=O)NCCS)C(C)(C)COP(O)(O)=O, 4743
Pi[c], OP(O)(O)=O, 4764
Pi[g], OP(O)(O)=O, 4765
Pi[m], OP(O)(O)=O, 4767
Pi[r], OP(O)(O)=O, 4770
Pi[s], OP(O)(O)=O, 4771
PPi[c], OP(O)(=O)OP(O)(O)=O, 4784
PPi[n], OP(O)(=O)OP(O)(O)=O, 4786
PPi[r], OP(O)(=O)OP(O)(O)=O, 4788
presqualene-PP[c], C(=C(C)C)CCC(=CCCC(=C[C@@]1[C@](COP(O)(=O)OP(O)(O)=O)[C@@]1(C)CCC=C(/C)CCC=C(C)C)C)C, 4797
proline[c], C1CN[C@](C(O)=O)C1, 4805
proline[m], C1CN[C@](C(O)=O)C1, 4807
proline[s], C1CN[C@](C(O)=O)C1, 4808
propanoyl-[ACP][m], CCC(=O)S, 4814
propanoyl-CoA[c], O[C@@](C(=O)NCCC(=O)NCCSC(=O)CC)C(C)(C)COP(O)(=O)OP(O)(=O)OC[C@@]1O[C@@](N2C=NC3=C(N=CN=C23)N)[C@](O)[C@]1OP(O)(O)=O, 4815
propanoyl-CoA[m], O[C@@](C(=O)NCCC(=O)NCCSC(=O)CC)C(C)(C)COP(O)(=O)OP(O)(=O)OC[C@@]1O[C@@](N2C=NC3=C(N=CN=C23)N)[C@](O)[C@]1OP(O)(O)=O, 4816
provitamin D3[c], O[C@]1CC2=CC=C3[C@]4CC[C@]([C@](C)CCCC(C)C)[C@@]4(C)CC[C@]3[C@@]2(C)CC1, 4880
PRPP[c], O[C@@]1[C@@](OP(O)(=O)OP(O)(O)=O)O[C@](COP(O)(O)=O)[C@@]1O, 4881
PS-LD pool[c], C(C(COP(=O)(OC[C@@](C(=O)O)N)O)OC(=O))OC(=O), 4884
pyruvate[c], CC(=O)C(O)=O, 4905
pyruvate[m], CC(=O)C(O)=O, 4906
pyruvate[s], CC(=O)C(O)=O, 4908
retinoate[c], C(=CC(=CC(O)=O)C)/C=C(/C=CC1=C(C)CCCC1(C)C)C, 4927
retinoate[s], C(=CC(=CC(O)=O)C)/C=C(/C=CC1=C(C)CCCC1(C)C)C, 4929
ribose-1-phosphate[c], OC[C@@]1O[C@](OP(O)(O)=O)[C@](O)[C@]1O, 4949
ribose-5-phosphate[c], O[C@@]1O[C@](COP(O)(O)=O)[C@@](O)[C@@]1O, 4950
ribulose-5-phosphate[c], OCC(=O)[C@](O)[C@](O)COP(O)(O)=O, 4952
saccharopine[m], N[C@](C(O)=O)CCCCN[C@](C(O)=O)CCC(O)=O, 4975
SAH[c], O[C@@]1[C@@](O[C@](CSCC[C@@](C(O)=O)N)[C@@]1O)N1C=NC2=C(N=CN=C12)N, 4978
SAICAR[c], O[C@@]1[C@@](O[C@](COP(O)(O)=O)[C@@]1O)N1C=NC(C(=O)NC(C(O)=O)CC(O)=O)=C1N, 4982
SAM[c], O[C@@]1[C@@](O[C@](C[S+](C)CC[C@@](C([O-])=O)N)[C@@]1O)N1C=NC2=C(N=CN=C12)N, 4987
sedoheptulose-7-phosphate[c], OCC(=O)[C@@](O)[C@](O)[C@](O)[C@](O)COP(O)(O)=O, 5002
serine[c], OC[C@@](C(O)=O)N, 5015
serine[m], OC[C@@](C(O)=O)N, 5017
serine[s], OC[C@@](C(O)=O)N, 5019
serotonin[c], OC1=CC=C2NC=C(C2=C1)CCN, 5020
serotonin[s], OC1=CC=C2NC=C(C2=C1)CCN, 5021
sn-glycerol-3-phosphate[c], OC[C@@](O)COP(O)(O)=O, 5050
"squalene 2,3-oxide[c]", C(=C(C)C)CCC(=CCCC(=CCCC=C(C)CCC=C(C)CC[C@]1OC1(C)C)C)C, 5094
squalene[c], C(=C(C)C)CCC(=CCCC(=CCCC=C(/C)CCC=C(/C)CCC=C(C)C)C)C, 5095
stearate[c], C(CCCCCCCCCC)CCCCCCC(=O)O, 5102
stearoyl-CoA[c], O[C@@](C(=O)NCCC(=O)NCCSC(=O)CCCCCCCCCCCCCCCCC)C(C)(C)COP(O)(=O)OP(O)(=O)OC[C@@]1O[C@@](N2C=NC3=C(N=CN=C23)N)[C@](O)[C@]1OP(O)(O)=O, 5113
succinate[m], C(C(O)=O)CC(O)=O, 5118
succinyl-CoA[m], O[C@@](C(=O)NCCC(=O)NCCSC(=O)CCC(O)=O)C(C)(C)COP(O)(=O)OP(O)(=O)OC[C@@]1O[C@@](N2C=NC3=C(N=CN=C23)N)[C@](O)[C@]1OP(O)(O)=O, 5122
sulfate[c], [O]S(=O)(=O)[O], 5125
sulfate[s], [O]S(=O)(=O)[O], 5129
sulfite[c], [O]S(=O)[O], 5134
taurine[c], NCCS(O)(=O)=O, 5153
taurine[s], NCCS(O)(=O)=O, 5155
tetradecanoyl-[ACP][c], CCCCCCCCCCCCCC(=O)S, 5182
tetrahydrobiopterin[c], OC(C)C(O)C1NC2=C(N=C(N)NC2=O)NC1, 5197
THF[c], OC1=NC(=NC2=C1NC(CNC1=CC=C(C=C1)C(=O)NC(C(O)=O)CCC(O)=O)CN2)N, 5200
THF[m], OC1=NC(=NC2=C1NC(CNC1=CC=C(C=C1)C(=O)NC(C(O)=O)CCC(O)=O)CN2)N, 5202
thioredoxin[c], O=CC(CS)NC(=O)CCS, 5220
thioredoxin[m], O=CC(CS)NC(=O)CCS, 5221
threonine[c], O[C@](C)[C@@](C(O)=O)N, 5227
threonine[s], O[C@](C)[C@@](C(O)=O)N, 5230
tiglyl-CoA[m], O[C@@](C(=O)NCCC(=O)NCCSC(=O)C(=CC)C)C(C)(C)COP(O)(=O)OP(O)(=O)OC[C@@]1O[C@@](N2C=NC3=C(N=CN=C23)N)[C@](O)[C@]1OP(O)(O)=O, 5247
tridecanoyl-[ACP][c], CCCCCCCCCCCCC(=O)S, 5330
tryptophan[c], N1C=C(C2=CC=CC=C12)C[C@@](C(O)=O)N, 5384
tryptophan[s], N1C=C(C2=CC=CC=C12)C[C@@](C(O)=O)N, 5386
tyrosine[c], OC1=CC=C(C=C1)C[C@@](C(O)=O)N, 5406
tyrosine[s], OC1=CC=C(C=C1)C[C@@](C(O)=O)N, 5409
ubiquinol[m], OC1=C(OC)C(OC)=C(O)C(=C1C)CC=C(/C)CCC=C(/C)CCC=C(/C)CCC=C(/C)CCC=C(/C)CCC=C(/C)CCC=C(/C)CCC=C(/C)CCC=C(/C)CCC=C(C)C, 5410
ubiquinone[m], C(=C(C)C)CCC(=CCCC(=CCCC(=CCCC(=CCCC(=CCCC(=CCCC(=CCCC(=CCCC(=CCC1=C(C(=O)C(OC)=C(OC)C1=O)C)C)C)C)C)C)C)C)C)C, 5411
UDP[c], O[C@@]1[C@@](O[C@](COP(O)(=O)OP(O)(O)=O)[C@@]1O)N1C=CC(=O)NC1=O, 5414
UDP[g], O[C@@]1[C@@](O[C@](COP(O)(=O)OP(O)(O)=O)[C@@]1O)N1C=CC(=O)NC1=O, 5415
UDP-glucose[c], OC[C@@]1O[C@](OP(O)(=O)OP(O)(=O)OC[C@@]2O[C@@](N3C=CC(=O)NC3=O)[C@](O)[C@]2O)[C@](O)[C@@](O)[C@]1O, 5424
UDP-glucuronate[c], O[C@@]1[C@@](O[C@](COP(O)(=O)OP(O)(=O)O[C@@]2O[C@](C(O)=O)[C@@](O)[C@](O)[C@@]2O)[C@@]1O)N1C=CC(=O)NC1=O, 5427
UDP-glucuronate[g], O[C@@]1[C@@](O[C@](COP(O)(=O)OP(O)(=O)O[C@@]2O[C@](C(O)=O)[C@@](O)[C@](O)[C@@]2O)[C@@]1O)N1C=CC(=O)NC1=O, 5428
UDP-N-acetylglucosamine[c], OC[C@@]1O[C@](OP(O)(=O)OP(O)(=O)OC[C@@]2O[C@@](N3C=CC(=O)NC3=O)[C@](O)[C@]2O)[C@](NC(=O)C)[C@@](O)[C@]1O, 5434
UDP-N-acetylglucosamine[g], OC[C@@]1O[C@](OP(O)(=O)OP(O)(=O)OC[C@@]2O[C@@](N3C=CC(=O)NC3=O)[C@](O)[C@]2O)[C@](NC(=O)C)[C@@](O)[C@]1O, 5435
UMP[c], O[C@@]1[C@@](O[C@](COP(O)(O)=O)[C@@]1O)N1C=CC(=O)NC1=O, 5442
UMP[g], O[C@@]1[C@@](O[C@](COP(O)(O)=O)[C@@]1O)N1C=CC(=O)NC1=O, 5443
undecanoyl-[ACP][c], CCCCCCCCCCC(=O)S, 5449
urate[c], N1C(=O)NC2=C1NC(=O)NC2=O, 5457
urate[s], N1C(=O)NC2=C1NC(=O)NC2=O, 5459
urea[c], NC(=O)N, 5460
urea[m], NC(=O)N, 5461
urea[s], NC(=O)N, 5462
urocanate[c], N1C=NC(C=CC(O)=O)=C1, 5469
UTP[c], O[C@@]1[C@@](O[C@](COP(O)(=O)OP(O)(=O)OP(O)(O)=O)[C@@]1O)N1C=CC(=O)NC1=O, 5476
UTP[m], O[C@@]1[C@@](O[C@](COP(O)(=O)OP(O)(=O)OP(O)(O)=O)[C@@]1O)N1C=CC(=O)NC1=O, 5477
valine[c], CC(C)[C@@](C(O)=O)N, 5487
valine[s], CC(C)[C@@](C(O)=O)N, 5490
xanthosine-5-phosphate[c], O[C@@]1[C@@](O[C@](COP(O)(O)=O)[C@@]1O)N1C=NC2=C1NC(=O)NC2=O, 5512
zymosterol[c], O[C@@]1CC[C@@]2(C3=C(CC[C@@]2C1)[C@]1CC[C@]([C@](C)CCC=C(C)C)[C@@]1(C)CC3)C, 5530
glycogen[c], CC1OC(O)C(O)C(O)C1O, 5533
human_protein_pool, R, 6004
human_growthMaintainance, R, 6005
biomass[c], R, 6006
biomass[x], R, 6007
human_RNAPool, R, 6009
human_DNAPool, R, 6010
phosphatidate, R, 6011
CDP-diacylglycerol, R, 6012
phosphatidylserine, R, 6013
phosphatidylcholine, R, 6014
phosphatidylethanolamine, R, 6015
phosphatidylPool, R, 6016
fattyAcidPool, R, 6017
metabolitePool, R, 6018
phosphatidylinositol, R, 6019
heparan sulfate, R, 0
heparan sulfate, R, 0
S-Sulfanylglutathione, C(CC(=O)NC(CSS)C(=O)NCC(=O)O)C(C(=O)O)N, 0
