"(432, 5, 1, 133)","(366, 5)"
"(139, 6, 1, 141)","(33, 4)"
"(341, 4, 1, 167)","(238, 4)"
"(387, 2, 1, 161)","(466, 2)"
"(432, 5, 1, 241)","(366, 5)"
"(459, 3, 1, 288)","(95, 3)"
"(459, 3, 1, 461)","(95, 3)"
"(95, 3, 1, 573)","(459, 3)"
"(387, 5, 1, 233)","(133, 5)"
"(136, 3, 1, 78)","(271, 2)"
"(387, 4, 1, 320)","(33, 2)"
"(39, 1, 1, 226)","(151, 1)"
"(432, 4, 1, 570)","(366, 4)"
"(238, 4, 1, 173)","(341, 4)"
"(459, 7, 1, 381)","(95, 7)"
"(95, 4, 1, 503)","(459, 4)"
"(238, 6, 1, 580)","(341, 6)"
"(459, 3, 1, 5)","(95, 3)"
"(387, 1, 1, 363)","(74, 1)"
"(202, 1, 1, 404)","(70, 1)"
"(60, 4, 1, 471)","(389, 4)"
"(432, 2, 1, 49)","(366, 2)"
"(95, 4, 1, 535)","(459, 4)"
"(459, 3, 1, 339)","(95, 3)"
"(95, 3, 1, 557)","(459, 3)"
"(341, 2, 1, 220)","(238, 2)"
"(325, 1, 1, 209)","(315, 1)"
"(333, 3, 1, 487)","(305, 3)"
"(186, 3, 1, 88)","(38, 3)"
"(432, 4, 1, 576)","(366, 4)"
"(387, 6, 1, 387)","(178, 6)"
"(444, 1, 1, 444)","(93, 1)"
"(95, 3, 1, 216)","(459, 3)"
"(494, 1, 1, 279)","(147, 1)"
"(459, 1, 1, 229)","(95, 1)"
"(359, 4, 1, 509)","(227, 4)"
"(10, 1, 1, 529)","(136, 8)"
"(59, 6, 1, 97)","(33, 6)"
"(392, 3, 1, 96)","(346, 3)"
"(459, 2, 1, 461)","(95, 2)"
"(387, 4, 1, 21)","(33, 2)"
"(93, 1, 1, 107)","(405, 2)"
"(459, 2, 1, 288)","(95, 2)"
"(341, 2, 1, 60)","(238, 2)"
"(432, 5, 1, 15)","(196, 5)"
"(458, 3, 1, 497)","(452, 3)"
"(432, 1, 1, 40)","(366, 1)"
"(494, 5, 1, 584)","(492, 5)"
"(95, 1, 1, 282)","(459, 1)"
"(157, 4, 1, 155)","(159, 4)"
"(432, 3, 1, 104)","(366, 3)"
"(432, 3, 1, 524)","(366, 3)"
"(136, 2, 1, 78)","(271, 1)"
"(95, 2, 1, 573)","(459, 2)"
"(464, 4, 1, 266)","(37, 2)"
"(432, 3, 1, 338)","(366, 3)"
"(141, 1, 1, 41)","(216, 1)"
"(387, 6, 1, 363)","(74, 6)"
"(341, 1, 1, 230)","(238, 1)"
"(459, 2, 1, 5)","(95, 2)"
"(387, 3, 1, 141)","(113, 3)"
"(87, 3, 1, 447)","(31, 3)"
"(459, 2, 1, 339)","(95, 2)"
"(493, 3, 1, 34)","(108, 2)"
"(432, 3, 1, 208)","(366, 3)"
"(333, 2, 1, 487)","(305, 2)"
"(95, 2, 1, 557)","(459, 2)"
"(186, 2, 1, 88)","(38, 2)"
"(494, 6, 1, 279)","(498, 3)"
"(459, 6, 1, 229)","(95, 6)"
"(130, 1, 1, 378)","(29, 2)"
"(213, 2, 1, 432)","(490, 1)"
"(210, 2, 1, 331)","(424, 2)"
"(537, 1, 1, 82)","(163, 1)"
"(213, 2, 1, 107)","(490, 1)"
"(95, 2, 1, 216)","(459, 2)"
"(341, 7, 1, 147)","(238, 7)"
"(341, 1, 1, 433)","(238, 1)"
"(432, 1, 1, 424)","(366, 1)"
"(432, 3, 1, 457)","(366, 3)"
"(432, 1, 1, 50)","(366, 1)"
"(432, 4, 1, 126)","(366, 4)"
"(432, 4, 1, 443)","(366, 4)"
"(392, 2, 1, 96)","(346, 2)"
"(432, 1, 1, 210)","(366, 1)"
"(341, 7, 1, 250)","(238, 7)"
"(75, 7, 1, 204)","(48, 7)"
"(95, 6, 1, 282)","(459, 6)"
"(432, 1, 1, 311)","(366, 1)"
"(458, 2, 1, 497)","(452, 2)"
"(459, 3, 1, 232)","(95, 3)"
"(33, 4, 1, 272)","(387, 6)"
"(432, 2, 1, 104)","(366, 2)"
"(27, 1, 1, 297)","(191, 1)"
"(432, 1, 1, 523)","(168, 1)"
"(432, 2, 1, 524)","(366, 2)"
"(140, 4, 1, 55)","(522, 2)"
"(341, 6, 1, 230)","(238, 6)"
"(432, 2, 1, 338)","(366, 2)"
"(112, 1, 1, 399)","(181, 1)"
"(387, 5, 1, 407)","(33, 3)"
"(262, 3, 1, 506)","(51, 3)"
"(437, 1, 1, 400)","(237, 1)"
"(387, 2, 1, 141)","(113, 2)"
"(432, 3, 1, 453)","(366, 3)"
"(341, 4, 1, 564)","(238, 4)"
"(87, 2, 1, 447)","(31, 2)"
"(432, 4, 1, 131)","(366, 4)"
"(432, 1, 1, 133)","(366, 1)"
"(490, 1, 1, 137)","(115, 6)"
"(432, 1, 1, 241)","(366, 1)"
"(493, 2, 1, 34)","(108, 4)"
"(432, 2, 1, 208)","(366, 2)"
"(341, 6, 1, 433)","(238, 6)"
"(60, 5, 1, 455)","(450, 1)"
"(437, 1, 1, 576)","(237, 1)"
"(387, 1, 1, 233)","(133, 1)"
"(475, 3, 1, 465)","(177, 3)"
"(432, 2, 1, 457)","(366, 2)"
"(432, 3, 1, 445)","(196, 3)"
"(331, 3, 2, 102)","(329, 4)"
"(238, 4, 1, 157)","(341, 4)"
"(432, 5, 1, 122)","(196, 5)"
"(432, 3, 1, 298)","(366, 3)"
"(4, 1, 1, 166)","(286, 1)"
"(27, 6, 1, 297)","(191, 6)"
"(341, 5, 1, 306)","(238, 5)"
"(459, 2, 1, 232)","(95, 2)"
"(544, 1, 1, 460)","(63, 1)"
"(387, 3, 1, 77)","(33, 1)"
"(86, 1, 2, 237)","(10, 2)"
"(432, 3, 1, 270)","(366, 3)"
"(262, 2, 1, 506)","(51, 2)"
"(283, 4, 1, 216)","(58, 1)"
"(216, 2, 1, 186)","(230, 2)"
"(46, 3, 1, 288)","(106, 3)"
"(432, 2, 1, 453)","(366, 2)"
"(387, 7, 1, 46)","(381, 5)"
"(132, 7, 1, 596)","(370, 7)"
"(432, 4, 1, 378)","(366, 4)"
"(494, 1, 1, 584)","(492, 1)"
"(432, 3, 1, 259)","(366, 3)"
"(432, 1, 1, 15)","(196, 1)"
"(387, 6, 1, 233)","(133, 6)"
"(523, 5, 1, 161)","(33, 3)"
"(494, 3, 2, 191)","(498, 4)"
"(412, 1, 1, 213)","(20, 2)"
"(475, 2, 1, 465)","(177, 2)"
"(5, 3, 1, 347)","(196, 3)"
"(345, 3, 1, 489)","(329, 3)"
"(490, 1, 1, 231)","(399, 1)"
"(546, 3, 1, 98)","(221, 3)"
"(432, 2, 1, 445)","(196, 2)"
"(331, 2, 2, 102)","(329, 3)"
"(180, 1, 1, 530)","(518, 2)"
"(432, 2, 1, 298)","(366, 2)"
"(229, 3, 1, 89)","(91, 3)"
"(33, 5, 1, 147)","(387, 7)"
"(95, 4, 1, 592)","(459, 4)"
"(525, 1, 1, 200)","(394, 6)"
"(238, 3, 1, 397)","(341, 3)"
"(387, 2, 1, 77)","(33, 6)"
"(432, 2, 1, 270)","(366, 2)"
"(293, 3, 1, 520)","(94, 3)"
"(45, 3, 1, 531)","(540, 3)"
"(46, 2, 1, 288)","(106, 2)"
"(494, 6, 1, 584)","(492, 6)"
"(284, 3, 1, 363)","(33, 1)"
"(254, 4, 1, 371)","(406, 4)"
"(144, 1, 1, 556)","(157, 1)"
"(106, 4, 1, 28)","(42, 4)"
"(341, 7, 1, 244)","(238, 7)"
"(432, 2, 1, 259)","(366, 2)"
"(432, 5, 1, 280)","(354, 5)"
"(95, 5, 1, 448)","(459, 5)"
"(107, 1, 1, 160)","(490, 1)"
"(267, 1, 1, 155)","(159, 5)"
"(494, 2, 2, 191)","(498, 5)"
"(387, 5, 1, 142)","(33, 3)"
"(432, 4, 1, 29)","(366, 4)"
"(91, 3, 1, 287)","(214, 2)"
"(5, 2, 1, 347)","(196, 2)"
"(248, 1, 1, 109)","(465, 1)"
"(341, 3, 1, 354)","(238, 3)"
"(546, 2, 1, 98)","(221, 2)"
"(387, 1, 1, 407)","(33, 7)"
"(370, 5, 1, 38)","(139, 5)"
"(288, 2, 1, 66)","(164, 2)"
"(345, 2, 1, 489)","(329, 2)"
"(238, 7, 1, 2)","(341, 7)"
"(486, 7, 1, 20)","(33, 7)"
"(459, 5, 1, 73)","(95, 5)"
"(227, 3, 1, 516)","(108, 3)"
"(229, 2, 1, 89)","(91, 2)"
"(416, 1, 1, 35)","(309, 1)"
"(131, 3, 1, 452)","(272, 3)"
"(60, 1, 1, 455)","(450, 3)"
"(238, 2, 1, 397)","(341, 2)"
"(293, 2, 1, 520)","(94, 2)"
"(459, 5, 1, 381)","(95, 5)"
"(238, 3, 1, 373)","(341, 3)"
"(526, 1, 1, 12)","(183, 1)"
"(45, 2, 1, 531)","(540, 2)"
"(33, 3, 1, 278)","(59, 3)"
"(284, 2, 1, 363)","(33, 6)"
"(492, 5, 1, 545)","(140, 4)"
"(432, 1, 1, 122)","(196, 1)"
"(432, 3, 1, 170)","(366, 3)"
"(341, 1, 1, 306)","(238, 1)"
"(387, 7, 1, 123)","(33, 5)"
"(167, 1, 1, 247)","(309, 1)"
"(387, 6, 1, 407)","(33, 4)"
"(498, 4, 1, 361)","(522, 5)"
"(432, 3, 1, 501)","(366, 3)"
"(91, 2, 1, 287)","(214, 4)"
"(361, 2, 1, 188)","(456, 2)"
"(341, 2, 1, 354)","(238, 2)"
"(317, 3, 1, 159)","(33, 1)"
"(391, 1, 1, 21)","(313, 1)"
"(272, 4, 1, 502)","(131, 4)"
"(432, 5, 1, 177)","(196, 5)"
"(337, 4, 1, 310)","(73, 4)"
"(227, 2, 1, 516)","(108, 2)"
"(95, 7, 1, 302)","(459, 7)"
"(131, 2, 1, 452)","(272, 2)"
"(523, 1, 1, 161)","(33, 7)"
"(285, 1, 1, 316)","(66, 1)"
"(223, 1, 1, 392)","(444, 2)"
"(238, 2, 1, 373)","(341, 2)"
"(545, 4, 1, 282)","(345, 4)"
"(33, 2, 1, 278)","(59, 2)"
"(335, 3, 1, 350)","(111, 3)"
"(432, 3, 1, 237)","(366, 3)"
"(341, 6, 1, 306)","(238, 6)"
"(432, 3, 1, 529)","(366, 3)"
"(159, 3, 1, 103)","(201, 3)"
"(33, 1, 1, 147)","(387, 3)"
"(432, 2, 1, 170)","(366, 2)"
"(459, 7, 1, 258)","(95, 7)"
"(341, 7, 1, 51)","(238, 7)"
"(341, 4, 1, 48)","(238, 4)"
"(432, 2, 1, 501)","(366, 2)"
"(341, 5, 1, 147)","(238, 5)"
"(432, 3, 1, 568)","(366, 3)"
"(317, 2, 1, 159)","(33, 6)"
"(238, 3, 1, 447)","(341, 3)"
"(410, 1, 1, 127)","(391, 1)"
"(341, 5, 1, 250)","(238, 5)"
"(75, 5, 1, 204)","(48, 5)"
"(432, 5, 1, 293)","(366, 5)"
"(79, 4, 1, 62)","(359, 4)"
"(523, 6, 1, 161)","(33, 4)"
"(432, 4, 1, 255)","(366, 4)"
"(432, 1, 1, 280)","(354, 1)"
"(341, 7, 1, 319)","(238, 7)"
"(432, 5, 1, 377)","(366, 5)"
"(95, 1, 1, 448)","(459, 1)"
"(54, 3, 1, 443)","(458, 3)"
"(387, 1, 1, 142)","(33, 7)"
"(370, 1, 1, 38)","(139, 1)"
"(335, 2, 1, 350)","(111, 2)"
"(33, 6, 1, 147)","(387, 2)"
"(432, 2, 1, 237)","(366, 2)"
"(459, 1, 1, 73)","(95, 1)"
"(524, 1, 1, 311)","(360, 1)"
"(159, 2, 1, 103)","(201, 2)"
"(275, 3, 1, 191)","(55, 3)"
"(432, 2, 1, 529)","(366, 2)"
"(187, 2, 1, 190)","(271, 1)"
"(487, 4, 1, 514)","(493, 3)"
"(432, 5, 2, 562)","(366, 5)"
"(387, 7, 1, 182)","(33, 5)"
"(432, 3, 1, 235)","(366, 3)"
"(453, 1, 1, 472)","(321, 1)"
"(521, 3, 1, 87)","(545, 1)"
"(98, 3, 1, 366)","(196, 3)"
"(432, 2, 1, 568)","(366, 2)"
"(459, 1, 1, 381)","(95, 1)"
"(354, 3, 1, 355)","(68, 3)"
"(46, 3, 1, 337)","(45, 3)"
"(238, 2, 1, 447)","(341, 2)"
"(45, 4, 1, 298)","(42, 4)"
"(95, 6, 1, 448)","(459, 6)"
"(492, 1, 1, 545)","(351, 3)"
"(238, 3, 1, 585)","(341, 3)"
"(309, 1, 1, 445)","(341, 1)"
"(491, 3, 1, 48)","(305, 3)"
"(387, 6, 1, 142)","(33, 4)"
"(238, 4, 1, 450)","(132, 4)"
"(54, 2, 1, 443)","(458, 2)"
"(432, 5, 1, 69)","(366, 5)"
"(310, 3, 1, 16)","(251, 3)"
"(370, 6, 1, 38)","(139, 6)"
"(520, 2, 1, 103)","(201, 7)"
"(197, 3, 1, 378)","(29, 4)"
"(346, 3, 1, 467)","(245, 3)"
"(459, 6, 1, 73)","(95, 6)"
"(341, 4, 1, 81)","(238, 4)"
"(432, 5, 1, 93)","(366, 5)"
"(387, 5, 1, 46)","(381, 3)"
"(432, 1, 1, 177)","(196, 1)"
"(132, 5, 1, 596)","(370, 5)"
"(275, 2, 1, 191)","(55, 2)"
"(432, 5, 1, 206)","(366, 5)"
"(432, 3, 1, 589)","(366, 3)"
"(458, 4, 1, 1)","(521, 4)"
"(432, 3, 1, 342)","(366, 3)"
"(459, 6, 1, 381)","(95, 6)"
"(432, 2, 1, 235)","(366, 2)"
"(532, 1, 1, 359)","(225, 1)"
"(521, 2, 1, 87)","(545, 4)"
"(98, 2, 1, 366)","(196, 2)"
"(354, 2, 1, 355)","(68, 2)"
"(46, 2, 1, 337)","(45, 2)"
"(374, 1, 1, 357)","(506, 2)"
"(115, 4, 1, 202)","(45, 4)"
"(341, 3, 2, 433)","(238, 3)"
"(390, 7, 1, 124)","(251, 7)"
"(492, 6, 1, 545)","(140, 5)"
"(432, 3, 1, 214)","(494, 6)"
"(238, 2, 1, 585)","(341, 2)"
"(238, 7, 1, 382)","(341, 7)"
"(335, 3, 1, 492)","(277, 3)"
"(491, 2, 1, 48)","(305, 2)"
"(373, 2, 1, 570)","(203, 2)"
"(271, 2, 1, 377)","(340, 2)"
"(310, 2, 1, 16)","(251, 2)"
"(197, 2, 1, 378)","(29, 3)"
"(341, 1, 1, 147)","(238, 1)"
"(522, 4, 1, 91)","(196, 5)"
"(439, 3, 1, 430)","(425, 3)"
"(346, 2, 1, 467)","(245, 2)"
"(484, 3, 1, 255)","(33, 3)"
"(173, 3, 1, 485)","(323, 3)"
"(432, 1, 1, 293)","(366, 1)"
"(341, 1, 1, 250)","(238, 1)"
"(75, 1, 1, 204)","(48, 1)"
"(415, 1, 1, 290)","(358, 2)"
"(341, 5, 1, 244)","(238, 5)"
"(432, 2, 1, 589)","(366, 2)"
"(432, 1, 1, 377)","(366, 1)"
"(466, 7, 1, 450)","(341, 7)"
"(432, 2, 1, 342)","(366, 2)"
"(432, 3, 1, 541)","(366, 3)"
"(458, 5, 1, 192)","(54, 5)"
"(174, 5, 1, 199)","(304, 5)"
"(341, 2, 2, 433)","(238, 2)"
"(213, 1, 1, 438)","(276, 1)"
"(432, 2, 1, 214)","(494, 5)"
"(238, 5, 1, 2)","(341, 5)"
"(486, 5, 1, 20)","(33, 5)"
"(341, 3, 1, 376)","(238, 3)"
"(260, 2, 1, 499)","(520, 2)"
"(73, 3, 1, 72)","(79, 3)"
"(432, 3, 1, 435)","(366, 3)"
"(335, 2, 1, 492)","(277, 2)"
"(238, 3, 1, 439)","(341, 3)"
"(134, 3, 1, 69)","(261, 3)"
"(341, 6, 1, 147)","(238, 6)"
"(341, 7, 1, 125)","(238, 7)"
"(432, 4, 1, 266)","(196, 4)"
"(133, 4, 1, 479)","(75, 4)"
"(501, 7, 1, 80)","(177, 7)"
"(425, 7, 1, 157)","(523, 7)"
"(432, 5, 1, 54)","(366, 5)"
"(432, 1, 2, 562)","(366, 1)"
"(130, 1, 1, 165)","(290, 2)"
"(95, 4, 1, 296)","(459, 4)"
"(341, 6, 1, 250)","(238, 6)"
"(75, 6, 1, 204)","(48, 6)"
"(484, 2, 1, 255)","(33, 2)"
"(341, 7, 1, 167)","(238, 7)"
"(432, 5, 1, 309)","(366, 5)"
"(439, 2, 1, 430)","(425, 2)"
"(173, 2, 1, 485)","(323, 2)"
"(432, 3, 1, 567)","(196, 3)"
"(432, 4, 1, 43)","(366, 4)"
"(432, 5, 1, 183)","(196, 5)"
"(432, 3, 1, 137)","(366, 3)"
"(34, 2, 1, 495)","(490, 1)"
"(394, 5, 1, 445)","(341, 3)"
"(387, 7, 1, 320)","(33, 5)"
"(366, 4, 1, 57)","(432, 4)"
"(387, 5, 1, 123)","(33, 3)"
"(238, 7, 1, 173)","(341, 7)"
"(349, 1, 1, 246)","(202, 2)"
"(350, 1, 1, 276)","(479, 1)"
"(341, 4, 1, 465)","(238, 4)"
"(432, 1, 1, 69)","(366, 1)"
"(323, 4, 1, 434)","(522, 5)"
"(95, 7, 1, 503)","(459, 7)"
"(432, 5, 1, 283)","(78, 5)"
"(432, 2, 1, 541)","(366, 2)"
"(215, 1, 1, 317)","(335, 1)"
"(432, 5, 1, 260)","(366, 5)"
"(458, 4, 1, 145)","(54, 4)"
"(23, 1, 1, 140)","(86, 1)"
"(341, 3, 1, 90)","(459, 3)"
"(341, 4, 1, 296)","(238, 4)"
"(95, 7, 1, 535)","(459, 7)"
"(432, 1, 1, 93)","(366, 1)"
"(459, 3, 1, 26)","(95, 3)"
"(387, 1, 1, 46)","(381, 7)"
"(341, 2, 1, 376)","(238, 2)"
"(95, 5, 1, 302)","(459, 5)"
"(432, 3, 1, 432)","(196, 3)"
"(73, 2, 1, 72)","(79, 2)"
"(432, 3, 1, 107)","(366, 3)"
"(432, 1, 1, 206)","(366, 1)"
"(432, 2, 1, 435)","(366, 2)"
"(198, 1, 1, 546)","(264, 1)"
"(37, 4, 1, 573)","(493, 4)"
"(238, 2, 1, 439)","(341, 2)"
"(134, 2, 1, 69)","(261, 2)"
"(132, 1, 1, 596)","(370, 1)"
"(344, 4, 1, 336)","(25, 2)"
"(529, 1, 1, 51)","(285, 1)"
"(432, 4, 1, 391)","(366, 4)"
"(387, 7, 1, 21)","(33, 5)"
"(432, 3, 1, 239)","(366, 3)"
"(432, 4, 1, 261)","(366, 4)"
"(432, 2, 1, 567)","(196, 2)"
"(284, 3, 1, 319)","(191, 3)"
"(432, 2, 1, 137)","(366, 2)"
"(459, 5, 1, 258)","(95, 5)"
"(63, 1, 1, 315)","(462, 1)"
"(341, 5, 1, 51)","(238, 5)"
"(401, 4, 1, 111)","(91, 4)"
"(506, 2, 1, 153)","(169, 2)"
"(432, 3, 1, 188)","(366, 3)"
"(389, 3, 1, 187)","(174, 3)"
"(387, 6, 1, 46)","(381, 4)"
"(238, 3, 1, 522)","(341, 3)"
"(341, 2, 1, 90)","(459, 2)"
"(51, 3, 1, 10)","(344, 3)"
"(132, 6, 1, 596)","(370, 6)"
"(459, 2, 1, 26)","(95, 2)"
"(238, 4, 1, 221)","(341, 4)"
"(432, 2, 1, 432)","(196, 2)"
"(238, 3, 1, 468)","(341, 3)"
"(514, 1, 1, 572)","(484, 6)"
"(432, 2, 1, 107)","(366, 2)"
"(432, 3, 1, 179)","(366, 3)"
"(341, 1, 1, 244)","(238, 1)"
"(341, 5, 1, 319)","(238, 5)"
"(295, 1, 1, 423)","(309, 1)"
"(393, 1, 1, 43)","(218, 1)"
"(164, 2, 1, 251)","(309, 1)"
"(432, 4, 1, 527)","(366, 4)"
"(355, 1, 1, 210)","(193, 1)"
"(432, 4, 1, 533)","(366, 4)"
"(458, 1, 1, 192)","(54, 1)"
"(95, 4, 1, 109)","(459, 4)"
"(329, 1, 1, 56)","(331, 1)"
"(174, 1, 1, 199)","(304, 1)"
"(432, 3, 1, 209)","(366, 3)"
"(432, 5, 1, 166)","(366, 5)"
"(432, 2, 1, 239)","(366, 2)"
"(391, 1, 1, 548)","(309, 1)"
"(238, 1, 1, 2)","(341, 1)"
"(486, 1, 1, 20)","(33, 1)"
"(33, 7, 1, 272)","(387, 1)"
"(284, 2, 1, 319)","(191, 2)"
"(33, 4, 1, 215)","(387, 6)"
"(432, 5, 1, 556)","(366, 5)"
"(432, 3, 1, 335)","(366, 3)"
"(428, 4, 1, 502)","(131, 4)"
"(432, 5, 1, 454)","(366, 5)"
"(387, 5, 1, 182)","(33, 3)"
"(151, 2, 1, 483)","(309, 1)"
"(432, 2, 1, 188)","(366, 2)"
"(432, 1, 1, 54)","(366, 1)"
"(389, 2, 1, 187)","(174, 2)"
"(141, 1, 1, 317)","(335, 2)"
"(432, 1, 1, 309)","(366, 1)"
"(341, 3, 1, 349)","(238, 3)"
"(51, 2, 1, 10)","(344, 2)"
"(432, 5, 1, 452)","(366, 5)"
"(113, 3, 1, 468)","(310, 3)"
"(238, 2, 1, 468)","(341, 2)"
"(341, 6, 1, 244)","(238, 6)"
"(238, 2, 1, 522)","(341, 2)"
"(432, 4, 1, 98)","(366, 4)"
"(283, 4, 1, 221)","(58, 1)"
"(432, 2, 1, 179)","(366, 2)"
"(432, 1, 1, 183)","(196, 1)"
"(105, 1, 1, 146)","(454, 1)"
"(490, 1, 1, 531)","(540, 7)"
"(432, 3, 1, 532)","(366, 3)"
"(394, 1, 1, 445)","(341, 5)"
"(499, 3, 1, 451)","(471, 2)"
"(33, 3, 1, 333)","(222, 5)"
"(387, 1, 1, 123)","(33, 7)"
"(341, 7, 1, 564)","(238, 7)"
"(406, 3, 1, 587)","(464, 3)"
"(526, 1, 1, 301)","(309, 1)"
"(213, 1, 1, 581)","(52, 1)"
"(432, 1, 1, 283)","(78, 1)"
"(238, 7, 1, 157)","(341, 7)"
"(238, 6, 1, 2)","(341, 6)"
"(486, 6, 1, 20)","(33, 6)"
"(432, 2, 1, 209)","(366, 2)"
"(432, 1, 1, 260)","(366, 1)"
"(403, 3, 1, 47)","(91, 4)"
"(95, 1, 1, 302)","(459, 1)"
"(432, 2, 1, 335)","(366, 2)"
"(237, 1, 1, 132)","(86, 1)"
"(469, 1, 1, 475)","(4, 2)"
"(41, 1, 1, 158)","(309, 1)"
"(178, 4, 1, 173)","(27, 4)"
"(469, 3, 1, 426)","(268, 3)"
"(57, 4, 1, 498)","(501, 4)"
"(432, 2, 1, 532)","(366, 2)"
"(2, 1, 1, 150)","(239, 1)"
"(341, 2, 1, 349)","(238, 2)"
"(113, 2, 1, 468)","(310, 2)"
"(149, 3, 1, 104)","(351, 3)"
"(390, 5, 1, 124)","(251, 5)"
"(406, 2, 1, 587)","(464, 2)"
"(394, 6, 1, 445)","(341, 2)"
"(387, 6, 1, 123)","(33, 4)"
"(238, 5, 1, 382)","(341, 5)"
"(499, 2, 1, 451)","(471, 1)"
"(459, 1, 1, 258)","(95, 1)"
"(33, 2, 1, 333)","(222, 4)"
"(281, 1, 1, 384)","(208, 1)"
"(341, 1, 1, 51)","(238, 1)"
"(432, 5, 1, 155)","(366, 5)"
"(432, 4, 1, 198)","(366, 4)"
"(432, 5, 1, 537)","(366, 5)"
"(62, 1, 1, 163)","(244, 1)"
"(432, 5, 1, 277)","(366, 5)"
"(449, 1, 1, 254)","(218, 1)"
"(95, 4, 1, 202)","(459, 4)"
"(95, 6, 1, 302)","(459, 6)"
"(432, 5, 1, 449)","(366, 5)"
"(432, 3, 1, 212)","(366, 3)"
"(254, 4, 1, 577)","(406, 4)"
"(403, 2, 1, 47)","(91, 3)"
"(432, 4, 1, 562)","(366, 4)"
"(95, 7, 1, 592)","(459, 7)"
"(201, 3, 1, 529)","(136, 3)"
"(33, 4, 1, 567)","(475, 6)"
"(432, 3, 1, 269)","(366, 3)"
"(341, 1, 1, 319)","(238, 1)"
"(466, 5, 1, 450)","(341, 5)"
"(365, 4, 1, 162)","(26, 1)"
"(55, 1, 1, 518)","(503, 1)"
"(87, 1, 1, 557)","(31, 1)"
"(458, 5, 1, 234)","(54, 5)"
"(341, 4, 1, 356)","(238, 4)"
"(469, 2, 1, 426)","(268, 2)"
"(432, 5, 1, 505)","(366, 5)"
"(149, 2, 1, 104)","(351, 2)"
"(432, 5, 1, 464)","(366, 5)"
"(541, 1, 1, 279)","(498, 6)"
"(432, 1, 1, 166)","(366, 1)"
"(106, 7, 1, 28)","(42, 7)"
"(432, 4, 1, 46)","(366, 4)"
"(151, 2, 1, 146)","(39, 2)"
"(491, 4, 1, 233)","(33, 2)"
"(459, 6, 1, 258)","(95, 6)"
"(432, 5, 1, 329)","(366, 5)"
"(432, 3, 1, 392)","(366, 3)"
"(33, 4, 1, 550)","(387, 6)"
"(341, 6, 1, 51)","(238, 6)"
"(432, 1, 1, 556)","(366, 1)"
"(432, 5, 1, 472)","(366, 5)"
"(91, 3, 1, 540)","(151, 1)"
"(494, 3, 1, 398)","(319, 2)"
"(387, 1, 1, 182)","(33, 7)"
"(341, 4, 1, 124)","(238, 4)"
"(341, 5, 1, 125)","(238, 5)"
"(432, 1, 1, 454)","(366, 1)"
"(501, 5, 1, 80)","(177, 5)"
"(425, 5, 1, 157)","(523, 5)"
"(341, 4, 1, 215)","(238, 4)"
"(74, 3, 1, 382)","(333, 3)"
"(432, 5, 1, 88)","(366, 5)"
"(341, 5, 1, 167)","(238, 5)"
"(432, 2, 1, 212)","(366, 2)"
"(432, 1, 1, 452)","(366, 1)"
"(341, 6, 1, 319)","(238, 6)"
"(432, 3, 1, 322)","(366, 3)"
"(201, 2, 1, 529)","(136, 2)"
"(432, 2, 1, 269)","(366, 2)"
"(387, 5, 1, 320)","(33, 3)"
"(432, 5, 1, 570)","(366, 5)"
"(238, 5, 1, 173)","(341, 5)"
"(213, 2, 1, 63)","(490, 1)"
"(95, 5, 1, 503)","(459, 5)"
"(432, 4, 1, 386)","(366, 4)"
"(60, 5, 1, 471)","(389, 5)"
"(341, 3, 1, 333)","(238, 3)"
"(46, 4, 1, 522)","(47, 1)"
"(432, 2, 1, 392)","(366, 2)"
"(95, 5, 1, 535)","(459, 5)"
"(33, 4, 1, 558)","(481, 6)"
"(387, 6, 1, 182)","(33, 4)"
"(432, 5, 1, 576)","(366, 5)"
"(91, 2, 1, 540)","(164, 2)"
"(494, 2, 1, 398)","(319, 1)"
"(359, 5, 1, 509)","(347, 1)"
"(341, 4, 1, 518)","(238, 4)"
"(367, 3, 1, 203)","(439, 3)"
"(147, 1, 1, 214)","(494, 1)"
"(74, 2, 1, 382)","(333, 2)"
"(285, 1, 1, 462)","(301, 1)"
"(432, 4, 1, 491)","(366, 4)"
"(440, 3, 1, 274)","(33, 3)"
"(387, 5, 1, 21)","(33, 3)"
"(390, 1, 1, 124)","(251, 1)"
"(459, 3, 1, 405)","(95, 3)"
"(275, 1, 1, 422)","(365, 1)"
"(432, 2, 1, 322)","(366, 2)"
"(238, 1, 1, 382)","(341, 1)"
"(490, 1, 1, 376)","(309, 1)"
"(459, 4, 1, 111)","(95, 4)"
"(458, 3, 1, 53)","(60, 4)"
"(432, 1, 1, 155)","(366, 1)"
"(508, 1, 1, 307)","(312, 1)"
"(148, 1, 1, 125)","(193, 1)"
"(181, 1, 1, 459)","(416, 1)"
"(424, 1, 1, 589)","(271, 1)"
"(432, 1, 1, 537)","(366, 1)"
"(432, 1, 1, 277)","(366, 1)"
"(214, 1, 1, 27)","(454, 1)"
"(341, 2, 1, 333)","(238, 2)"
"(432, 1, 1, 449)","(366, 1)"
"(194, 1, 1, 591)","(287, 5)"
"(320, 4, 1, 257)","(515, 4)"
"(341, 7, 1, 48)","(238, 7)"
"(490, 1, 1, 77)","(399, 1)"
"(366, 4, 1, 365)","(432, 4)"
"(466, 1, 1, 450)","(132, 1)"
"(458, 1, 1, 234)","(54, 1)"
"(367, 2, 1, 203)","(439, 2)"
"(432, 5, 1, 126)","(366, 5)"
"(432, 5, 1, 443)","(366, 5)"
"(493, 1, 1, 356)","(464, 1)"
"(390, 6, 1, 124)","(251, 6)"
"(440, 2, 1, 274)","(33, 2)"
"(432, 1, 1, 505)","(366, 1)"
"(243, 1, 1, 208)","(412, 1)"
"(432, 1, 1, 464)","(366, 1)"
"(287, 4, 1, 137)","(115, 4)"
"(432, 4, 1, 228)","(366, 4)"
"(238, 6, 1, 382)","(341, 6)"
"(432, 1, 1, 329)","(366, 1)"
"(493, 3, 1, 45)","(5, 4)"
"(33, 5, 1, 272)","(387, 7)"
"(341, 3, 1, 121)","(238, 3)"
"(387, 4, 1, 383)","(33, 2)"
"(432, 4, 1, 151)","(366, 4)"
"(459, 2, 1, 405)","(95, 2)"
"(140, 5, 1, 55)","(522, 3)"
"(432, 1, 1, 472)","(366, 1)"
"(87, 1, 1, 375)","(502, 1)"
"(341, 1, 1, 125)","(238, 1)"
"(458, 2, 1, 53)","(60, 2)"
"(283, 1, 1, 335)","(87, 1)"
"(501, 1, 1, 80)","(177, 1)"
"(425, 1, 1, 157)","(523, 1)"
"(432, 3, 1, 345)","(366, 3)"
"(341, 5, 1, 564)","(238, 5)"
"(432, 4, 1, 571)","(366, 4)"
"(213, 1, 1, 266)","(37, 1)"
"(432, 5, 1, 131)","(366, 5)"
"(432, 1, 1, 88)","(366, 1)"
"(341, 1, 1, 167)","(238, 1)"
"(513, 4, 1, 245)","(320, 4)"
"(184, 4, 1, 108)","(91, 2)"
"(466, 6, 1, 450)","(341, 6)"
"(432, 4, 1, 351)","(171, 4)"
"(387, 1, 1, 320)","(33, 7)"
"(432, 1, 1, 570)","(366, 1)"
"(341, 4, 1, 25)","(238, 4)"
"(238, 1, 1, 173)","(341, 1)"
"(6, 1, 1, 260)","(65, 1)"
"(95, 1, 1, 503)","(459, 1)"
"(123, 1, 1, 112)","(362, 1)"
"(197, 1, 1, 148)","(261, 1)"
"(432, 4, 1, 552)","(366, 4)"
"(238, 5, 1, 157)","(341, 5)"
"(45, 7, 1, 298)","(42, 7)"
"(60, 1, 1, 471)","(389, 1)"
"(245, 3, 1, 234)","(186, 3)"
"(199, 2, 1, 512)","(471, 2)"
"(95, 1, 1, 535)","(459, 1)"
"(493, 2, 1, 45)","(5, 3)"
"(418, 3, 1, 578)","(389, 3)"
"(341, 2, 1, 121)","(238, 2)"
"(238, 7, 1, 450)","(132, 7)"
"(341, 6, 1, 125)","(238, 6)"
"(190, 4, 1, 551)","(387, 6)"
"(432, 1, 1, 576)","(366, 1)"
"(501, 6, 1, 80)","(177, 6)"
"(425, 6, 1, 157)","(523, 6)"
"(29, 3, 1, 367)","(227, 2)"
"(359, 1, 1, 509)","(227, 1)"
"(341, 4, 1, 558)","(238, 4)"
"(451, 1, 1, 156)","(416, 1)"
"(341, 7, 1, 81)","(238, 7)"
"(341, 6, 1, 167)","(238, 6)"
"(432, 2, 1, 345)","(366, 2)"
"(387, 1, 1, 21)","(33, 7)"
"(432, 5, 1, 378)","(366, 5)"
"(432, 3, 1, 546)","(366, 3)"
"(341, 4, 1, 149)","(238, 4)"
"(432, 3, 1, 332)","(348, 7)"
"(391, 1, 1, 271)","(360, 1)"
"(387, 6, 1, 320)","(33, 4)"
"(432, 3, 1, 375)","(502, 9)"
"(298, 1, 1, 469)","(290, 2)"
"(157, 1, 1, 155)","(159, 1)"
"(238, 6, 1, 173)","(341, 6)"
"(95, 6, 1, 503)","(459, 6)"
"(94, 3, 1, 110)","(37, 4)"
"(384, 1, 1, 419)","(349, 2)"
"(464, 1, 1, 266)","(37, 5)"
"(512, 4, 1, 583)","(196, 4)"
"(458, 3, 1, 283)","(54, 3)"
"(115, 7, 1, 202)","(45, 7)"
"(379, 1, 1, 453)","(246, 1)"
"(95, 6, 1, 535)","(459, 6)"
"(45, 4, 1, 271)","(46, 4)"
"(137, 4, 1, 211)","(478, 4)"
"(245, 2, 1, 234)","(186, 2)"
"(335, 3, 1, 525)","(271, 2)"
"(418, 2, 1, 578)","(389, 2)"
"(95, 5, 1, 592)","(459, 5)"
"(196, 4, 1, 93)","(366, 4)"
"(432, 4, 1, 272)","(196, 4)"
"(29, 2, 1, 367)","(227, 1)"
"(390, 3, 1, 387)","(33, 1)"
"(432, 3, 1, 200)","(394, 3)"
"(375, 1, 1, 334)","(69, 1)"
"(426, 1, 1, 218)","(360, 1)"
"(387, 6, 1, 21)","(33, 4)"
"(469, 3, 1, 36)","(38, 3)"
"(432, 1, 1, 126)","(366, 1)"
"(37, 3, 1, 277)","(54, 3)"
"(432, 1, 1, 443)","(366, 1)"
"(432, 2, 1, 546)","(366, 2)"
"(106, 5, 1, 28)","(42, 5)"
"(432, 2, 1, 332)","(348, 6)"
"(432, 2, 1, 375)","(502, 8)"
"(33, 1, 1, 272)","(387, 3)"
"(219, 3, 1, 358)","(245, 3)"
"(341, 4, 1, 14)","(238, 4)"
"(94, 2, 1, 110)","(37, 2)"
"(46, 3, 1, 114)","(115, 3)"
"(432, 3, 1, 352)","(366, 3)"
"(432, 5, 1, 29)","(366, 5)"
"(140, 1, 1, 55)","(522, 4)"
"(458, 2, 1, 283)","(54, 2)"
"(432, 3, 1, 526)","(366, 3)"
"(432, 4, 1, 199)","(196, 4)"
"(304, 3, 1, 591)","(287, 3)"
"(213, 1, 1, 509)","(347, 2)"
"(341, 1, 1, 564)","(238, 1)"
"(33, 3, 1, 177)","(440, 3)"
"(432, 1, 1, 131)","(366, 1)"
"(335, 2, 1, 525)","(271, 1)"
"(155, 3, 1, 54)","(170, 3)"
"(221, 4, 1, 185)","(546, 4)"
"(169, 4, 1, 71)","(275, 4)"
"(238, 4, 1, 38)","(341, 4)"
"(432, 3, 1, 257)","(366, 3)"
"(335, 1, 1, 7)","(510, 3)"
"(432, 3, 1, 103)","(366, 3)"
"(133, 7, 1, 479)","(75, 7)"
"(390, 2, 1, 387)","(33, 6)"
"(432, 2, 1, 200)","(394, 2)"
"(387, 4, 1, 161)","(466, 4)"
"(95, 7, 1, 296)","(459, 7)"
"(470, 1, 1, 130)","(479, 2)"
"(37, 2, 1, 277)","(54, 2)"
"(469, 2, 1, 36)","(38, 2)"
"(116, 1, 1, 122)","(453, 1)"
"(238, 1, 1, 157)","(341, 1)"
"(424, 1, 1, 145)","(271, 1)"
"(33, 6, 1, 272)","(387, 2)"
"(432, 3, 1, 531)","(366, 3)"
"(219, 2, 1, 358)","(245, 2)"
"(432, 4, 1, 49)","(366, 4)"
"(46, 2, 1, 114)","(115, 2)"
"(432, 2, 1, 352)","(366, 2)"
"(498, 5, 1, 361)","(522, 4)"
"(341, 7, 1, 465)","(238, 7)"
"(341, 4, 1, 220)","(238, 4)"
"(432, 2, 1, 526)","(366, 2)"
"(341, 6, 1, 564)","(238, 6)"
"(283, 1, 1, 216)","(58, 4)"
"(272, 5, 1, 502)","(131, 5)"
"(341, 7, 1, 296)","(238, 7)"
"(317, 3, 1, 167)","(48, 3)"
"(304, 2, 1, 591)","(287, 2)"
"(33, 2, 1, 177)","(440, 2)"
"(337, 5, 1, 310)","(73, 5)"
"(432, 1, 1, 378)","(366, 1)"
"(155, 2, 1, 54)","(170, 2)"
"(246, 2, 1, 566)","(150, 2)"
"(459, 4, 1, 461)","(95, 4)"
"(432, 2, 1, 257)","(366, 2)"
"(432, 2, 1, 103)","(366, 2)"
"(459, 4, 1, 288)","(95, 4)"
"(341, 4, 1, 60)","(238, 4)"
"(347, 1, 1, 539)","(415, 1)"
"(38, 3, 1, 541)","(469, 3)"
"(432, 3, 1, 572)","(484, 5)"
"(238, 6, 1, 157)","(341, 6)"
"(95, 4, 1, 573)","(459, 4)"
"(136, 4, 1, 78)","(209, 2)"
"(494, 3, 1, 403)","(498, 4)"
"(483, 1, 1, 374)","(352, 1)"
"(432, 3, 1, 477)","(366, 3)"
"(95, 1, 1, 592)","(459, 1)"
"(459, 4, 1, 5)","(95, 4)"
"(432, 2, 1, 531)","(366, 2)"
"(60, 3, 1, 189)","(418, 3)"
"(341, 5, 1, 48)","(238, 5)"
"(213, 1, 1, 562)","(302, 1)"
"(459, 4, 1, 339)","(95, 4)"
"(95, 4, 1, 557)","(459, 4)"
"(333, 4, 1, 487)","(305, 4)"
"(318, 1, 1, 32)","(295, 1)"
"(317, 2, 1, 167)","(48, 2)"
"(387, 3, 2, 182)","(367, 3)"
"(95, 4, 1, 216)","(459, 4)"
"(238, 7, 1, 221)","(341, 7)"
"(16, 2, 1, 332)","(348, 2)"
"(254, 1, 1, 371)","(406, 1)"
"(79, 5, 1, 62)","(359, 5)"
"(432, 5, 1, 255)","(366, 5)"
"(106, 1, 1, 28)","(42, 1)"
"(38, 2, 1, 541)","(469, 2)"
"(458, 4, 1, 497)","(452, 4)"
"(432, 1, 1, 29)","(366, 1)"
"(95, 7, 1, 109)","(459, 7)"
"(432, 2, 1, 572)","(484, 4)"
"(432, 4, 1, 104)","(366, 4)"
"(432, 4, 1, 524)","(366, 4)"
"(432, 3, 1, 278)","(366, 3)"
"(432, 4, 1, 338)","(366, 4)"
"(432, 3, 1, 172)","(366, 3)"
"(494, 2, 1, 403)","(498, 5)"
"(238, 3, 1, 479)","(341, 3)"
"(432, 2, 1, 477)","(366, 2)"
"(33, 7, 1, 215)","(387, 1)"
"(309, 1, 1, 345)","(302, 1)"
"(95, 6, 1, 592)","(459, 6)"
"(387, 4, 1, 141)","(113, 4)"
"(60, 2, 1, 189)","(418, 2)"
"(87, 4, 1, 447)","(31, 4)"
"(33, 3, 1, 551)","(367, 5)"
"(264, 1, 1, 259)","(361, 1)"
"(493, 4, 1, 34)","(108, 3)"
"(432, 4, 1, 208)","(366, 4)"
"(42, 3, 1, 444)","(45, 3)"
"(387, 2, 2, 182)","(367, 2)"
"(106, 6, 1, 28)","(42, 6)"
"(45, 5, 1, 298)","(42, 5)"
"(237, 1, 1, 20)","(338, 1)"
"(341, 3, 1, 129)","(238, 3)"
"(432, 4, 1, 457)","(366, 4)"
"(432, 3, 1, 226)","(366, 3)"
"(141, 1, 1, 526)","(469, 2)"
"(238, 5, 1, 450)","(132, 5)"
"(358, 1, 1, 388)","(371, 1)"
"(498, 1, 1, 361)","(522, 1)"
"(95, 3, 1, 327)","(459, 3)"
"(459, 4, 1, 232)","(95, 4)"
"(420, 2, 1, 248)","(198, 2)"
"(341, 5, 1, 81)","(238, 5)"
"(272, 1, 1, 502)","(131, 1)"
"(432, 2, 1, 278)","(366, 2)"
"(432, 2, 1, 172)","(366, 2)"
"(337, 1, 1, 310)","(73, 1)"
"(238, 2, 1, 479)","(341, 2)"
"(262, 4, 1, 506)","(51, 4)"
"(151, 1, 1, 89)","(39, 1)"
"(432, 4, 1, 453)","(366, 4)"
"(458, 5, 1, 1)","(521, 2)"
"(33, 2, 1, 551)","(367, 4)"
"(458, 3, 1, 45)","(54, 3)"
"(178, 7, 1, 173)","(27, 7)"
"(42, 2, 1, 444)","(45, 2)"
"(57, 7, 1, 498)","(501, 7)"
"(545, 1, 1, 282)","(345, 1)"
"(341, 3, 1, 205)","(238, 3)"
"(352, 1, 1, 565)","(332, 1)"
"(115, 5, 1, 202)","(45, 5)"
"(47, 3, 1, 586)","(45, 1)"
"(475, 4, 1, 465)","(177, 4)"
"(341, 2, 1, 129)","(238, 2)"
"(432, 2, 1, 226)","(366, 2)"
"(498, 6, 1, 361)","(472, 1)"
"(331, 4, 2, 102)","(329, 2)"
"(91, 3, 1, 414)","(90, 2)"
"(432, 4, 1, 445)","(196, 4)"
"(432, 3, 1, 497)","(196, 3)"
"(341, 1, 1, 48)","(238, 1)"
"(432, 4, 1, 298)","(366, 4)"
"(432, 3, 1, 512)","(366, 3)"
"(81, 1, 1, 213)","(20, 1)"
"(432, 3, 1, 307)","(366, 3)"
"(95, 2, 1, 327)","(459, 2)"
"(522, 5, 1, 91)","(196, 4)"
"(387, 3, 1, 159)","(57, 3)"
"(95, 7, 1, 202)","(459, 7)"
"(387, 4, 1, 77)","(33, 2)"
"(432, 4, 1, 270)","(366, 4)"
"(183, 1, 1, 224)","(541, 1)"
"(499, 3, 1, 537)","(263, 3)"
"(79, 1, 1, 62)","(359, 1)"
"(432, 1, 1, 255)","(366, 1)"
"(46, 4, 1, 288)","(106, 4)"
"(33, 7, 1, 567)","(475, 1)"
"(533, 1, 1, 243)","(542, 1)"
"(458, 2, 1, 45)","(54, 2)"
"(331, 3, 1, 102)","(283, 3)"
"(432, 4, 1, 259)","(366, 4)"
"(424, 2, 1, 185)","(271, 2)"
"(341, 7, 1, 356)","(238, 7)"
"(341, 2, 1, 205)","(238, 2)"
"(494, 4, 2, 191)","(498, 1)"
"(151, 2, 1, 441)","(454, 1)"
"(386, 1, 1, 449)","(147, 1)"
"(150, 2, 1, 523)","(168, 7)"
"(47, 2, 1, 586)","(45, 2)"
"(298, 1, 1, 169)","(396, 2)"
"(491, 7, 1, 233)","(33, 5)"
"(5, 4, 1, 347)","(196, 4)"
"(345, 4, 1, 489)","(329, 4)"
"(309, 1, 1, 526)","(469, 1)"
"(123, 3, 2, 112)","(362, 5)"
"(546, 4, 1, 98)","(221, 4)"
"(454, 2, 1, 545)","(351, 2)"
"(341, 6, 1, 48)","(238, 6)"
"(91, 2, 1, 414)","(309, 1)"
"(86, 1, 1, 237)","(10, 1)"
"(432, 2, 1, 497)","(196, 2)"
"(487, 1, 1, 514)","(493, 1)"
"(33, 7, 1, 550)","(387, 1)"
"(341, 7, 1, 124)","(238, 7)"
"(432, 5, 1, 266)","(196, 5)"
"(133, 5, 1, 479)","(75, 5)"
"(432, 2, 1, 512)","(366, 2)"
"(229, 4, 1, 89)","(91, 4)"
"(432, 3, 1, 90)","(366, 3)"
"(341, 7, 1, 215)","(238, 7)"
"(387, 2, 1, 159)","(57, 2)"
"(95, 5, 1, 296)","(459, 5)"
"(432, 2, 1, 307)","(366, 2)"
"(341, 3, 1, 511)","(238, 3)"
"(238, 4, 1, 397)","(341, 4)"
"(33, 3, 1, 242)","(59, 3)"
"(45, 1, 1, 298)","(42, 1)"
"(432, 5, 1, 43)","(366, 5)"
"(494, 3, 1, 191)","(498, 4)"
"(293, 4, 1, 520)","(94, 4)"
"(42, 3, 1, 516)","(45, 3)"
"(45, 4, 1, 531)","(540, 4)"
"(499, 2, 1, 537)","(263, 2)"
"(90, 1, 1, 15)","(403, 1)"
"(340, 1, 1, 50)","(141, 1)"
"(366, 5, 1, 57)","(432, 5)"
"(284, 4, 1, 363)","(33, 2)"
"(238, 1, 1, 450)","(341, 1)"
"(37, 5, 1, 573)","(493, 1)"
"(341, 5, 1, 465)","(238, 5)"
"(323, 5, 1, 434)","(522, 4)"
"(331, 2, 1, 102)","(283, 2)"
"(171, 3, 1, 490)","(366, 3)"
"(458, 5, 1, 145)","(54, 5)"
"(341, 5, 1, 296)","(238, 5)"
"(341, 1, 1, 81)","(238, 1)"
"(46, 7, 1, 522)","(47, 5)"
"(33, 7, 1, 558)","(481, 1)"
"(91, 4, 1, 287)","(214, 1)"
"(123, 2, 2, 112)","(362, 3)"
"(341, 4, 1, 354)","(238, 4)"
"(341, 7, 1, 518)","(238, 7)"
"(458, 1, 1, 1)","(521, 1)"
"(227, 4, 1, 516)","(108, 4)"
"(432, 2, 1, 90)","(366, 2)"
"(432, 5, 1, 391)","(366, 5)"
"(131, 4, 1, 452)","(272, 4)"
"(341, 2, 1, 511)","(238, 2)"
"(45, 6, 1, 298)","(42, 6)"
"(432, 5, 1, 261)","(366, 5)"
"(115, 1, 1, 202)","(45, 1)"
"(33, 2, 1, 242)","(59, 2)"
"(459, 3, 1, 108)","(95, 3)"
"(432, 3, 1, 268)","(366, 3)"
"(30, 1, 1, 285)","(490, 1)"
"(494, 2, 1, 191)","(498, 5)"
"(238, 4, 1, 373)","(341, 4)"
"(238, 3, 1, 498)","(341, 3)"
"(238, 6, 1, 450)","(132, 6)"
"(33, 4, 1, 278)","(59, 4)"
"(42, 2, 1, 516)","(45, 2)"
"(459, 7, 1, 111)","(95, 7)"
"(371, 1, 1, 433)","(167, 1)"
"(341, 6, 1, 81)","(238, 6)"
"(432, 4, 1, 170)","(366, 4)"
"(462, 1, 1, 262)","(63, 1)"
"(171, 2, 1, 490)","(366, 2)"
"(522, 1, 1, 91)","(196, 1)"
"(14, 1, 1, 424)","(130, 1)"
"(238, 5, 1, 221)","(341, 5)"
"(432, 4, 1, 501)","(366, 4)"
"(6, 1, 1, 473)","(65, 1)"
"(317, 4, 1, 159)","(33, 2)"
"(432, 3, 1, 506)","(366, 3)"
"(432, 5, 1, 527)","(366, 5)"
"(238, 3, 1, 203)","(341, 3)"
"(34, 1, 1, 231)","(151, 2)"
"(115, 6, 1, 202)","(45, 6)"
"(432, 5, 1, 533)","(366, 5)"
"(95, 5, 1, 109)","(459, 5)"
"(432, 3, 1, 245)","(366, 3)"
"(71, 1, 1, 527)","(24, 1)"
"(432, 2, 1, 268)","(366, 2)"
"(459, 2, 1, 108)","(95, 2)"
"(238, 2, 1, 498)","(341, 2)"
"(78, 3, 1, 579)","(517, 3)"
"(432, 3, 1, 410)","(337, 4)"
"(387, 7, 1, 383)","(33, 5)"
"(33, 5, 1, 215)","(387, 7)"
"(187, 2, 1, 265)","(396, 2)"
"(506, 1, 2, 153)","(309, 1)"
"(428, 5, 1, 502)","(131, 5)"
"(100, 1, 1, 235)","(391, 1)"
"(432, 4, 1, 237)","(366, 4)"
"(432, 4, 1, 529)","(366, 4)"
"(133, 1, 1, 479)","(75, 1)"
"(159, 4, 1, 103)","(201, 4)"
"(432, 1, 1, 266)","(196, 1)"
"(95, 1, 1, 296)","(459, 1)"
"(213, 2, 1, 180)","(490, 1)"
"(432, 5, 1, 98)","(366, 5)"
"(432, 4, 1, 568)","(366, 4)"
"(432, 1, 1, 43)","(366, 1)"
"(141, 1, 1, 294)","(340, 1)"
"(432, 2, 1, 506)","(366, 2)"
"(238, 4, 1, 447)","(341, 4)"
"(139, 3, 1, 141)","(33, 1)"
"(341, 7, 1, 25)","(238, 7)"
"(366, 1, 1, 57)","(432, 1)"
"(411, 1, 1, 470)","(470, 1)"
"(238, 2, 1, 203)","(341, 2)"
"(341, 1, 1, 465)","(238, 1)"
"(37, 1, 1, 573)","(309, 1)"
"(323, 1, 1, 434)","(522, 1)"
"(432, 3, 1, 579)","(366, 3)"
"(432, 2, 1, 245)","(366, 2)"
"(458, 1, 1, 145)","(54, 1)"
"(54, 4, 1, 443)","(458, 4)"
"(341, 1, 1, 296)","(238, 1)"
"(78, 2, 1, 579)","(517, 2)"
"(432, 2, 1, 410)","(337, 5)"
"(238, 3, 1, 580)","(341, 3)"
"(133, 6, 1, 479)","(75, 6)"
"(190, 7, 1, 551)","(387, 1)"
"(341, 7, 1, 558)","(238, 7)"
"(95, 6, 1, 296)","(459, 6)"
"(151, 2, 1, 196)","(61, 1)"
"(275, 4, 1, 191)","(55, 4)"
"(178, 5, 1, 173)","(27, 5)"
"(344, 1, 1, 336)","(25, 4)"
"(57, 5, 1, 498)","(501, 5)"
"(245, 1, 1, 314)","(309, 1)"
"(387, 3, 1, 387)","(178, 3)"
"(432, 1, 1, 391)","(366, 1)"
"(432, 1, 1, 261)","(366, 1)"
"(432, 4, 1, 235)","(366, 4)"
"(341, 7, 1, 149)","(238, 7)"
"(521, 4, 1, 87)","(545, 2)"
"(352, 2, 1, 360)","(271, 2)"
"(59, 3, 1, 97)","(33, 3)"
"(98, 4, 1, 366)","(196, 4)"
"(354, 4, 1, 355)","(68, 4)"
"(46, 4, 1, 337)","(45, 4)"
"(103, 1, 1, 563)","(150, 1)"
"(341, 6, 1, 465)","(238, 6)"
"(139, 2, 1, 141)","(33, 6)"
"(401, 1, 1, 111)","(91, 1)"
"(238, 4, 1, 585)","(341, 4)"
"(432, 5, 1, 198)","(366, 5)"
"(341, 6, 1, 296)","(238, 6)"
"(432, 2, 1, 579)","(366, 2)"
"(491, 4, 1, 48)","(305, 4)"
"(45, 7, 1, 271)","(46, 7)"
"(95, 5, 1, 202)","(459, 5)"
"(387, 3, 1, 363)","(74, 3)"
"(238, 1, 1, 221)","(341, 1)"
"(310, 4, 1, 16)","(251, 4)"
"(432, 5, 1, 562)","(366, 5)"
"(238, 2, 1, 580)","(341, 2)"
"(33, 5, 1, 567)","(475, 7)"
"(24, 1, 1, 23)","(490, 1)"
"(432, 1, 1, 527)","(366, 1)"
"(494, 3, 1, 279)","(498, 4)"
"(459, 3, 1, 229)","(95, 3)"
"(341, 5, 1, 356)","(238, 5)"
"(387, 2, 1, 387)","(178, 2)"
"(432, 1, 1, 533)","(366, 1)"
"(95, 1, 1, 109)","(459, 1)"
"(432, 4, 1, 589)","(366, 4)"
"(432, 4, 1, 342)","(366, 4)"
"(432, 5, 1, 46)","(366, 5)"
"(491, 5, 1, 233)","(33, 3)"
"(59, 2, 1, 97)","(33, 2)"
"(69, 1, 1, 223)","(195, 1)"
"(33, 5, 1, 550)","(387, 7)"
"(432, 3, 1, 40)","(366, 3)"
"(341, 7, 1, 14)","(238, 7)"
"(33, 1, 1, 215)","(387, 3)"
"(95, 3, 1, 282)","(459, 3)"
"(341, 4, 2, 433)","(238, 4)"
"(432, 4, 1, 214)","(494, 3)"
"(428, 1, 1, 502)","(131, 1)"
"(341, 5, 1, 124)","(238, 5)"
"(39, 2, 1, 226)","(151, 2)"
"(341, 5, 1, 215)","(238, 5)"
"(130, 1, 1, 432)","(255, 2)"
"(238, 6, 1, 221)","(341, 6)"
"(341, 3, 1, 230)","(238, 3)"
"(387, 2, 1, 363)","(74, 2)"
"(202, 2, 1, 404)","(490, 1)"
"(451, 1, 1, 142)","(215, 1)"
"(338, 1, 1, 398)","(379, 1)"
"(432, 1, 1, 98)","(366, 1)"
"(283, 1, 1, 221)","(58, 4)"
"(439, 4, 1, 430)","(425, 4)"
"(173, 4, 1, 485)","(323, 4)"
"(238, 7, 1, 38)","(341, 7)"
"(506, 1, 3, 153)","(309, 1)"
"(484, 4, 1, 255)","(33, 4)"
"(95, 6, 1, 109)","(459, 6)"
"(387, 7, 1, 161)","(466, 7)"
"(494, 2, 1, 279)","(498, 5)"
"(459, 2, 1, 229)","(95, 2)"
"(341, 3, 1, 433)","(238, 3)"
"(444, 2, 1, 444)","(93, 2)"
"(432, 5, 1, 386)","(366, 5)"
"(432, 3, 1, 424)","(366, 3)"
"(10, 2, 1, 529)","(136, 9)"
"(432, 3, 1, 50)","(366, 3)"
"(136, 8, 1, 78)","(209, 6)"
"(46, 5, 1, 522)","(47, 6)"
"(432, 4, 1, 541)","(366, 4)"
"(432, 3, 1, 210)","(366, 3)"
"(33, 6, 1, 215)","(387, 2)"
"(93, 2, 1, 107)","(405, 3)"
"(33, 5, 1, 558)","(481, 7)"
"(432, 3, 1, 311)","(366, 3)"
"(432, 2, 1, 40)","(366, 2)"
"(95, 2, 1, 282)","(459, 2)"
"(432, 3, 1, 523)","(168, 3)"
"(341, 5, 1, 518)","(238, 5)"
"(27, 3, 1, 297)","(191, 3)"
"(341, 7, 1, 220)","(238, 7)"
"(341, 4, 1, 376)","(238, 4)"
"(510, 1, 1, 448)","(144, 2)"
"(73, 4, 1, 72)","(79, 4)"
"(432, 5, 1, 491)","(366, 5)"
"(141, 2, 1, 41)","(216, 2)"
"(178, 1, 1, 173)","(27, 1)"
"(432, 4, 1, 435)","(366, 4)"
"(57, 1, 1, 498)","(501, 1)"
"(341, 2, 1, 230)","(238, 2)"
"(238, 4, 1, 439)","(341, 4)"
"(432, 3, 1, 133)","(366, 3)"
"(432, 3, 1, 241)","(366, 3)"
"(50, 1, 1, 425)","(411, 1)"
"(459, 7, 1, 288)","(95, 7)"
"(459, 7, 1, 461)","(95, 7)"
"(335, 1, 1, 590)","(195, 1)"
"(341, 7, 1, 60)","(238, 7)"
"(432, 4, 1, 567)","(196, 4)"
"(387, 3, 1, 233)","(133, 3)"
"(459, 5, 1, 111)","(95, 5)"
"(341, 2, 1, 433)","(238, 2)"
"(432, 4, 1, 137)","(366, 4)"
"(432, 1, 1, 198)","(366, 1)"
"(95, 7, 1, 573)","(459, 7)"
"(136, 7, 1, 78)","(209, 5)"
"(432, 2, 1, 424)","(366, 2)"
"(254, 1, 1, 577)","(406, 1)"
"(432, 2, 1, 50)","(366, 2)"
"(313, 1, 1, 120)","(142, 1)"
"(95, 1, 1, 202)","(459, 1)"
"(432, 2, 1, 210)","(366, 2)"
"(432, 2, 1, 311)","(366, 2)"
"(459, 7, 1, 5)","(95, 7)"
"(432, 1, 1, 562)","(366, 1)"
"(4, 3, 1, 166)","(286, 3)"
"(320, 5, 1, 257)","(515, 5)"
"(341, 4, 1, 90)","(459, 4)"
"(366, 5, 1, 365)","(432, 5)"
"(432, 2, 1, 523)","(168, 2)"
"(459, 7, 1, 339)","(95, 7)"
"(459, 4, 1, 26)","(95, 4)"
"(365, 1, 1, 162)","(26, 4)"
"(178, 6, 1, 173)","(27, 6)"
"(27, 2, 1, 297)","(191, 2)"
"(432, 4, 1, 432)","(196, 4)"
"(432, 4, 1, 107)","(366, 4)"
"(333, 7, 1, 487)","(305, 7)"
"(57, 6, 1, 498)","(501, 6)"
"(341, 1, 1, 356)","(238, 1)"
"(95, 7, 1, 557)","(459, 7)"
"(33, 1, 1, 567)","(475, 3)"
"(95, 7, 1, 216)","(459, 7)"
"(287, 5, 1, 137)","(115, 5)"
"(432, 5, 1, 228)","(366, 5)"
"(432, 2, 1, 133)","(366, 2)"
"(432, 1, 1, 46)","(366, 1)"
"(491, 1, 1, 233)","(33, 7)"
"(432, 2, 1, 241)","(366, 2)"
"(471, 1, 1, 338)","(373, 1)"
"(387, 5, 1, 383)","(33, 3)"
"(432, 3, 1, 15)","(196, 3)"
"(432, 5, 1, 151)","(366, 5)"
"(432, 4, 1, 239)","(366, 4)"
"(33, 1, 1, 550)","(387, 3)"
"(494, 3, 1, 584)","(492, 3)"
"(387, 2, 1, 233)","(133, 2)"
"(341, 1, 1, 124)","(238, 1)"
"(284, 4, 1, 319)","(191, 4)"
"(432, 5, 1, 571)","(366, 5)"
"(95, 6, 1, 202)","(459, 6)"
"(341, 1, 1, 215)","(238, 1)"
"(71, 1, 1, 593)","(24, 1)"
"(530, 1, 1, 435)","(167, 1)"
"(513, 5, 1, 245)","(320, 5)"
"(485, 1, 1, 284)","(490, 1)"
"(33, 6, 1, 567)","(475, 2)"
"(387, 7, 1, 141)","(113, 7)"
"(432, 4, 1, 188)","(366, 4)"
"(4, 2, 1, 166)","(286, 2)"
"(389, 4, 1, 187)","(174, 4)"
"(432, 5, 1, 351)","(171, 5)"
"(238, 4, 1, 522)","(341, 4)"
"(51, 4, 1, 10)","(344, 4)"
"(180, 3, 1, 530)","(518, 4)"
"(341, 5, 1, 25)","(238, 5)"
"(341, 6, 1, 356)","(238, 6)"
"(238, 4, 1, 468)","(341, 4)"
"(432, 4, 1, 179)","(366, 4)"
"(432, 5, 1, 552)","(366, 5)"
"(465, 1, 1, 97)","(83, 1)"
"(491, 6, 1, 233)","(33, 4)"
"(151, 1, 1, 135)","(90, 2)"
"(432, 1, 1, 386)","(366, 1)"
"(46, 1, 1, 522)","(47, 3)"
"(33, 6, 1, 550)","(387, 2)"
"(144, 3, 1, 556)","(157, 3)"
"(33, 1, 1, 558)","(481, 3)"
"(494, 2, 1, 584)","(492, 2)"
"(432, 2, 1, 15)","(196, 2)"
"(341, 6, 1, 124)","(238, 6)"
"(432, 4, 1, 209)","(366, 4)"
"(190, 5, 1, 551)","(387, 7)"
"(341, 6, 1, 215)","(238, 6)"
"(341, 1, 1, 518)","(238, 1)"
"(341, 5, 1, 558)","(238, 5)"
"(459, 7, 1, 232)","(95, 7)"
"(432, 4, 1, 335)","(366, 4)"
"(387, 3, 1, 407)","(33, 1)"
"(432, 1, 1, 491)","(366, 1)"
"(341, 5, 1, 149)","(238, 5)"
"(180, 2, 1, 530)","(518, 3)"
"(432, 4, 1, 532)","(366, 4)"
"(263, 1, 1, 131)","(382, 1)"
"(341, 4, 1, 349)","(238, 4)"
"(113, 4, 1, 468)","(310, 4)"
"(60, 3, 1, 455)","(450, 4)"
"(512, 5, 1, 583)","(196, 5)"
"(406, 4, 1, 587)","(464, 4)"
"(459, 1, 1, 111)","(95, 1)"
"(46, 6, 1, 522)","(47, 7)"
"(45, 5, 1, 271)","(46, 5)"
"(33, 4, 1, 333)","(222, 6)"
"(475, 7, 1, 465)","(177, 7)"
"(33, 6, 1, 558)","(481, 2)"
"(144, 2, 1, 556)","(157, 2)"
"(196, 5, 1, 93)","(366, 5)"
"(432, 3, 1, 122)","(196, 3)"
"(341, 6, 1, 518)","(238, 6)"
"(320, 1, 1, 257)","(515, 1)"
"(341, 3, 1, 306)","(238, 3)"
"(432, 5, 1, 272)","(196, 5)"
"(366, 1, 1, 365)","(432, 1)"
"(167, 3, 1, 247)","(384, 2)"
"(403, 4, 1, 47)","(91, 2)"
"(506, 1, 4, 153)","(309, 1)"
"(387, 2, 1, 407)","(33, 6)"
"(387, 7, 1, 77)","(33, 5)"
"(420, 1, 1, 372)","(198, 1)"
"(287, 1, 1, 137)","(115, 1)"
"(432, 1, 1, 228)","(366, 1)"
"(46, 7, 1, 288)","(106, 7)"
"(387, 1, 1, 383)","(33, 7)"
"(341, 5, 1, 14)","(238, 5)"
"(432, 1, 1, 151)","(366, 1)"
"(459, 6, 1, 111)","(95, 6)"
"(60, 2, 1, 455)","(450, 2)"
"(523, 3, 1, 161)","(33, 1)"
"(432, 1, 1, 571)","(366, 1)"
"(432, 5, 1, 199)","(196, 5)"
"(471, 1, 1, 114)","(264, 1)"
"(513, 1, 1, 245)","(320, 1)"
"(184, 1, 1, 108)","(91, 4)"
"(432, 2, 1, 122)","(196, 2)"
"(195, 1, 1, 322)","(482, 1)"
"(432, 1, 1, 351)","(171, 1)"
"(238, 5, 1, 38)","(341, 5)"
"(33, 3, 1, 147)","(387, 5)"
"(302, 1, 1, 165)","(290, 1)"
"(341, 2, 1, 306)","(238, 2)"
"(432, 4, 1, 212)","(366, 4)"
"(167, 2, 1, 247)","(384, 1)"
"(341, 1, 1, 25)","(238, 1)"
"(387, 5, 1, 161)","(466, 5)"
"(201, 4, 1, 529)","(136, 4)"
"(432, 4, 1, 269)","(366, 4)"
"(238, 7, 1, 397)","(341, 7)"
"(287, 6, 1, 137)","(115, 7)"
"(432, 1, 1, 552)","(366, 1)"
"(1, 1, 1, 269)","(81, 1)"
"(387, 6, 1, 383)","(33, 4)"
"(45, 7, 1, 531)","(540, 8)"
"(284, 7, 1, 363)","(33, 5)"
"(432, 3, 1, 280)","(354, 3)"
"(432, 5, 1, 49)","(366, 5)"
"(95, 3, 1, 448)","(459, 3)"
"(432, 4, 1, 392)","(366, 4)"
"(490, 1, 1, 454)","(213, 2)"
"(523, 2, 1, 161)","(33, 6)"
"(341, 5, 1, 220)","(238, 5)"
"(190, 1, 1, 551)","(387, 3)"
"(341, 1, 1, 558)","(238, 1)"
"(387, 3, 1, 142)","(33, 1)"
"(91, 4, 1, 540)","(151, 2)"
"(494, 4, 1, 398)","(319, 3)"
"(370, 3, 1, 38)","(139, 3)"
"(341, 7, 1, 354)","(238, 7)"
"(341, 1, 1, 149)","(238, 1)"
"(459, 3, 1, 73)","(95, 3)"
"(74, 4, 1, 382)","(333, 4)"
"(341, 6, 1, 25)","(238, 6)"
"(33, 2, 1, 147)","(387, 4)"
"(459, 5, 1, 288)","(95, 5)"
"(508, 1, 1, 176)","(312, 1)"
"(117, 1, 1, 315)","(544, 1)"
"(341, 5, 1, 60)","(238, 5)"
"(459, 5, 1, 461)","(95, 5)"
"(432, 4, 1, 322)","(366, 4)"
"(512, 1, 1, 583)","(196, 1)"
"(95, 5, 1, 573)","(459, 5)"
"(136, 5, 1, 78)","(209, 3)"
"(459, 3, 1, 381)","(95, 3)"
"(45, 1, 1, 271)","(46, 1)"
"(137, 1, 1, 211)","(478, 1)"
"(238, 7, 1, 373)","(341, 7)"
"(130, 1, 1, 488)","(116, 1)"
"(33, 7, 1, 278)","(59, 7)"
"(190, 6, 1, 551)","(387, 2)"
"(459, 5, 1, 5)","(95, 5)"
"(492, 3, 1, 545)","(140, 2)"
"(196, 1, 1, 93)","(366, 1)"
"(432, 2, 1, 280)","(354, 2)"
"(341, 4, 1, 333)","(238, 4)"
"(95, 2, 1, 448)","(459, 2)"
"(405, 1, 1, 198)","(134, 1)"
"(432, 1, 1, 272)","(196, 1)"
"(459, 5, 1, 339)","(95, 5)"
"(333, 5, 1, 487)","(305, 5)"
"(95, 5, 1, 557)","(459, 5)"
"(213, 1, 1, 2)","(490, 1)"
"(341, 6, 1, 558)","(238, 6)"
"(30, 1, 1, 369)","(260, 1)"
"(387, 2, 1, 142)","(33, 6)"
"(341, 6, 1, 149)","(238, 6)"
"(95, 5, 1, 216)","(459, 5)"
"(370, 2, 1, 38)","(139, 2)"
"(291, 1, 1, 24)","(374, 1)"
"(317, 7, 1, 159)","(33, 5)"
"(367, 4, 1, 203)","(439, 4)"
"(459, 2, 1, 73)","(95, 2)"
"(432, 3, 1, 177)","(196, 3)"
"(440, 4, 1, 274)","(33, 4)"
"(341, 1, 1, 14)","(238, 1)"
"(458, 5, 1, 497)","(452, 5)"
"(459, 4, 1, 405)","(95, 4)"
"(45, 6, 1, 271)","(46, 6)"
"(255, 1, 1, 409)","(309, 1)"
"(432, 5, 1, 104)","(366, 5)"
"(432, 1, 1, 199)","(196, 1)"
"(459, 2, 1, 381)","(95, 2)"
"(432, 5, 1, 524)","(366, 5)"
"(432, 5, 1, 338)","(366, 5)"
"(458, 4, 1, 53)","(60, 5)"
"(387, 5, 1, 141)","(113, 5)"
"(221, 1, 1, 185)","(546, 1)"
"(492, 2, 1, 545)","(140, 1)"
"(169, 1, 1, 71)","(275, 1)"
"(238, 1, 1, 38)","(341, 1)"
"(432, 5, 1, 208)","(366, 5)"
"(387, 1, 1, 161)","(466, 1)"
"(218, 1, 1, 121)","(148, 1)"
"(341, 3, 1, 147)","(238, 3)"
"(355, 1, 1, 504)","(193, 1)"
"(432, 3, 1, 293)","(366, 3)"
"(432, 2, 1, 177)","(196, 2)"
"(341, 6, 1, 14)","(238, 6)"
"(75, 3, 1, 204)","(48, 3)"
"(341, 3, 1, 250)","(238, 3)"
"(238, 7, 1, 447)","(341, 7)"
"(432, 5, 1, 457)","(366, 5)"
"(432, 3, 1, 377)","(366, 3)"
"(432, 1, 1, 49)","(366, 1)"
"(493, 4, 1, 45)","(5, 5)"
"(341, 1, 1, 220)","(238, 1)"
"(341, 4, 1, 121)","(238, 4)"
"(459, 5, 1, 232)","(95, 5)"
"(161, 1, 1, 9)","(102, 1)"
"(238, 6, 1, 38)","(341, 6)"
"(432, 4, 1, 345)","(366, 4)"
"(432, 5, 1, 453)","(366, 5)"
"(459, 1, 1, 461)","(95, 1)"
"(387, 6, 1, 161)","(466, 6)"
"(459, 1, 1, 288)","(95, 1)"
"(341, 1, 1, 60)","(238, 1)"
"(432, 3, 2, 562)","(366, 3)"
"(341, 2, 1, 147)","(238, 2)"
"(95, 1, 1, 573)","(459, 1)"
"(136, 1, 1, 78)","(209, 1)"
"(475, 5, 1, 465)","(177, 5)"
"(432, 2, 1, 293)","(366, 2)"
"(341, 2, 1, 250)","(238, 2)"
"(75, 2, 1, 204)","(48, 2)"
"(415, 2, 1, 290)","(358, 3)"
"(46, 7, 1, 337)","(45, 7)"
"(459, 1, 1, 5)","(95, 1)"
"(432, 5, 1, 445)","(196, 5)"
"(341, 6, 1, 220)","(238, 6)"
"(432, 2, 1, 377)","(366, 2)"
"(238, 7, 1, 585)","(341, 7)"
"(432, 5, 1, 298)","(366, 5)"
"(418, 4, 1, 578)","(389, 4)"
"(459, 1, 1, 339)","(95, 1)"
"(95, 1, 1, 557)","(459, 1)"
"(333, 1, 1, 487)","(305, 1)"
"(491, 7, 1, 48)","(305, 7)"
"(432, 3, 1, 69)","(366, 3)"
"(186, 1, 1, 88)","(38, 1)"
"(102, 1, 1, 171)","(490, 1)"
"(213, 1, 1, 432)","(255, 1)"
"(387, 5, 1, 77)","(33, 3)"
"(95, 1, 1, 216)","(459, 1)"
"(310, 7, 1, 16)","(251, 7)"
"(213, 1, 1, 107)","(405, 1)"
"(432, 5, 1, 270)","(366, 5)"
"(432, 3, 1, 93)","(366, 3)"
"(210, 1, 1, 331)","(424, 1)"
"(387, 3, 1, 46)","(381, 1)"
"(46, 5, 1, 288)","(106, 5)"
"(459, 6, 1, 288)","(95, 6)"
"(29, 4, 1, 367)","(227, 3)"
"(341, 6, 1, 60)","(238, 6)"
"(392, 1, 1, 96)","(346, 1)"
"(432, 3, 1, 206)","(366, 3)"
"(213, 2, 1, 438)","(490, 1)"
"(459, 6, 1, 461)","(95, 6)"
"(132, 3, 1, 596)","(370, 3)"
"(432, 4, 1, 546)","(366, 4)"
"(432, 5, 1, 259)","(366, 5)"
"(432, 4, 1, 332)","(348, 4)"
"(432, 4, 1, 375)","(502, 6)"
"(136, 6, 1, 78)","(209, 4)"
"(458, 1, 1, 497)","(452, 1)"
"(432, 2, 2, 562)","(366, 2)"
"(494, 5, 2, 191)","(498, 2)"
"(360, 1, 1, 392)","(444, 1)"
"(432, 1, 1, 104)","(366, 1)"
"(432, 1, 1, 524)","(366, 1)"
"(94, 4, 1, 110)","(37, 3)"
"(95, 6, 1, 573)","(459, 6)"
"(315, 1, 1, 323)","(542, 1)"
"(432, 1, 1, 338)","(366, 1)"
"(459, 6, 1, 5)","(95, 6)"
"(458, 4, 1, 283)","(54, 4)"
"(5, 5, 1, 347)","(196, 5)"
"(341, 7, 2, 433)","(238, 7)"
"(387, 1, 1, 141)","(113, 1)"
"(459, 6, 1, 339)","(95, 6)"
"(95, 6, 1, 557)","(459, 6)"
"(333, 6, 1, 487)","(305, 6)"
"(87, 1, 1, 447)","(31, 1)"
"(531, 1, 1, 574)","(391, 1)"
"(198, 2, 1, 546)","(264, 2)"
"(350, 2, 1, 276)","(479, 2)"
"(493, 1, 1, 34)","(108, 1)"
"(432, 1, 1, 208)","(366, 1)"
"(349, 2, 1, 246)","(202, 1)"
"(432, 2, 1, 69)","(366, 2)"
"(95, 6, 1, 216)","(459, 6)"
"(238, 5, 1, 397)","(341, 5)"
"(390, 4, 1, 387)","(33, 2)"
"(432, 4, 1, 200)","(394, 4)"
"(293, 5, 1, 520)","(94, 5)"
"(432, 2, 1, 93)","(366, 2)"
"(439, 7, 1, 430)","(425, 7)"
"(387, 2, 1, 46)","(381, 6)"
"(484, 7, 1, 255)","(33, 7)"
"(37, 4, 1, 277)","(54, 4)"
"(432, 1, 1, 457)","(366, 1)"
"(237, 1, 1, 354)","(309, 1)"
"(284, 5, 1, 363)","(33, 3)"
"(432, 2, 1, 206)","(366, 2)"
"(341, 3, 1, 244)","(238, 3)"
"(45, 5, 1, 531)","(540, 5)"
"(132, 2, 1, 596)","(370, 2)"
"(459, 1, 1, 232)","(95, 1)"
"(458, 3, 1, 192)","(54, 3)"
"(329, 3, 1, 56)","(331, 3)"
"(46, 4, 1, 114)","(115, 4)"
"(174, 3, 1, 199)","(304, 3)"
"(432, 4, 1, 352)","(366, 4)"
"(387, 6, 1, 141)","(113, 6)"
"(432, 4, 1, 526)","(366, 4)"
"(341, 5, 1, 354)","(238, 5)"
"(262, 1, 1, 506)","(51, 1)"
"(238, 3, 1, 2)","(341, 3)"
"(486, 3, 1, 20)","(33, 3)"
"(216, 1, 1, 186)","(230, 1)"
"(304, 4, 1, 591)","(287, 4)"
"(432, 1, 1, 453)","(366, 1)"
"(341, 7, 1, 376)","(238, 7)"
"(33, 4, 1, 177)","(440, 4)"
"(155, 4, 1, 54)","(170, 4)"
"(131, 5, 1, 452)","(272, 5)"
"(238, 7, 1, 439)","(341, 7)"
"(142, 1, 1, 12)","(183, 2)"
"(432, 3, 1, 54)","(366, 3)"
"(432, 4, 1, 103)","(366, 4)"
"(432, 4, 1, 257)","(366, 4)"
"(432, 3, 1, 309)","(366, 3)"
"(475, 1, 1, 465)","(177, 1)"
"(238, 5, 1, 373)","(341, 5)"
"(33, 5, 1, 278)","(59, 5)"
"(514, 2, 1, 572)","(484, 7)"
"(432, 1, 1, 445)","(196, 1)"
"(432, 3, 1, 183)","(196, 3)"
"(331, 1, 2, 102)","(329, 1)"
"(341, 2, 1, 244)","(238, 2)"
"(295, 2, 1, 423)","(244, 1)"
"(394, 3, 1, 445)","(341, 7)"
"(459, 6, 1, 232)","(95, 6)"
"(387, 3, 1, 123)","(33, 1)"
"(432, 1, 1, 298)","(366, 1)"
"(432, 5, 1, 170)","(366, 5)"
"(432, 4, 1, 531)","(366, 4)"
"(458, 2, 1, 192)","(54, 2)"
"(432, 3, 1, 283)","(78, 3)"
"(329, 2, 1, 56)","(331, 4)"
"(432, 5, 1, 501)","(366, 5)"
"(174, 2, 1, 199)","(304, 2)"
"(387, 1, 1, 77)","(33, 7)"
"(432, 3, 1, 260)","(366, 3)"
"(432, 1, 1, 270)","(366, 1)"
"(317, 5, 1, 159)","(33, 3)"
"(238, 2, 1, 2)","(341, 2)"
"(486, 2, 1, 20)","(33, 2)"
"(341, 7, 1, 90)","(459, 7)"
"(317, 4, 1, 167)","(48, 4)"
"(46, 1, 1, 288)","(106, 1)"
"(459, 7, 1, 26)","(95, 7)"
"(95, 3, 1, 302)","(459, 3)"
"(267, 1, 1, 138)","(490, 1)"
"(469, 3, 1, 475)","(4, 3)"
"(432, 1, 1, 259)","(366, 1)"
"(475, 6, 1, 465)","(177, 6)"
"(494, 1, 2, 191)","(498, 6)"
"(432, 2, 1, 54)","(366, 2)"
"(141, 2, 1, 317)","(335, 3)"
"(432, 2, 1, 309)","(366, 2)"
"(5, 1, 1, 347)","(196, 1)"
"(345, 1, 1, 489)","(329, 1)"
"(432, 4, 1, 572)","(484, 2)"
"(546, 1, 1, 98)","(221, 1)"
"(288, 1, 1, 66)","(164, 1)"
"(432, 2, 1, 183)","(196, 2)"
"(105, 2, 1, 146)","(454, 2)"
"(432, 5, 1, 237)","(366, 5)"
"(494, 4, 1, 403)","(498, 1)"
"(284, 7, 1, 319)","(191, 7)"
"(394, 2, 1, 445)","(341, 6)"
"(159, 5, 1, 103)","(201, 5)"
"(387, 2, 1, 123)","(33, 6)"
"(459, 3, 1, 258)","(95, 3)"
"(229, 1, 1, 89)","(91, 1)"
"(341, 3, 1, 51)","(238, 3)"
"(432, 4, 1, 477)","(366, 4)"
"(276, 1, 1, 217)","(50, 1)"
"(387, 6, 1, 77)","(33, 4)"
"(60, 4, 1, 189)","(418, 4)"
"(432, 5, 1, 529)","(366, 5)"
"(432, 2, 1, 283)","(78, 2)"
"(238, 1, 1, 397)","(341, 1)"
"(213, 2, 1, 581)","(490, 1)"
"(432, 2, 1, 260)","(366, 2)"
"(46, 6, 1, 288)","(106, 6)"
"(293, 1, 1, 520)","(94, 1)"
"(432, 5, 1, 568)","(366, 5)"
"(238, 7, 1, 522)","(341, 7)"
"(238, 5, 1, 447)","(341, 5)"
"(45, 1, 1, 531)","(540, 1)"
"(95, 2, 1, 302)","(459, 2)"
"(387, 4, 2, 182)","(367, 4)"
"(238, 7, 1, 468)","(341, 7)"
"(284, 1, 1, 363)","(33, 7)"
"(341, 3, 1, 319)","(238, 3)"
"(87, 3, 1, 557)","(31, 3)"
"(55, 3, 1, 518)","(503, 3)"
"(494, 6, 2, 191)","(498, 3)"
"(469, 2, 1, 475)","(4, 1)"
"(54, 5, 1, 443)","(458, 5)"
"(91, 1, 1, 287)","(214, 3)"
"(361, 1, 1, 188)","(456, 1)"
"(432, 3, 1, 166)","(366, 3)"
"(341, 1, 1, 354)","(238, 1)"
"(432, 4, 1, 278)","(366, 4)"
"(432, 4, 1, 172)","(366, 4)"
"(238, 4, 1, 479)","(341, 4)"
"(459, 2, 1, 258)","(95, 2)"
"(227, 1, 1, 516)","(108, 1)"
"(432, 3, 1, 454)","(366, 3)"
"(387, 3, 1, 182)","(33, 1)"
"(341, 2, 1, 51)","(238, 2)"
"(238, 6, 1, 397)","(341, 6)"
"(131, 1, 1, 452)","(272, 1)"
"(432, 3, 1, 556)","(366, 3)"
"(432, 5, 1, 235)","(366, 5)"
"(33, 4, 1, 551)","(367, 6)"
"(45, 6, 1, 531)","(540, 6)"
"(521, 5, 1, 87)","(545, 3)"
"(98, 5, 1, 366)","(196, 5)"
"(42, 4, 1, 444)","(45, 4)"
"(238, 1, 1, 373)","(341, 1)"
"(341, 7, 1, 349)","(238, 7)"
"(46, 5, 1, 337)","(45, 5)"
"(33, 1, 1, 278)","(59, 1)"
"(354, 5, 1, 355)","(68, 5)"
"(284, 6, 1, 363)","(33, 4)"
"(432, 3, 1, 452)","(366, 3)"
"(113, 7, 1, 468)","(310, 7)"
"(341, 2, 1, 319)","(238, 2)"
"(87, 2, 1, 557)","(31, 2)"
"(55, 2, 1, 518)","(503, 2)"
"(238, 5, 1, 585)","(341, 5)"
"(341, 4, 1, 129)","(238, 4)"
"(432, 4, 1, 226)","(366, 4)"
"(432, 1, 1, 170)","(366, 1)"
"(491, 5, 1, 48)","(305, 5)"
"(33, 7, 1, 333)","(222, 1)"
"(341, 6, 1, 354)","(238, 6)"
"(432, 1, 1, 501)","(366, 1)"
"(310, 5, 1, 16)","(251, 5)"
"(95, 4, 1, 327)","(459, 4)"
"(432, 2, 1, 166)","(366, 2)"
"(317, 1, 1, 159)","(33, 7)"
"(342, 1, 1, 339)","(114, 1)"
"(432, 2, 1, 556)","(366, 2)"
"(432, 2, 1, 454)","(366, 2)"
"(387, 2, 1, 182)","(33, 6)"
"(432, 5, 1, 589)","(366, 5)"
"(432, 5, 1, 342)","(366, 5)"
"(238, 6, 1, 373)","(341, 6)"
"(33, 6, 1, 278)","(59, 6)"
"(458, 4, 1, 45)","(54, 4)"
"(432, 2, 1, 452)","(366, 2)"
"(390, 3, 1, 124)","(251, 3)"
"(341, 4, 1, 205)","(238, 4)"
"(275, 3, 1, 422)","(365, 3)"
"(341, 5, 2, 433)","(238, 5)"
"(47, 4, 1, 586)","(45, 3)"
"(335, 1, 1, 350)","(111, 1)"
"(432, 5, 1, 214)","(494, 2)"
"(238, 3, 1, 382)","(341, 3)"
"(432, 1, 1, 237)","(366, 1)"
"(432, 1, 1, 529)","(366, 1)"
"(159, 1, 1, 103)","(201, 1)"
"(91, 4, 1, 414)","(90, 3)"
"(432, 3, 1, 155)","(366, 3)"
"(187, 1, 1, 190)","(271, 2)"
"(432, 4, 1, 497)","(196, 4)"
"(317, 6, 1, 159)","(33, 4)"
"(432, 3, 1, 277)","(366, 3)"
"(214, 3, 1, 27)","(164, 1)"
"(432, 4, 1, 307)","(366, 4)"
"(432, 3, 1, 449)","(366, 3)"
"(387, 4, 1, 159)","(57, 4)"
"(439, 5, 1, 430)","(425, 5)"
"(173, 5, 1, 485)","(323, 5)"
"(484, 5, 1, 255)","(33, 5)"
"(238, 1, 1, 447)","(341, 1)"
"(432, 4, 1, 512)","(366, 4)"
"(432, 3, 1, 537)","(366, 3)"
"(432, 1, 1, 568)","(366, 1)"
"(466, 3, 1, 450)","(341, 3)"
"(201, 7, 1, 529)","(136, 7)"
"(458, 3, 1, 234)","(54, 3)"
"(432, 5, 1, 541)","(366, 5)"
"(493, 3, 1, 356)","(464, 2)"
"(54, 1, 1, 443)","(458, 1)"
"(432, 3, 1, 505)","(366, 3)"
"(331, 4, 1, 102)","(283, 4)"
"(432, 3, 1, 464)","(366, 3)"
"(520, 1, 1, 103)","(201, 6)"
"(390, 2, 1, 124)","(251, 2)"
"(275, 2, 1, 422)","(365, 2)"
"(432, 3, 1, 329)","(366, 3)"
"(341, 5, 1, 376)","(238, 5)"
"(238, 2, 1, 382)","(341, 2)"
"(432, 3, 1, 472)","(366, 3)"
"(73, 5, 1, 72)","(79, 5)"
"(275, 1, 1, 191)","(55, 1)"
"(87, 3, 1, 375)","(502, 3)"
"(432, 5, 1, 435)","(366, 5)"
"(341, 3, 1, 125)","(238, 3)"
"(432, 2, 1, 155)","(366, 2)"
"(283, 3, 1, 335)","(87, 3)"
"(501, 3, 1, 80)","(177, 3)"
"(425, 3, 1, 157)","(523, 3)"
"(238, 5, 1, 439)","(341, 5)"
"(424, 2, 1, 589)","(271, 2)"
"(432, 1, 1, 235)","(366, 1)"
"(432, 2, 1, 277)","(366, 2)"
"(214, 2, 1, 27)","(454, 2)"
"(521, 1, 1, 87)","(309, 1)"
"(432, 3, 1, 88)","(366, 3)"
"(432, 4, 1, 90)","(366, 4)"
"(341, 3, 1, 167)","(238, 3)"
"(98, 1, 1, 366)","(196, 1)"
"(354, 1, 1, 355)","(68, 1)"
"(46, 1, 1, 337)","(45, 1)"
"(74, 7, 1, 382)","(333, 7)"
"(238, 6, 1, 447)","(341, 6)"
"(33, 4, 1, 242)","(59, 4)"
"(432, 2, 1, 449)","(366, 2)"
"(341, 4, 1, 511)","(238, 4)"
"(432, 2, 1, 537)","(366, 2)"
"(494, 4, 1, 191)","(498, 1)"
"(387, 3, 1, 320)","(33, 1)"
"(466, 2, 1, 450)","(132, 2)"
"(432, 5, 1, 137)","(366, 5)"
"(42, 4, 1, 516)","(45, 4)"
"(238, 3, 1, 173)","(341, 3)"
"(458, 2, 1, 234)","(54, 2)"
"(95, 3, 1, 503)","(459, 3)"
"(422, 1, 1, 503)","(312, 1)"
"(491, 1, 1, 48)","(305, 1)"
"(432, 5, 1, 567)","(196, 5)"
"(123, 3, 1, 112)","(362, 6)"
"(197, 3, 1, 148)","(261, 3)"
"(493, 2, 1, 356)","(464, 4)"
"(432, 2, 1, 505)","(366, 2)"
"(271, 1, 1, 377)","(340, 1)"
"(60, 3, 1, 471)","(389, 3)"
"(130, 1, 1, 561)","(490, 1)"
"(310, 1, 1, 16)","(251, 1)"
"(197, 1, 1, 378)","(29, 1)"
"(432, 2, 1, 464)","(366, 2)"
"(346, 1, 1, 467)","(245, 1)"
"(432, 2, 1, 329)","(366, 2)"
"(341, 5, 1, 90)","(459, 5)"
"(341, 7, 1, 333)","(238, 7)"
"(171, 4, 1, 490)","(366, 4)"
"(490, 1, 1, 507)","(531, 1)"
"(459, 5, 1, 26)","(95, 5)"
"(432, 5, 1, 432)","(196, 5)"
"(95, 3, 1, 535)","(459, 3)"
"(373, 1, 1, 570)","(203, 1)"
"(432, 2, 1, 472)","(366, 2)"
"(432, 5, 1, 107)","(366, 5)"
"(432, 3, 1, 570)","(366, 3)"
"(87, 2, 1, 375)","(502, 2)"
"(359, 3, 1, 509)","(227, 3)"
"(341, 2, 1, 125)","(238, 2)"
"(432, 3, 1, 576)","(366, 3)"
"(283, 2, 1, 335)","(87, 2)"
"(501, 2, 1, 80)","(177, 2)"
"(425, 2, 1, 157)","(523, 2)"
"(432, 1, 1, 342)","(366, 1)"
"(238, 1, 1, 585)","(341, 1)"
"(432, 1, 1, 589)","(366, 1)"
"(213, 2, 1, 266)","(490, 1)"
"(367, 7, 1, 203)","(439, 7)"
"(46, 6, 1, 337)","(45, 6)"
"(387, 3, 1, 21)","(33, 1)"
"(432, 2, 1, 88)","(366, 2)"
"(341, 2, 1, 167)","(238, 2)"
"(440, 7, 1, 274)","(33, 7)"
"(432, 5, 1, 239)","(366, 5)"
"(341, 1, 2, 433)","(238, 1)"
"(432, 4, 1, 268)","(366, 4)"
"(459, 4, 1, 108)","(95, 4)"
"(157, 3, 1, 155)","(159, 3)"
"(432, 1, 1, 214)","(494, 4)"
"(284, 5, 1, 319)","(191, 5)"
"(285, 1, 1, 31)","(185, 1)"
"(491, 6, 1, 48)","(305, 6)"
"(464, 3, 1, 266)","(37, 4)"
"(387, 2, 1, 320)","(33, 6)"
"(238, 2, 1, 173)","(341, 2)"
"(459, 7, 1, 405)","(95, 7)"
"(238, 4, 1, 498)","(341, 4)"
"(335, 1, 1, 492)","(277, 1)"
"(260, 1, 1, 499)","(520, 1)"
"(95, 2, 1, 503)","(459, 2)"
"(310, 6, 1, 16)","(251, 6)"
"(123, 2, 1, 112)","(362, 2)"
"(197, 2, 1, 148)","(261, 2)"
"(432, 2, 1, 570)","(366, 2)"
"(238, 6, 1, 585)","(341, 6)"
"(60, 2, 1, 471)","(389, 2)"
"(432, 5, 1, 188)","(366, 5)"
"(389, 5, 1, 187)","(174, 5)"
"(238, 5, 1, 522)","(341, 5)"
"(439, 1, 1, 430)","(425, 1)"
"(173, 1, 1, 485)","(323, 1)"
"(484, 1, 1, 255)","(33, 1)"
"(95, 2, 1, 535)","(459, 2)"
"(238, 5, 1, 468)","(341, 5)"
"(547, 1, 1, 4)","(248, 1)"
"(432, 2, 1, 576)","(366, 2)"
"(432, 5, 1, 179)","(366, 5)"
"(432, 4, 1, 506)","(366, 4)"
"(359, 2, 1, 509)","(227, 2)"
"(34, 1, 1, 495)","(342, 1)"
"(432, 3, 1, 126)","(366, 3)"
"(432, 3, 1, 443)","(366, 3)"
"(238, 4, 1, 203)","(341, 4)"
"(432, 1, 1, 541)","(366, 1)"
"(387, 2, 1, 21)","(33, 6)"
"(341, 6, 2, 433)","(238, 6)"
"(432, 4, 1, 245)","(366, 4)"
"(432, 5, 1, 209)","(366, 5)"
"(298, 2, 1, 469)","(290, 1)"
"(33, 3, 1, 272)","(387, 5)"
"(157, 2, 1, 155)","(159, 2)"
"(78, 4, 1, 579)","(517, 4)"
"(341, 1, 1, 376)","(238, 1)"
"(432, 4, 1, 410)","(337, 2)"
"(384, 2, 1, 419)","(349, 1)"
"(341, 7, 1, 121)","(238, 7)"
"(140, 3, 1, 55)","(522, 1)"
"(73, 1, 1, 72)","(79, 1)"
"(464, 2, 1, 266)","(37, 3)"
"(432, 5, 1, 335)","(366, 5)"
"(432, 1, 1, 435)","(366, 1)"
"(238, 1, 1, 439)","(341, 1)"
"(134, 1, 1, 69)","(261, 1)"
"(379, 2, 1, 453)","(246, 2)"
"(439, 6, 1, 430)","(425, 6)"
"(309, 1, 1, 454)","(213, 1)"
"(484, 6, 1, 255)","(33, 6)"
"(432, 3, 1, 131)","(366, 3)"
"(341, 3, 1, 564)","(238, 3)"
"(432, 5, 1, 532)","(366, 5)"
"(341, 5, 1, 349)","(238, 5)"
"(113, 5, 1, 468)","(310, 5)"
"(399, 1, 1, 568)","(114, 1)"
"(432, 1, 1, 567)","(196, 1)"
"(335, 3, 1, 7)","(510, 2)"
"(432, 1, 1, 137)","(366, 1)"
"(161, 1, 1, 270)","(102, 1)"
"(139, 4, 1, 141)","(33, 2)"
"(33, 5, 1, 333)","(222, 7)"
"(432, 2, 1, 126)","(366, 2)"
"(432, 2, 1, 443)","(366, 2)"
"(541, 1, 1, 586)","(147, 1)"
"(506, 1, 1, 153)","(309, 1)"
"(238, 3, 1, 157)","(341, 3)"
"(239, 1, 1, 6)","(490, 1)"
"(432, 4, 1, 579)","(366, 4)"
"(341, 6, 1, 376)","(238, 6)"
"(341, 1, 1, 90)","(459, 1)"
"(33, 2, 1, 272)","(387, 4)"
"(459, 1, 1, 26)","(95, 1)"
"(432, 1, 1, 432)","(196, 1)"
"(238, 4, 1, 580)","(341, 4)"
"(140, 2, 1, 55)","(522, 5)"
"(432, 1, 1, 107)","(366, 1)"
"(238, 6, 1, 439)","(341, 6)"
"(283, 3, 1, 216)","(58, 2)"
"(164, 1, 1, 251)","(309, 1)"
"(213, 2, 1, 509)","(490, 1)"
"(341, 2, 1, 564)","(238, 2)"
"(432, 2, 1, 131)","(366, 2)"
"(432, 3, 1, 378)","(366, 3)"
"(387, 4, 1, 387)","(178, 4)"
"(432, 1, 1, 239)","(366, 1)"
"(335, 2, 1, 7)","(510, 1)"
"(59, 4, 1, 97)","(33, 4)"
"(284, 1, 1, 319)","(191, 1)"
"(238, 2, 1, 157)","(341, 2)"
"(341, 6, 1, 90)","(459, 6)"
"(424, 2, 1, 145)","(271, 2)"
"(432, 1, 1, 188)","(366, 1)"
"(151, 1, 1, 483)","(312, 1)"
"(459, 6, 1, 26)","(95, 6)"
"(389, 1, 1, 187)","(174, 1)"
"(238, 1, 1, 522)","(341, 1)"
"(547, 1, 1, 232)","(327, 1)"
"(51, 1, 1, 10)","(344, 1)"
"(432, 5, 1, 212)","(366, 5)"
"(387, 4, 1, 363)","(74, 4)"
"(238, 1, 1, 468)","(341, 1)"
"(95, 3, 1, 592)","(459, 3)"
"(432, 1, 1, 179)","(366, 1)"
"(201, 5, 1, 529)","(136, 5)"
"(432, 5, 1, 269)","(366, 5)"
"(283, 2, 1, 216)","(58, 3)"
"(390, 7, 1, 387)","(33, 5)"
"(494, 4, 1, 279)","(498, 1)"
"(254, 3, 1, 371)","(406, 3)"
"(250, 1, 1, 151)","(152, 1)"
"(459, 4, 1, 229)","(95, 4)"
"(432, 2, 1, 378)","(366, 2)"
"(106, 3, 1, 28)","(42, 3)"
"(284, 6, 1, 319)","(191, 6)"
"(432, 1, 1, 209)","(366, 1)"
"(432, 5, 1, 392)","(366, 5)"
"(393, 1, 1, 236)","(218, 1)"
"(347, 2, 1, 539)","(415, 2)"
"(432, 3, 1, 29)","(366, 3)"
"(432, 4, 1, 40)","(366, 4)"
"(95, 4, 1, 282)","(459, 4)"
"(46, 7, 1, 114)","(115, 7)"
"(432, 1, 1, 335)","(366, 1)"
"(494, 5, 1, 398)","(319, 4)"
"(238, 6, 1, 522)","(341, 6)"
"(74, 5, 1, 382)","(333, 5)"
"(483, 2, 1, 374)","(352, 2)"
"(238, 6, 1, 468)","(341, 6)"
"(341, 4, 1, 230)","(238, 4)"
"(33, 7, 1, 177)","(440, 7)"
"(341, 1, 1, 349)","(238, 1)"
"(113, 1, 1, 468)","(310, 1)"
"(432, 1, 1, 532)","(366, 1)"
"(95, 2, 1, 592)","(459, 2)"
"(432, 5, 1, 322)","(366, 5)"
"(213, 2, 1, 562)","(490, 1)"
"(406, 1, 1, 587)","(464, 1)"
"(318, 2, 1, 32)","(295, 2)"
"(499, 1, 1, 451)","(309, 1)"
"(325, 1, 1, 123)","(369, 1)"
"(33, 1, 1, 333)","(222, 3)"
"(130, 1, 1, 15)","(403, 4)"
"(341, 4, 1, 433)","(238, 4)"
"(254, 2, 1, 371)","(406, 2)"
"(432, 4, 1, 424)","(366, 4)"
"(106, 2, 1, 28)","(42, 2)"
"(432, 4, 1, 50)","(366, 4)"
"(341, 5, 1, 333)","(238, 5)"
"(432, 4, 1, 210)","(366, 4)"
"(244, 1, 1, 304)","(525, 1)"
"(358, 3, 1, 388)","(371, 3)"
"(403, 1, 1, 47)","(91, 1)"
"(432, 4, 1, 311)","(366, 4)"
"(498, 3, 1, 361)","(522, 3)"
"(432, 2, 1, 29)","(366, 2)"
"(432, 4, 1, 523)","(168, 4)"
"(27, 4, 1, 297)","(191, 4)"
"(272, 3, 1, 502)","(131, 3)"
"(341, 6, 1, 349)","(238, 6)"
"(367, 5, 1, 203)","(439, 5)"
"(113, 6, 1, 468)","(310, 6)"
"(337, 3, 1, 310)","(73, 3)"
"(317, 7, 1, 167)","(48, 7)"
"(469, 1, 1, 426)","(268, 1)"
"(440, 5, 1, 274)","(33, 5)"
"(149, 1, 1, 104)","(351, 1)"
"(459, 5, 1, 405)","(95, 5)"
"(432, 4, 1, 133)","(366, 4)"
"(151, 1, 1, 146)","(39, 1)"
"(432, 4, 1, 241)","(366, 4)"
"(264, 2, 1, 259)","(361, 2)"
"(33, 6, 1, 333)","(222, 2)"
"(545, 3, 1, 282)","(345, 3)"
"(387, 4, 1, 233)","(133, 4)"
"(458, 5, 1, 53)","(60, 3)"
"(141, 2, 1, 526)","(469, 3)"
"(432, 1, 1, 212)","(366, 1)"
"(358, 2, 1, 388)","(371, 2)"
"(341, 3, 1, 48)","(238, 3)"
"(498, 2, 1, 361)","(522, 2)"
"(81, 3, 1, 213)","(20, 4)"
"(201, 1, 1, 529)","(136, 1)"
"(432, 1, 1, 269)","(366, 1)"
"(272, 2, 1, 502)","(131, 2)"
"(213, 1, 1, 63)","(223, 1)"
"(337, 2, 1, 310)","(73, 2)"
"(79, 3, 1, 62)","(359, 3)"
"(151, 2, 1, 89)","(39, 2)"
"(387, 7, 2, 182)","(367, 7)"
"(432, 3, 1, 255)","(366, 3)"
"(432, 1, 1, 392)","(366, 1)"
"(341, 5, 1, 121)","(238, 5)"
"(494, 4, 1, 584)","(492, 4)"
"(432, 4, 1, 15)","(196, 4)"
"(352, 2, 1, 565)","(332, 2)"
"(545, 2, 1, 282)","(345, 2)"
"(91, 1, 1, 540)","(164, 1)"
"(494, 1, 1, 398)","(379, 2)"
"(148, 1, 1, 258)","(193, 1)"
"(432, 5, 1, 345)","(366, 5)"
"(74, 1, 1, 382)","(333, 1)"
"(238, 7, 1, 479)","(341, 7)"
"(487, 3, 1, 514)","(493, 4)"
"(201, 6, 1, 529)","(136, 6)"
"(341, 2, 1, 48)","(238, 2)"
"(432, 1, 1, 322)","(366, 1)"
"(180, 4, 1, 530)","(518, 1)"
"(81, 2, 1, 213)","(20, 3)"
"(33, 7, 1, 551)","(367, 1)"
"(42, 7, 1, 444)","(45, 7)"
"(45, 3, 1, 298)","(42, 3)"
"(183, 2, 1, 224)","(309, 1)"
"(79, 2, 1, 62)","(359, 2)"
"(432, 2, 1, 255)","(366, 2)"
"(90, 3, 1, 15)","(403, 3)"
"(341, 1, 1, 333)","(238, 1)"
"(418, 5, 1, 578)","(389, 5)"
"(341, 7, 1, 129)","(238, 7)"
"(238, 3, 1, 450)","(132, 3)"
"(374, 1, 2, 357)","(506, 1)"
"(494, 6, 1, 398)","(319, 5)"
"(95, 7, 1, 327)","(459, 7)"
"(341, 3, 1, 81)","(238, 3)"
"(74, 6, 1, 382)","(333, 6)"
"(298, 2, 1, 169)","(396, 1)"
"(367, 1, 1, 203)","(439, 1)"
"(387, 4, 1, 407)","(33, 2)"
"(107, 1, 1, 29)","(490, 1)"
"(440, 1, 1, 274)","(33, 1)"
"(487, 2, 1, 514)","(493, 2)"
"(432, 5, 1, 546)","(366, 5)"
"(458, 3, 1, 1)","(521, 3)"
"(432, 5, 1, 332)","(348, 3)"
"(432, 5, 1, 375)","(502, 5)"
"(459, 1, 1, 405)","(95, 1)"
"(94, 5, 1, 110)","(37, 5)"
"(60, 4, 1, 455)","(450, 5)"
"(115, 3, 1, 202)","(45, 3)"
"(458, 5, 1, 283)","(54, 5)"
"(47, 7, 1, 586)","(45, 6)"
"(341, 7, 1, 205)","(238, 7)"
"(458, 1, 1, 53)","(60, 1)"
"(45, 2, 1, 298)","(42, 2)"
"(341, 6, 1, 333)","(238, 6)"
"(90, 2, 1, 15)","(403, 2)"
"(340, 2, 1, 50)","(141, 2)"
"(238, 2, 1, 450)","(341, 2)"
"(371, 3, 1, 433)","(167, 3)"
"(432, 4, 1, 122)","(196, 4)"
"(341, 4, 1, 306)","(238, 4)"
"(522, 3, 1, 91)","(196, 3)"
"(367, 6, 1, 203)","(439, 6)"
"(390, 5, 1, 387)","(33, 3)"
"(341, 2, 1, 81)","(238, 2)"
"(432, 5, 1, 200)","(394, 5)"
"(387, 7, 1, 159)","(57, 7)"
"(440, 6, 1, 274)","(33, 6)"
"(37, 5, 1, 277)","(54, 5)"
"(542, 1, 1, 368)","(360, 1)"
"(459, 6, 1, 405)","(95, 6)"
"(458, 2, 1, 1)","(521, 5)"
"(199, 1, 1, 512)","(471, 1)"
"(493, 1, 1, 45)","(5, 2)"
"(341, 1, 1, 121)","(238, 1)"
"(46, 5, 1, 114)","(115, 5)"
"(432, 5, 1, 352)","(366, 5)"
"(432, 5, 1, 526)","(366, 5)"
"(523, 4, 1, 161)","(33, 2)"
"(115, 2, 1, 202)","(45, 2)"
"(30, 2, 1, 285)","(83, 1)"
"(304, 5, 1, 591)","(287, 6)"
"(432, 1, 1, 345)","(366, 1)"
"(33, 5, 1, 177)","(440, 5)"
"(371, 2, 1, 433)","(167, 2)"
"(432, 3, 1, 266)","(196, 3)"
"(133, 3, 1, 479)","(75, 3)"
"(33, 4, 1, 147)","(387, 6)"
"(432, 5, 1, 257)","(366, 5)"
"(432, 5, 1, 103)","(366, 5)"
"(522, 2, 1, 91)","(196, 2)"
"(95, 3, 1, 296)","(459, 3)"
"(341, 7, 1, 511)","(238, 7)"
"(432, 3, 1, 43)","(366, 3)"
"(33, 7, 1, 242)","(59, 7)"
"(341, 6, 1, 121)","(238, 6)"
"(366, 3, 1, 57)","(432, 3)"
"(245, 1, 1, 234)","(186, 1)"
"(42, 7, 1, 516)","(45, 7)"
"(37, 3, 1, 573)","(493, 3)"
"(341, 3, 1, 465)","(238, 3)"
"(432, 5, 1, 531)","(366, 5)"
"(34, 2, 1, 231)","(151, 1)"
"(323, 3, 1, 434)","(522, 3)"
"(432, 4, 1, 280)","(354, 4)"
"(95, 4, 1, 448)","(459, 4)"
"(418, 1, 1, 578)","(389, 1)"
"(458, 3, 1, 145)","(54, 3)"
"(29, 1, 1, 367)","(227, 4)"
"(341, 3, 1, 296)","(238, 3)"
"(387, 4, 1, 142)","(33, 2)"
"(317, 5, 1, 167)","(48, 5)"
"(506, 2, 2, 153)","(169, 4)"
"(370, 4, 1, 38)","(139, 4)"
"(432, 1, 1, 546)","(366, 1)"
"(459, 4, 1, 73)","(95, 4)"
"(432, 1, 1, 332)","(348, 5)"
"(432, 2, 1, 266)","(196, 2)"
"(344, 3, 1, 336)","(25, 3)"
"(432, 1, 1, 375)","(502, 7)"
"(133, 2, 1, 479)","(75, 2)"
"(245, 3, 1, 314)","(424, 2)"
"(95, 2, 1, 296)","(459, 2)"
"(94, 1, 1, 110)","(37, 1)"
"(432, 3, 1, 391)","(366, 3)"
"(432, 3, 1, 261)","(366, 3)"
"(458, 1, 1, 283)","(54, 1)"
"(432, 5, 1, 572)","(484, 1)"
"(432, 2, 1, 43)","(366, 2)"
"(141, 2, 1, 294)","(340, 2)"
"(459, 7, 1, 108)","(95, 7)"
"(459, 4, 1, 381)","(95, 4)"
"(494, 5, 1, 403)","(498, 2)"
"(238, 7, 1, 498)","(341, 7)"
"(366, 2, 1, 57)","(432, 2)"
"(432, 5, 1, 477)","(366, 5)"
"(335, 1, 1, 525)","(22, 1)"
"(401, 3, 1, 111)","(91, 3)"
"(341, 2, 1, 465)","(238, 2)"
"(492, 4, 1, 545)","(140, 3)"
"(60, 5, 1, 189)","(418, 5)"
"(323, 2, 1, 434)","(522, 2)"
"(37, 2, 1, 573)","(493, 2)"
"(458, 2, 1, 145)","(54, 2)"
"(341, 2, 1, 296)","(238, 2)"
"(432, 1, 1, 200)","(394, 1)"
"(390, 1, 1, 387)","(33, 7)"
"(238, 3, 1, 221)","(341, 3)"
"(301, 1, 1, 242)","(529, 1)"
"(37, 1, 1, 277)","(54, 1)"
"(469, 1, 1, 36)","(38, 1)"
"(387, 5, 2, 182)","(367, 5)"
"(432, 4, 1, 177)","(196, 4)"
"(344, 2, 1, 336)","(25, 1)"
"(432, 3, 1, 527)","(366, 3)"
"(219, 1, 1, 358)","(245, 1)"
"(245, 2, 1, 314)","(424, 1)"
"(238, 7, 1, 203)","(341, 7)"
"(95, 3, 1, 109)","(459, 3)"
"(46, 1, 1, 114)","(115, 1)"
"(432, 1, 1, 352)","(366, 1)"
"(432, 2, 1, 261)","(366, 2)"
"(432, 2, 1, 391)","(366, 2)"
"(432, 1, 1, 526)","(366, 1)"
"(432, 3, 1, 533)","(366, 3)"
"(304, 1, 1, 591)","(287, 1)"
"(103, 2, 1, 563)","(150, 2)"
"(432, 5, 1, 278)","(366, 5)"
"(33, 3, 1, 215)","(387, 5)"
"(432, 5, 1, 172)","(366, 5)"
"(33, 1, 1, 177)","(440, 1)"
"(238, 5, 1, 479)","(341, 5)"
"(428, 3, 1, 502)","(131, 3)"
"(401, 2, 1, 111)","(91, 2)"
"(155, 1, 1, 54)","(170, 1)"
"(246, 1, 1, 566)","(150, 1)"
"(390, 6, 1, 387)","(33, 4)"
"(33, 5, 1, 551)","(367, 7)"
"(432, 1, 1, 257)","(366, 1)"
"(432, 1, 1, 103)","(366, 1)"
"(42, 5, 1, 444)","(45, 5)"
"(238, 2, 1, 221)","(341, 2)"
"(432, 3, 1, 98)","(366, 3)"
"(341, 4, 1, 147)","(238, 4)"
"(283, 3, 1, 221)","(58, 2)"
"(341, 5, 1, 129)","(238, 5)"
"(341, 4, 1, 250)","(238, 4)"
"(75, 4, 1, 204)","(48, 4)"
"(432, 5, 1, 226)","(366, 5)"
"(46, 6, 1, 114)","(115, 6)"
"(139, 7, 1, 141)","(33, 5)"
"(432, 4, 1, 293)","(366, 4)"
"(432, 2, 1, 527)","(366, 2)"
"(432, 4, 1, 377)","(366, 4)"
"(432, 1, 1, 531)","(366, 1)"
"(95, 2, 1, 109)","(459, 2)"
"(432, 2, 1, 533)","(366, 2)"
"(95, 5, 1, 327)","(459, 5)"
"(33, 6, 1, 177)","(440, 6)"
"(317, 1, 1, 167)","(48, 1)"
"(33, 2, 1, 215)","(387, 4)"
"(16, 1, 1, 332)","(348, 1)"
"(238, 7, 1, 580)","(341, 7)"
"(428, 2, 1, 502)","(131, 2)"
"(325, 1, 1, 405)","(547, 1)"
"(510, 3, 1, 448)","(144, 1)"
"(178, 3, 1, 173)","(27, 3)"
"(57, 3, 1, 498)","(501, 3)"
"(38, 1, 1, 541)","(469, 1)"
"(163, 1, 1, 346)","(490, 1)"
"(458, 5, 1, 45)","(54, 5)"
"(432, 4, 2, 562)","(366, 4)"
"(387, 7, 1, 387)","(178, 7)"
"(47, 5, 1, 586)","(45, 7)"
"(341, 5, 1, 205)","(238, 5)"
"(432, 1, 1, 572)","(484, 3)"
"(432, 2, 1, 98)","(366, 2)"
"(283, 2, 1, 221)","(58, 3)"
"(506, 2, 3, 153)","(169, 1)"
"(285, 1, 1, 83)","(43, 1)"
"(59, 7, 1, 97)","(33, 7)"
"(494, 1, 1, 403)","(498, 6)"
"(335, 3, 1, 590)","(340, 2)"
"(432, 1, 1, 477)","(366, 1)"
"(432, 3, 1, 198)","(366, 3)"
"(60, 1, 1, 189)","(418, 1)"
"(432, 5, 1, 497)","(196, 5)"
"(447, 1, 1, 117)","(377, 1)"
"(254, 3, 1, 577)","(406, 3)"
"(432, 5, 1, 512)","(366, 5)"
"(432, 5, 1, 307)","(366, 5)"
"(317, 6, 1, 167)","(48, 6)"
"(387, 5, 1, 159)","(57, 5)"
"(432, 4, 1, 69)","(366, 4)"
"(95, 3, 1, 202)","(459, 3)"
"(542, 1, 1, 594)","(309, 1)"
"(432, 3, 1, 562)","(366, 3)"
"(387, 7, 1, 363)","(74, 7)"
"(387, 1, 2, 182)","(367, 1)"
"(33, 3, 1, 567)","(475, 5)"
"(432, 4, 1, 93)","(366, 4)"
"(365, 3, 1, 162)","(26, 2)"
"(387, 4, 1, 46)","(381, 2)"
"(130, 1, 1, 309)","(327, 1)"
"(510, 2, 1, 448)","(144, 3)"
"(132, 4, 1, 596)","(370, 4)"
"(178, 2, 1, 173)","(27, 2)"
"(432, 4, 1, 206)","(366, 4)"
"(341, 3, 1, 356)","(238, 3)"
"(57, 2, 1, 498)","(501, 2)"
"(459, 7, 1, 229)","(95, 7)"
"(432, 3, 1, 46)","(366, 3)"
"(491, 3, 1, 233)","(33, 1)"
"(420, 1, 1, 248)","(198, 1)"
"(494, 6, 1, 403)","(498, 3)"
"(335, 2, 1, 590)","(340, 1)"
"(432, 1, 1, 278)","(366, 1)"
"(33, 3, 1, 550)","(387, 5)"
"(432, 1, 1, 172)","(366, 1)"
"(238, 1, 1, 479)","(341, 1)"
"(341, 3, 1, 124)","(238, 3)"
"(95, 7, 1, 282)","(459, 7)"
"(432, 2, 1, 198)","(366, 2)"
"(341, 3, 1, 215)","(238, 3)"
"(33, 1, 1, 551)","(367, 3)"
"(530, 3, 1, 435)","(167, 3)"
"(432, 5, 1, 90)","(366, 5)"
"(254, 2, 1, 577)","(406, 2)"
"(95, 2, 1, 202)","(459, 2)"
"(42, 1, 1, 444)","(45, 1)"
"(387, 6, 2, 182)","(367, 6)"
"(341, 5, 1, 511)","(238, 5)"
"(341, 7, 1, 230)","(238, 7)"
"(432, 2, 1, 562)","(366, 2)"
"(33, 5, 1, 242)","(59, 5)"
"(490, 1, 1, 290)","(358, 1)"
"(494, 5, 1, 191)","(498, 2)"
"(33, 2, 1, 567)","(475, 4)"
"(365, 2, 1, 162)","(26, 3)"
"(42, 5, 1, 516)","(45, 5)"
"(341, 1, 1, 129)","(238, 1)"
"(432, 1, 1, 226)","(366, 1)"
"(341, 4, 1, 244)","(238, 4)"
"(341, 2, 1, 356)","(238, 2)"
"(432, 3, 1, 386)","(366, 3)"
"(341, 7, 1, 433)","(238, 7)"
"(95, 1, 1, 327)","(459, 1)"
"(171, 5, 1, 490)","(366, 5)"
"(46, 3, 1, 522)","(47, 4)"
"(432, 2, 1, 46)","(366, 2)"
"(491, 2, 1, 233)","(33, 6)"
"(458, 4, 1, 192)","(54, 4)"
"(471, 2, 1, 338)","(373, 2)"
"(329, 4, 1, 56)","(331, 2)"
"(238, 6, 1, 479)","(341, 6)"
"(174, 4, 1, 199)","(304, 4)"
"(33, 2, 1, 550)","(387, 4)"
"(33, 3, 1, 558)","(481, 5)"
"(341, 3, 1, 518)","(238, 3)"
"(238, 4, 1, 2)","(341, 4)"
"(486, 4, 1, 20)","(33, 4)"
"(341, 2, 1, 124)","(238, 2)"
"(33, 6, 1, 551)","(367, 2)"
"(27, 7, 1, 297)","(191, 7)"
"(341, 2, 1, 215)","(238, 2)"
"(42, 6, 1, 444)","(45, 6)"
"(432, 3, 1, 491)","(366, 3)"
"(530, 2, 1, 435)","(167, 2)"
"(52, 1, 1, 521)","(194, 1)"
"(458, 1, 1, 45)","(54, 1)"
"(150, 1, 1, 523)","(168, 6)"
"(424, 1, 1, 185)","(271, 1)"
"(151, 1, 1, 441)","(454, 2)"
"(341, 1, 1, 205)","(238, 1)"
"(47, 1, 1, 586)","(45, 4)"
"(432, 4, 1, 54)","(366, 4)"
"(544, 1, 1, 134)","(63, 1)"
"(459, 5, 1, 108)","(95, 5)"
"(341, 6, 1, 129)","(238, 6)"
"(263, 3, 1, 131)","(382, 3)"
"(432, 5, 1, 268)","(366, 5)"
"(432, 4, 1, 309)","(366, 4)"
"(238, 5, 1, 498)","(341, 5)"
"(454, 1, 1, 545)","(351, 1)"
"(432, 4, 1, 183)","(196, 4)"
"(459, 3, 1, 111)","(95, 3)"
"(91, 1, 1, 414)","(90, 1)"
"(95, 6, 1, 327)","(459, 6)"
"(432, 1, 1, 497)","(196, 1)"
"(387, 7, 1, 233)","(133, 7)"
"(432, 2, 1, 386)","(366, 2)"
"(394, 4, 1, 445)","(341, 4)"
"(387, 4, 1, 123)","(33, 2)"
"(151, 2, 1, 135)","(90, 3)"
"(432, 1, 1, 512)","(366, 1)"
"(432, 1, 1, 307)","(366, 1)"
"(46, 2, 1, 522)","(47, 2)"
"(387, 1, 1, 159)","(57, 1)"
"(33, 2, 1, 558)","(481, 4)"
"(432, 4, 1, 283)","(78, 4)"
"(432, 4, 1, 260)","(366, 4)"
"(320, 3, 1, 257)","(515, 3)"
"(366, 3, 1, 365)","(432, 3)"
"(499, 1, 1, 537)","(263, 1)"
"(490, 1, 1, 74)","(147, 1)"
"(432, 5, 1, 506)","(366, 5)"
"(341, 2, 1, 518)","(238, 2)"
"(95, 4, 1, 302)","(459, 4)"
"(432, 2, 1, 491)","(366, 2)"
"(238, 5, 1, 203)","(341, 5)"
"(47, 6, 1, 586)","(45, 5)"
"(302, 1, 1, 135)","(90, 1)"
"(341, 6, 1, 205)","(238, 6)"
"(331, 1, 1, 102)","(283, 1)"
"(287, 3, 1, 137)","(115, 3)"
"(432, 3, 1, 228)","(366, 3)"
"(432, 5, 1, 245)","(366, 5)"
"(263, 2, 1, 131)","(382, 2)"
"(387, 3, 1, 383)","(33, 1)"
"(78, 5, 1, 579)","(517, 5)"
"(432, 3, 1, 151)","(366, 3)"
"(422, 1, 1, 25)","(490, 1)"
"(432, 5, 1, 410)","(337, 3)"
"(123, 1, 2, 112)","(362, 4)"
"(459, 2, 1, 111)","(95, 2)"
"(432, 3, 1, 571)","(366, 3)"
"(387, 6, 1, 159)","(57, 6)"
"(459, 4, 1, 258)","(95, 4)"
"(241, 1, 1, 384)","(208, 2)"
"(432, 1, 1, 90)","(366, 1)"
"(341, 4, 1, 51)","(238, 4)"
"(513, 3, 1, 245)","(320, 3)"
"(341, 1, 1, 511)","(238, 1)"
"(184, 3, 1, 108)","(91, 1)"
"(432, 3, 1, 351)","(171, 3)"
"(33, 1, 1, 242)","(59, 1)"
"(320, 2, 1, 257)","(515, 2)"
"(366, 2, 1, 365)","(432, 2)"
"(494, 1, 1, 191)","(498, 6)"
"(341, 3, 1, 25)","(238, 3)"
"(506, 2, 4, 153)","(169, 3)"
"(42, 1, 1, 516)","(45, 1)"
"(139, 5, 1, 141)","(33, 3)"
"(341, 4, 1, 319)","(238, 4)"
"(432, 3, 1, 552)","(366, 3)"
"(420, 2, 1, 372)","(198, 2)"
"(1, 3, 1, 269)","(81, 3)"
"(55, 4, 1, 518)","(503, 4)"
"(87, 4, 1, 557)","(31, 4)"
"(432, 5, 1, 579)","(366, 5)"
"(171, 1, 1, 490)","(366, 1)"
"(287, 2, 1, 137)","(115, 2)"
"(432, 2, 1, 228)","(366, 2)"
"(387, 2, 1, 383)","(33, 6)"
"(432, 2, 1, 151)","(366, 2)"
"(190, 3, 1, 551)","(387, 5)"
"(432, 4, 1, 166)","(366, 4)"
"(238, 5, 1, 580)","(341, 5)"
"(341, 3, 1, 558)","(238, 3)"
"(432, 2, 1, 571)","(366, 2)"
"(432, 4, 1, 556)","(366, 4)"
"(341, 6, 1, 511)","(238, 6)"
"(432, 4, 1, 454)","(366, 4)"
"(471, 2, 1, 114)","(264, 2)"
"(387, 4, 1, 182)","(33, 2)"
"(513, 2, 1, 245)","(320, 2)"
"(33, 6, 1, 242)","(59, 6)"
"(387, 5, 1, 387)","(178, 5)"
"(341, 3, 1, 149)","(238, 3)"
"(184, 2, 1, 108)","(91, 3)"
"(494, 6, 1, 191)","(498, 3)"
"(432, 2, 1, 351)","(171, 2)"
"(387, 7, 1, 407)","(33, 5)"
"(432, 1, 1, 268)","(366, 1)"
"(459, 1, 1, 108)","(95, 1)"
"(238, 1, 1, 498)","(341, 1)"
"(59, 5, 1, 97)","(33, 5)"
"(42, 6, 1, 516)","(45, 6)"
"(172, 1, 1, 179)","(142, 1)"
"(432, 4, 1, 452)","(366, 4)"
"(341, 2, 1, 25)","(238, 2)"
"(187, 1, 1, 265)","(396, 1)"
"(237, 1, 1, 556)","(157, 4)"
"(512, 3, 1, 583)","(196, 3)"
"(432, 2, 1, 552)","(366, 2)"
"(1, 2, 1, 269)","(81, 2)"
"(45, 3, 1, 271)","(46, 3)"
"(137, 3, 1, 211)","(478, 3)"
"(387, 5, 1, 363)","(74, 5)"
"(213, 1, 1, 180)","(416, 1)"
"(196, 3, 1, 93)","(366, 3)"
"(65, 1, 1, 370)","(490, 1)"
"(391, 1, 1, 130)","(479, 1)"
"(405, 3, 1, 198)","(134, 3)"
"(432, 3, 1, 272)","(196, 3)"
"(190, 2, 1, 551)","(387, 4)"
"(341, 7, 1, 306)","(238, 7)"
"(432, 1, 1, 506)","(366, 1)"
"(341, 2, 1, 558)","(238, 2)"
"(238, 1, 1, 203)","(341, 1)"
"(494, 5, 1, 279)","(498, 2)"
"(459, 5, 1, 229)","(95, 5)"
"(459, 6, 1, 108)","(95, 6)"
"(341, 2, 1, 149)","(238, 2)"
"(432, 1, 1, 245)","(366, 1)"
"(238, 6, 1, 498)","(341, 6)"
"(86, 1, 1, 340)","(267, 1)"
"(78, 1, 1, 579)","(517, 1)"
"(341, 3, 1, 14)","(238, 3)"
"(130, 1, 1, 45)","(5, 1)"
"(390, 4, 1, 124)","(251, 4)"
"(432, 1, 1, 410)","(337, 1)"
"(432, 5, 1, 40)","(366, 5)"
"(275, 4, 1, 422)","(365, 4)"
"(95, 5, 1, 282)","(459, 5)"
"(512, 2, 1, 583)","(196, 2)"
"(523, 7, 1, 161)","(33, 5)"
"(432, 3, 1, 199)","(196, 3)"
"(238, 4, 1, 382)","(341, 4)"
"(45, 2, 1, 271)","(46, 2)"
"(151, 1, 1, 196)","(490, 1)"
"(137, 2, 1, 211)","(478, 2)"
"(432, 4, 1, 155)","(366, 4)"
"(341, 5, 1, 230)","(238, 5)"
"(221, 3, 1, 185)","(546, 3)"
"(196, 2, 1, 93)","(366, 2)"
"(432, 4, 1, 277)","(366, 4)"
"(214, 4, 1, 27)","(164, 2)"
"(238, 3, 1, 38)","(341, 3)"
"(169, 3, 1, 71)","(275, 3)"
"(405, 2, 1, 198)","(134, 2)"
"(432, 2, 1, 272)","(196, 2)"
"(352, 1, 1, 360)","(271, 1)"
"(33, 7, 1, 147)","(387, 1)"
"(213, 2, 1, 2)","(490, 1)"
"(238, 6, 1, 203)","(341, 6)"
"(387, 3, 1, 161)","(466, 3)"
"(30, 2, 1, 369)","(260, 2)"
"(139, 1, 1, 141)","(33, 7)"
"(432, 4, 1, 449)","(366, 4)"
"(432, 4, 1, 537)","(366, 4)"
"(466, 4, 1, 450)","(341, 4)"
"(341, 5, 1, 433)","(238, 5)"
"(458, 4, 1, 234)","(54, 4)"
"(432, 5, 1, 424)","(366, 5)"
"(432, 1, 1, 579)","(366, 1)"
"(432, 5, 1, 50)","(366, 5)"
"(493, 4, 1, 356)","(464, 3)"
"(432, 5, 1, 210)","(366, 5)"
"(136, 9, 1, 78)","(209, 7)"
"(432, 4, 1, 505)","(366, 4)"
"(341, 2, 1, 14)","(238, 2)"
"(432, 3, 1, 49)","(366, 3)"
"(432, 5, 1, 311)","(366, 5)"
"(432, 4, 1, 464)","(366, 4)"
"(238, 1, 1, 580)","(341, 1)"
"(432, 4, 1, 329)","(366, 4)"
"(341, 3, 1, 220)","(238, 3)"
"(95, 7, 1, 448)","(459, 7)"
"(255, 2, 1, 409)","(130, 1)"
"(432, 5, 1, 523)","(168, 5)"
"(432, 2, 1, 199)","(196, 2)"
"(27, 5, 1, 297)","(191, 5)"
"(432, 4, 1, 472)","(366, 4)"
"(387, 7, 1, 142)","(33, 5)"
"(87, 4, 1, 375)","(502, 4)"
"(341, 4, 1, 125)","(238, 4)"
"(482, 1, 1, 113)","(181, 1)"
"(283, 4, 1, 335)","(87, 4)"
"(501, 4, 1, 80)","(177, 4)"
"(425, 4, 1, 157)","(523, 4)"
"(370, 7, 1, 38)","(139, 7)"
"(221, 2, 1, 185)","(546, 2)"
"(387, 1, 1, 387)","(178, 1)"
"(169, 2, 1, 71)","(275, 2)"
"(238, 2, 1, 38)","(341, 2)"
"(459, 7, 1, 73)","(95, 7)"
"(432, 4, 1, 88)","(366, 4)"
"(59, 1, 1, 97)","(33, 1)"
"(341, 3, 1, 60)","(238, 3)"
