"(7, 14, 1, 37)","(1, 14)"
"(7, 10, 1, 34)","(52, 19)"
"(15, 23, 1, 59)","(38, 23)"
"(32, 6, 1, 37)","(8, 4)"
"(52, 21, 1, 22)","(7, 12)"
"(7, 16, 1, 37)","(1, 16)"
"(52, 5, 1, 67)","(7, 19)"
"(33, 1, 1, 88)","(34, 4)"
"(32, 17, 1, 76)","(8, 15)"
"(8, 18, 1, 84)","(17, 18)"
"(60, 1, 1, 3)","(64, 2)"
"(32, 10, 1, 63)","(43, 10)"
"(32, 11, 1, 43)","(8, 9)"
"(12, 3, 1, 74)","(35, 3)"
"(43, 19, 1, 58)","(17, 17)"
"(46, 2, 1, 75)","(71, 5)"
"(69, 4, 1, 10)","(19, 4)"
"(43, 13, 1, 77)","(17, 11)"
"(69, 2, 1, 25)","(19, 2)"
"(32, 9, 1, 87)","(8, 7)"
"(43, 9, 1, 84)","(32, 9)"
"(17, 11, 1, 86)","(43, 13)"
"(34, 5, 1, 5)","(33, 5)"
"(69, 9, 1, 14)","(19, 9)"
"(7, 21, 1, 34)","(52, 3)"
"(6, 3, 1, 68)","(13, 3)"
"(27, 5, 1, 9)","(71, 5)"
"(7, 19, 1, 4)","(1, 19)"
"(15, 14, 1, 59)","(38, 14)"
"(12, 2, 1, 74)","(35, 2)"
"(43, 1, 1, 77)","(17, 1)"
"(32, 21, 1, 63)","(43, 21)"
"(32, 15, 1, 37)","(8, 13)"
"(15, 16, 1, 59)","(38, 16)"
"(43, 3, 1, 84)","(32, 3)"
"(32, 3, 1, 87)","(8, 21)"
"(69, 3, 1, 14)","(19, 3)"
"(32, 20, 1, 87)","(8, 18)"
"(43, 20, 1, 84)","(32, 20)"
"(7, 19, 1, 47)","(52, 5)"
"(43, 8, 1, 58)","(17, 6)"
"(32, 14, 1, 34)","(8, 12)"
"(52, 13, 1, 67)","(7, 4)"
"(32, 16, 1, 34)","(8, 14)"
"(32, 4, 1, 43)","(8, 20)"
"(39, 1, 1, 90)","(71, 2)"
"(6, 2, 1, 68)","(13, 2)"
"(52, 17, 1, 62)","(7, 8)"
"(43, 6, 1, 77)","(17, 4)"
"(64, 1, 1, 9)","(31, 1)"
"(38, 45, 1, 32)","(15, 45)"
"(69, 8, 1, 39)","(67, 8)"
"(32, 2, 1, 87)","(8, 2)"
"(7, 8, 1, 4)","(1, 8)"
"(53, 3, 1, 54)","(46, 3)"
"(43, 2, 1, 84)","(32, 2)"
"(17, 4, 1, 86)","(43, 6)"
"(32, 17, 1, 20)","(8, 15)"
"(52, 1, 1, 67)","(58, 1)"
"(15, 29, 1, 66)","(38, 29)"
"(69, 2, 1, 14)","(19, 2)"
"(43, 7, 1, 58)","(17, 5)"
"(21, 3, 1, 90)","(10, 3)"
"(38, 39, 1, 32)","(15, 39)"
"(8, 9, 1, 84)","(17, 9)"
"(34, 4, 1, 30)","(20, 1)"
"(39, 6, 1, 90)","(71, 3)"
"(7, 8, 1, 47)","(52, 17)"
"(15, 31, 1, 66)","(38, 31)"
"(15, 44, 1, 66)","(38, 44)"
"(34, 1, 1, 5)","(33, 4)"
"(38, 5, 1, 32)","(15, 48)"
"(17, 17, 1, 63)","(8, 17)"
"(69, 10, 1, 50)","(19, 10)"
"(69, 7, 1, 39)","(67, 7)"
"(38, 43, 1, 32)","(15, 43)"
"(7, 7, 1, 4)","(1, 7)"
"(29, 3, 1, 61)","(34, 3)"
"(52, 6, 1, 67)","(7, 18)"
"(43, 12, 1, 8)","(17, 10)"
"(53, 2, 1, 54)","(46, 2)"
"(8, 3, 1, 84)","(17, 3)"
"(15, 19, 1, 66)","(38, 19)"
"(27, 1, 1, 9)","(71, 1)"
"(21, 2, 1, 90)","(10, 2)"
"(8, 20, 1, 84)","(17, 20)"
"(43, 15, 1, 77)","(17, 13)"
"(7, 7, 1, 47)","(52, 16)"
"(29, 2, 1, 61)","(34, 2)"
"(8, 2, 1, 84)","(17, 2)"
"(27, 6, 1, 9)","(31, 3)"
"(38, 49, 1, 32)","(15, 4)"
"(19, 5, 1, 35)","(69, 5)"
"(38, 33, 1, 32)","(15, 33)"
"(15, 8, 1, 66)","(38, 8)"
"(7, 10, 1, 37)","(1, 10)"
"(40, 1, 1, 56)","(12, 1)"
"(52, 15, 1, 67)","(7, 6)"
"(38, 13, 1, 32)","(15, 13)"
"(43, 18, 1, 8)","(17, 16)"
"(43, 12, 1, 30)","(17, 10)"
"(35, 3, 1, 87)","(48, 1)"
"(20, 4, 1, 86)","(34, 4)"
"(15, 25, 1, 66)","(38, 25)"
"(15, 7, 1, 66)","(38, 7)"
"(38, 1, 1, 32)","(15, 1)"
"(7, 21, 1, 37)","(1, 21)"
"(15, 47, 1, 59)","(38, 4)"
"(32, 17, 1, 71)","(8, 15)"
"(10, 3, 1, 39)","(21, 3)"
"(69, 8, 1, 24)","(19, 8)"
"(15, 10, 1, 59)","(38, 10)"
"(15, 36, 1, 66)","(38, 36)"
"(69, 8, 1, 4)","(19, 8)"
"(35, 2, 1, 87)","(10, 1)"
"(38, 6, 1, 32)","(15, 6)"
"(14, 1, 1, 79)","(2, 1)"
"(43, 17, 1, 19)","(17, 15)"
"(32, 14, 1, 37)","(8, 12)"
"(32, 10, 1, 34)","(8, 8)"
"(28, 4, 1, 59)","(12, 4)"
"(32, 16, 1, 37)","(8, 14)"
"(19, 1, 1, 35)","(69, 1)"
"(8, 19, 1, 66)","(32, 5)"
"(69, 8, 1, 5)","(19, 8)"
"(69, 7, 1, 24)","(19, 7)"
"(10, 2, 1, 39)","(21, 2)"
"(19, 10, 1, 55)","(69, 10)"
"(43, 18, 1, 30)","(17, 16)"
"(69, 7, 1, 4)","(19, 7)"
"(69, 8, 1, 31)","(19, 8)"
"(51, 4, 1, 58)","(18, 3)"
"(15, 21, 1, 59)","(38, 21)"
"(43, 5, 1, 58)","(17, 19)"
"(28, 1, 1, 81)","(68, 1)"
"(54, 5, 1, 14)","(33, 5)"
"(16, 3, 1, 28)","(62, 3)"
"(19, 6, 1, 35)","(69, 6)"
"(43, 9, 1, 8)","(17, 7)"
"(32, 21, 1, 34)","(8, 3)"
"(69, 7, 1, 5)","(19, 7)"
"(38, 15, 1, 32)","(15, 15)"
"(69, 5, 1, 39)","(67, 5)"
"(32, 12, 1, 91)","(8, 10)"
"(7, 5, 1, 4)","(1, 5)"
"(8, 8, 1, 66)","(32, 10)"
"(69, 7, 1, 31)","(19, 7)"
"(18, 3, 1, 51)","(36, 3)"
"(20, 3, 1, 37)","(1, 23)"
"(43, 3, 1, 8)","(17, 21)"
"(16, 2, 1, 28)","(62, 2)"
"(7, 5, 1, 47)","(52, 14)"
"(35, 4, 1, 19)","(10, 3)"
"(52, 23, 1, 67)","(7, 14)"
"(43, 20, 1, 8)","(17, 18)"
"(68, 4, 1, 27)","(28, 4)"
"(43, 14, 1, 77)","(17, 12)"
"(7, 11, 1, 71)","(52, 20)"
"(8, 7, 1, 66)","(32, 9)"
"(43, 16, 1, 77)","(17, 14)"
"(43, 13, 1, 58)","(17, 11)"
"(18, 2, 1, 51)","(36, 2)"
"(52, 12, 1, 22)","(7, 3)"
"(23, 4, 1, 2)","(66, 5)"
"(66, 4, 1, 77)","(48, 1)"
"(20, 2, 1, 37)","(1, 24)"
"(15, 45, 1, 66)","(38, 45)"
"(69, 4, 1, 48)","(19, 4)"
"(43, 2, 1, 8)","(17, 2)"
"(43, 9, 1, 30)","(17, 7)"
"(69, 8, 1, 10)","(19, 8)"
"(36, 5, 1, 44)","(64, 3)"
"(32, 19, 1, 43)","(8, 17)"
"(43, 1, 1, 58)","(17, 1)"
"(15, 39, 1, 66)","(38, 39)"
"(7, 13, 1, 4)","(1, 13)"
"(32, 18, 1, 91)","(8, 16)"
"(25, 5, 1, 44)","(27, 5)"
"(54, 1, 1, 14)","(33, 1)"
"(32, 11, 1, 76)","(8, 9)"
"(52, 14, 1, 67)","(7, 5)"
"(7, 12, 1, 34)","(52, 21)"
"(17, 19, 1, 86)","(43, 5)"
"(52, 16, 1, 67)","(7, 7)"
"(15, 5, 1, 66)","(38, 47)"
"(7, 13, 1, 47)","(52, 22)"
"(43, 3, 1, 30)","(17, 21)"
"(69, 1, 1, 39)","(67, 1)"
"(15, 43, 1, 66)","(38, 43)"
"(7, 1, 1, 4)","(1, 1)"
"(43, 17, 1, 84)","(32, 17)"
"(32, 17, 1, 87)","(8, 15)"
"(15, 34, 1, 59)","(38, 34)"
"(10, 3, 1, 47)","(70, 1)"
"(69, 7, 1, 10)","(19, 7)"
"(43, 6, 1, 58)","(17, 4)"
"(43, 20, 1, 30)","(17, 18)"
"(32, 12, 1, 63)","(43, 12)"
"(7, 4, 1, 71)","(52, 13)"
"(42, 2, 1, 23)","(3, 2)"
"(64, 1, 1, 20)","(37, 1)"
"(32, 8, 1, 43)","(8, 6)"
"(7, 1, 1, 47)","(52, 11)"
"(52, 18, 1, 22)","(7, 9)"
"(69, 6, 1, 39)","(67, 6)"
"(7, 6, 1, 4)","(1, 6)"
"(43, 2, 1, 30)","(17, 2)"
"(17, 8, 1, 86)","(43, 10)"
"(10, 2, 1, 47)","(52, 2)"
"(38, 41, 1, 32)","(15, 41)"
"(15, 49, 1, 66)","(38, 3)"
"(32, 10, 1, 37)","(8, 8)"
"(32, 4, 1, 76)","(8, 20)"
"(15, 33, 1, 66)","(38, 33)"
"(38, 23, 1, 32)","(15, 23)"
"(9, 2, 1, 62)","(35, 4)"
"(69, 5, 1, 24)","(19, 5)"
"(7, 6, 1, 47)","(52, 15)"
"(32, 7, 1, 43)","(8, 5)"
"(69, 5, 1, 4)","(19, 5)"
"(61, 3, 1, 42)","(60, 1)"
"(52, 11, 1, 62)","(7, 1)"
"(7, 18, 1, 34)","(52, 6)"
"(15, 13, 1, 66)","(38, 13)"
"(36, 1, 1, 44)","(27, 1)"
"(43, 15, 1, 58)","(17, 13)"
"(5, 1, 1, 10)","(48, 1)"
"(17, 7, 1, 86)","(43, 9)"
"(32, 11, 1, 20)","(8, 9)"
"(25, 1, 1, 44)","(27, 7)"
"(8, 17, 1, 84)","(17, 17)"
"(32, 9, 1, 91)","(8, 7)"
"(32, 18, 1, 63)","(43, 18)"
"(69, 5, 1, 5)","(19, 5)"
"(32, 21, 1, 37)","(8, 3)"
"(15, 1, 1, 66)","(38, 1)"
"(7, 15, 1, 4)","(1, 15)"
"(69, 5, 1, 31)","(19, 5)"
"(61, 2, 1, 42)","(64, 2)"
"(17, 11, 1, 63)","(8, 11)"
"(38, 14, 1, 32)","(15, 14)"
"(32, 3, 1, 91)","(8, 21)"
"(38, 16, 1, 32)","(15, 16)"
"(7, 15, 1, 47)","(52, 9)"
"(32, 20, 1, 91)","(8, 18)"
"(15, 6, 1, 66)","(38, 6)"
"(52, 9, 1, 22)","(7, 15)"
"(67, 4, 1, 50)","(19, 4)"
"(52, 4, 1, 62)","(7, 20)"
"(8, 5, 1, 66)","(32, 7)"
"(43, 10, 1, 77)","(17, 8)"
"(5, 1, 1, 22)","(59, 1)"
"(32, 4, 1, 20)","(8, 20)"
"(32, 2, 1, 91)","(8, 2)"
"(69, 1, 1, 24)","(19, 1)"
"(52, 22, 1, 62)","(7, 13)"
"(15, 26, 1, 59)","(38, 26)"
"(69, 1, 1, 4)","(19, 1)"
"(52, 3, 1, 22)","(7, 21)"
"(52, 20, 1, 22)","(7, 11)"
"(7, 9, 1, 34)","(52, 18)"
"(25, 3, 1, 72)","(18, 2)"
"(17, 4, 1, 63)","(8, 4)"
"(62, 3, 1, 43)","(10, 3)"
"(43, 21, 1, 77)","(17, 3)"
"(52, 10, 1, 67)","(7, 2)"
"(59, 3, 1, 83)","(23, 3)"
"(69, 1, 1, 5)","(19, 1)"
"(69, 6, 1, 24)","(19, 6)"
"(7, 12, 1, 37)","(1, 12)"
"(32, 9, 1, 63)","(43, 9)"
"(15, 15, 1, 66)","(38, 15)"
"(33, 4, 1, 86)","(34, 1)"
"(69, 6, 1, 4)","(19, 6)"
"(52, 2, 1, 22)","(59, 5)"
"(7, 3, 1, 34)","(52, 12)"
"(69, 5, 1, 10)","(19, 5)"
"(69, 1, 1, 31)","(19, 1)"
"(7, 20, 1, 34)","(52, 4)"
"(8, 13, 1, 66)","(32, 15)"
"(25, 2, 1, 72)","(18, 4)"
"(35, 4, 1, 76)","(5, 4)"
"(13, 3, 1, 25)","(37, 3)"
"(32, 3, 1, 63)","(43, 3)"
"(32, 11, 1, 71)","(8, 9)"
"(62, 2, 1, 43)","(10, 2)"
"(69, 6, 1, 5)","(19, 6)"
"(59, 2, 1, 83)","(23, 2)"
"(32, 20, 1, 63)","(43, 20)"
"(52, 21, 1, 67)","(7, 12)"
"(69, 6, 1, 31)","(19, 6)"
"(8, 1, 1, 66)","(32, 1)"
"(7, 2, 1, 34)","(52, 10)"
"(43, 11, 1, 19)","(17, 9)"
"(13, 2, 1, 25)","(37, 2)"
"(15, 12, 1, 59)","(38, 12)"
"(32, 5, 1, 43)","(8, 19)"
"(32, 2, 1, 63)","(43, 2)"
"(7, 18, 1, 37)","(1, 18)"
"(61, 3, 1, 41)","(71, 1)"
"(8, 6, 1, 66)","(32, 8)"
"(32, 12, 1, 34)","(8, 10)"
"(17, 5, 1, 86)","(43, 7)"
"(43, 14, 1, 58)","(17, 12)"
"(34, 5, 1, 30)","(20, 5)"
"(3, 2, 1, 91)","(65, 2)"
"(32, 4, 1, 71)","(8, 20)"
"(43, 17, 1, 8)","(17, 15)"
"(43, 16, 1, 58)","(17, 14)"
"(69, 1, 1, 10)","(19, 1)"
"(38, 47, 1, 32)","(15, 5)"
"(65, 2, 1, 71)","(52, 2)"
"(61, 2, 1, 41)","(71, 5)"
"(71, 4, 1, 48)","(61, 5)"
"(69, 9, 1, 50)","(19, 9)"
"(66, 4, 1, 38)","(28, 4)"
"(47, 4, 1, 12)","(51, 3)"
"(7, 14, 1, 4)","(1, 14)"
"(46, 3, 1, 8)","(47, 1)"
"(38, 10, 1, 32)","(15, 10)"
"(43, 4, 1, 19)","(17, 20)"
"(49, 3, 1, 80)","(10, 3)"
"(7, 16, 1, 4)","(1, 16)"
"(4, 2, 1, 40)","(65, 2)"
"(32, 13, 1, 43)","(8, 11)"
"(21, 3, 1, 54)","(10, 3)"
"(69, 8, 1, 48)","(19, 8)"
"(15, 37, 1, 59)","(38, 37)"
"(15, 18, 1, 59)","(38, 18)"
"(7, 19, 1, 71)","(52, 5)"
"(69, 6, 1, 10)","(19, 6)"
"(7, 14, 1, 47)","(52, 23)"
"(8, 15, 1, 66)","(32, 17)"
"(15, 41, 1, 66)","(38, 41)"
"(7, 16, 1, 47)","(52, 8)"
"(69, 3, 1, 50)","(19, 3)"
"(17, 13, 1, 86)","(43, 15)"
"(15, 23, 1, 66)","(38, 23)"
"(32, 18, 1, 34)","(8, 16)"
"(46, 2, 1, 8)","(47, 2)"
"(32, 1, 1, 43)","(8, 1)"
"(49, 2, 1, 80)","(10, 2)"
"(38, 21, 1, 32)","(15, 21)"
"(69, 7, 1, 48)","(19, 7)"
"(21, 2, 1, 54)","(10, 2)"
"(19, 10, 1, 35)","(69, 10)"
"(43, 17, 1, 30)","(17, 15)"
"(7, 9, 1, 37)","(1, 9)"
"(32, 19, 1, 76)","(8, 17)"
"(12, 3, 1, 32)","(28, 3)"
"(17, 1, 1, 86)","(43, 1)"
"(7, 8, 1, 71)","(52, 17)"
"(69, 2, 1, 50)","(19, 2)"
"(34, 1, 1, 30)","(20, 4)"
"(48, 1, 1, 7)","(5, 1)"
"(32, 6, 1, 43)","(8, 4)"
"(15, 35, 1, 59)","(38, 35)"
"(20, 5, 1, 86)","(34, 5)"
"(46, 4, 1, 75)","(71, 1)"
"(7, 3, 1, 37)","(1, 3)"
"(36, 3, 1, 70)","(71, 3)"
"(15, 14, 1, 66)","(38, 14)"
"(69, 4, 1, 25)","(19, 4)"
"(17, 6, 1, 86)","(43, 8)"
"(43, 11, 1, 84)","(32, 11)"
"(32, 11, 1, 87)","(8, 9)"
"(7, 20, 1, 37)","(1, 20)"
"(12, 2, 1, 32)","(28, 2)"
"(15, 16, 1, 66)","(38, 16)"
"(7, 7, 1, 71)","(52, 16)"
"(32, 8, 1, 76)","(8, 6)"
"(12, 4, 1, 74)","(35, 4)"
"(15, 9, 1, 59)","(38, 9)"
"(7, 2, 1, 37)","(1, 2)"
"(36, 2, 1, 70)","(71, 2)"
"(31, 3, 1, 70)","(71, 5)"
"(32, 15, 1, 43)","(8, 13)"
"(32, 9, 1, 34)","(8, 7)"
"(52, 19, 1, 62)","(7, 10)"
"(11, 3, 1, 78)","(20, 3)"
"(32, 7, 1, 76)","(8, 5)"
"(6, 3, 1, 36)","(21, 1)"
"(28, 3, 1, 4)","(1, 24)"
"(15, 3, 1, 59)","(38, 48)"
"(32, 19, 1, 20)","(8, 17)"
"(19, 9, 1, 55)","(69, 9)"
"(17, 15, 1, 86)","(43, 17)"
"(32, 12, 1, 37)","(8, 10)"
"(51, 5, 1, 58)","(18, 4)"
"(15, 20, 1, 59)","(38, 20)"
"(32, 4, 1, 87)","(8, 20)"
"(43, 4, 1, 84)","(32, 4)"
"(69, 4, 1, 14)","(19, 4)"
"(32, 3, 1, 34)","(8, 21)"
"(32, 17, 1, 91)","(8, 15)"
"(31, 2, 1, 70)","(64, 2)"
"(43, 10, 1, 58)","(17, 8)"
"(8, 11, 1, 84)","(17, 11)"
"(38, 34, 1, 32)","(15, 34)"
"(32, 20, 1, 34)","(8, 18)"
"(11, 2, 1, 78)","(20, 2)"
"(20, 1, 1, 86)","(34, 4)"
"(17, 19, 1, 63)","(8, 19)"
"(6, 2, 1, 36)","(21, 2)"
"(19, 3, 1, 55)","(69, 3)"
"(28, 2, 1, 4)","(1, 23)"
"(15, 27, 1, 59)","(38, 27)"
"(15, 2, 1, 59)","(38, 2)"
"(67, 8, 1, 50)","(19, 8)"
"(52, 8, 1, 62)","(7, 16)"
"(69, 10, 1, 39)","(67, 10)"
"(7, 10, 1, 4)","(1, 10)"
"(53, 4, 1, 54)","(46, 4)"
"(32, 8, 1, 20)","(8, 6)"
"(32, 2, 1, 34)","(8, 2)"
"(52, 17, 1, 22)","(7, 8)"
"(43, 21, 1, 58)","(17, 3)"
"(7, 10, 1, 47)","(52, 19)"
"(19, 2, 1, 55)","(69, 2)"
"(67, 7, 1, 50)","(19, 7)"
"(52, 7, 1, 62)","(7, 17)"
"(17, 8, 1, 63)","(8, 8)"
"(8, 14, 1, 66)","(32, 16)"
"(32, 18, 1, 37)","(8, 16)"
"(28, 1, 1, 59)","(12, 1)"
"(23, 5, 1, 2)","(66, 6)"
"(29, 4, 1, 61)","(34, 4)"
"(66, 5, 1, 77)","(20, 4)"
"(32, 7, 1, 20)","(8, 5)"
"(8, 16, 1, 66)","(32, 18)"
"(8, 4, 1, 84)","(17, 4)"
"(7, 21, 1, 4)","(1, 21)"
"(69, 5, 1, 48)","(19, 5)"
"(43, 12, 1, 77)","(17, 10)"
"(7, 17, 1, 34)","(52, 7)"
"(51, 1, 1, 58)","(48, 1)"
"(10, 1, 1, 34)","(52, 1)"
"(7, 21, 1, 47)","(52, 3)"
"(17, 7, 1, 63)","(8, 7)"
"(32, 17, 1, 63)","(43, 17)"
"(15, 47, 1, 66)","(38, 4)"
"(15, 40, 1, 59)","(38, 40)"
"(51, 6, 1, 58)","(18, 5)"
"(15, 10, 1, 66)","(38, 10)"
"(7, 5, 1, 71)","(52, 14)"
"(32, 19, 1, 71)","(8, 17)"
"(52, 12, 1, 67)","(7, 3)"
"(35, 1, 1, 19)","(48, 1)"
"(43, 19, 1, 19)","(17, 17)"
"(35, 4, 1, 87)","(10, 3)"
"(68, 1, 1, 27)","(28, 1)"
"(43, 18, 1, 77)","(17, 16)"
"(38, 26, 1, 32)","(15, 26)"
"(23, 1, 1, 2)","(66, 1)"
"(66, 1, 1, 77)","(20, 1)"
"(15, 21, 1, 66)","(38, 21)"
"(32, 9, 1, 37)","(8, 7)"
"(32, 5, 1, 76)","(8, 19)"
"(69, 1, 1, 48)","(19, 1)"
"(32, 8, 1, 71)","(8, 6)"
"(32, 14, 1, 43)","(8, 12)"
"(24, 3, 1, 18)","(35, 3)"
"(69, 10, 1, 24)","(19, 10)"
"(32, 16, 1, 43)","(8, 14)"
"(69, 10, 1, 4)","(19, 10)"
"(21, 1, 1, 7)","(5, 2)"
"(7, 13, 1, 71)","(52, 22)"
"(32, 3, 1, 37)","(8, 21)"
"(17, 14, 1, 86)","(43, 16)"
"(23, 6, 1, 2)","(66, 4)"
"(43, 8, 1, 19)","(17, 6)"
"(66, 6, 1, 77)","(20, 5)"
"(52, 18, 1, 67)","(7, 9)"
"(2, 2, 1, 24)","(58, 2)"
"(21, 3, 1, 35)","(10, 3)"
"(17, 16, 1, 86)","(43, 18)"
"(32, 20, 1, 37)","(8, 18)"
"(69, 6, 1, 48)","(19, 6)"
"(43, 11, 1, 8)","(17, 9)"
"(32, 7, 1, 71)","(8, 5)"
"(69, 10, 1, 5)","(19, 10)"
"(24, 2, 1, 18)","(35, 2)"
"(7, 1, 1, 71)","(52, 11)"
"(69, 10, 1, 31)","(19, 10)"
"(43, 7, 1, 19)","(17, 5)"
"(32, 2, 1, 37)","(8, 2)"
"(32, 13, 1, 76)","(8, 11)"
"(33, 3, 1, 88)","(34, 2)"
"(60, 3, 1, 3)","(64, 3)"
"(21, 2, 1, 35)","(10, 2)"
"(67, 5, 1, 50)","(19, 5)"
"(52, 5, 1, 62)","(7, 19)"
"(15, 46, 1, 59)","(38, 46)"
"(38, 12, 1, 32)","(15, 12)"
"(7, 6, 1, 71)","(52, 15)"
"(43, 9, 1, 77)","(17, 7)"
"(8, 10, 1, 66)","(32, 12)"
"(32, 5, 1, 20)","(8, 19)"
"(32, 1, 1, 76)","(8, 1)"
"(18, 4, 1, 51)","(36, 4)"
"(20, 4, 1, 37)","(1, 22)"
"(15, 48, 1, 59)","(38, 5)"
"(33, 2, 1, 88)","(34, 3)"
"(43, 4, 1, 8)","(17, 20)"
"(60, 2, 1, 3)","(64, 1)"
"(7, 17, 1, 37)","(1, 17)"
"(43, 11, 1, 30)","(17, 9)"
"(43, 3, 1, 77)","(17, 21)"
"(69, 8, 1, 25)","(19, 8)"
"(17, 5, 1, 63)","(8, 5)"
"(15, 34, 1, 66)","(38, 34)"
"(43, 20, 1, 77)","(17, 18)"
"(32, 6, 1, 76)","(8, 4)"
"(52, 9, 1, 67)","(7, 15)"
"(33, 5, 1, 86)","(34, 5)"
"(8, 21, 1, 66)","(32, 3)"
"(32, 19, 1, 87)","(8, 17)"
"(43, 19, 1, 84)","(32, 19)"
"(39, 3, 1, 90)","(71, 6)"
"(52, 13, 1, 62)","(7, 4)"
"(7, 15, 1, 71)","(52, 9)"
"(64, 3, 1, 9)","(71, 6)"
"(69, 10, 1, 10)","(19, 10)"
"(69, 7, 1, 25)","(19, 7)"
"(38, 37, 1, 32)","(15, 37)"
"(43, 2, 1, 77)","(17, 2)"
"(38, 18, 1, 32)","(15, 18)"
"(32, 13, 1, 20)","(8, 11)"
"(52, 3, 1, 67)","(7, 21)"
"(52, 20, 1, 67)","(7, 11)"
"(67, 1, 1, 50)","(19, 1)"
"(15, 17, 1, 59)","(38, 17)"
"(52, 1, 1, 62)","(35, 2)"
"(39, 2, 1, 90)","(71, 1)"
"(43, 4, 1, 30)","(17, 20)"
"(32, 8, 1, 87)","(8, 6)"
"(43, 8, 1, 84)","(32, 8)"
"(32, 1, 1, 20)","(8, 1)"
"(32, 15, 1, 76)","(8, 13)"
"(64, 2, 1, 9)","(31, 2)"
"(17, 13, 1, 63)","(8, 13)"
"(34, 3, 1, 5)","(33, 2)"
"(69, 8, 1, 14)","(19, 8)"
"(32, 17, 1, 34)","(8, 15)"
"(52, 2, 1, 67)","(58, 2)"
"(32, 10, 1, 43)","(8, 8)"
"(27, 3, 1, 9)","(71, 3)"
"(67, 6, 1, 50)","(19, 6)"
"(15, 32, 1, 59)","(38, 32)"
"(52, 6, 1, 62)","(7, 18)"
"(8, 19, 1, 84)","(17, 19)"
"(38, 35, 1, 32)","(15, 35)"
"(17, 1, 1, 63)","(8, 1)"
"(32, 6, 1, 20)","(8, 4)"
"(43, 7, 1, 84)","(32, 7)"
"(32, 7, 1, 87)","(8, 5)"
"(17, 10, 1, 86)","(43, 12)"
"(32, 11, 1, 91)","(8, 9)"
"(69, 7, 1, 14)","(19, 7)"
"(34, 2, 1, 5)","(33, 3)"
"(32, 5, 1, 71)","(8, 19)"
"(33, 1, 1, 86)","(34, 1)"
"(27, 2, 1, 9)","(71, 2)"
"(61, 4, 1, 42)","(64, 3)"
"(71, 5, 1, 48)","(61, 3)"
"(43, 12, 1, 58)","(17, 10)"
"(17, 6, 1, 63)","(8, 6)"
"(32, 21, 1, 43)","(8, 3)"
"(35, 1, 1, 76)","(5, 1)"
"(66, 5, 1, 38)","(9, 1)"
"(47, 5, 1, 12)","(51, 4)"
"(40, 3, 1, 56)","(12, 3)"
"(43, 5, 1, 19)","(17, 19)"
"(38, 9, 1, 32)","(15, 9)"
"(8, 8, 1, 84)","(17, 8)"
"(52, 15, 1, 62)","(7, 6)"
"(17, 21, 1, 86)","(43, 3)"
"(52, 11, 1, 22)","(7, 1)"
"(15, 26, 1, 66)","(38, 26)"
"(7, 12, 1, 4)","(1, 12)"
"(32, 15, 1, 20)","(8, 13)"
"(38, 3, 1, 32)","(15, 49)"
"(40, 2, 1, 56)","(12, 2)"
"(32, 4, 1, 91)","(8, 20)"
"(38, 20, 1, 32)","(15, 20)"
"(7, 12, 1, 47)","(52, 21)"
"(8, 7, 1, 84)","(17, 7)"
"(32, 13, 1, 71)","(8, 11)"
"(19, 9, 1, 35)","(69, 9)"
"(17, 15, 1, 63)","(8, 15)"
"(7, 11, 1, 34)","(52, 20)"
"(38, 27, 1, 32)","(15, 27)"
"(38, 2, 1, 32)","(15, 2)"
"(43, 13, 1, 19)","(17, 11)"
"(43, 18, 1, 58)","(17, 16)"
"(32, 1, 1, 71)","(8, 1)"
"(32, 11, 1, 63)","(43, 11)"
"(46, 5, 1, 75)","(71, 3)"
"(19, 3, 1, 35)","(69, 3)"
"(52, 4, 1, 22)","(7, 20)"
"(15, 24, 1, 59)","(38, 24)"
"(69, 5, 1, 25)","(19, 5)"
"(71, 1, 1, 48)","(61, 2)"
"(66, 1, 1, 38)","(28, 1)"
"(47, 1, 1, 12)","(51, 1)"
"(43, 1, 1, 19)","(17, 1)"
"(25, 4, 1, 72)","(18, 1)"
"(7, 18, 1, 4)","(1, 18)"
"(7, 14, 1, 71)","(52, 23)"
"(32, 6, 1, 71)","(8, 4)"
"(28, 3, 1, 81)","(68, 3)"
"(14, 2, 1, 79)","(2, 2)"
"(7, 16, 1, 71)","(52, 8)"
"(52, 22, 1, 22)","(7, 13)"
"(15, 12, 1, 66)","(38, 12)"
"(59, 4, 1, 83)","(23, 4)"
"(7, 18, 1, 47)","(52, 6)"
"(19, 2, 1, 35)","(69, 2)"
"(71, 6, 1, 48)","(61, 4)"
"(7, 4, 1, 34)","(52, 13)"
"(66, 6, 1, 38)","(9, 2)"
"(47, 6, 1, 12)","(51, 2)"
"(43, 6, 1, 19)","(17, 4)"
"(32, 17, 1, 37)","(8, 15)"
"(32, 14, 1, 76)","(8, 12)"
"(32, 4, 1, 63)","(43, 4)"
"(28, 2, 1, 81)","(68, 2)"
"(32, 16, 1, 76)","(8, 14)"
"(32, 5, 1, 87)","(8, 19)"
"(43, 5, 1, 84)","(32, 5)"
"(69, 5, 1, 14)","(19, 5)"
"(38, 40, 1, 32)","(15, 40)"
"(43, 19, 1, 8)","(17, 17)"
"(52, 23, 1, 62)","(7, 14)"
"(32, 15, 1, 71)","(8, 13)"
"(15, 28, 1, 59)","(38, 28)"
"(43, 9, 1, 58)","(17, 7)"
"(46, 1, 1, 75)","(71, 6)"
"(15, 37, 1, 66)","(38, 37)"
"(69, 1, 1, 25)","(19, 1)"
"(15, 18, 1, 66)","(38, 18)"
"(43, 15, 1, 19)","(17, 13)"
"(61, 4, 1, 41)","(71, 2)"
"(53, 5, 1, 54)","(46, 5)"
"(69, 9, 1, 39)","(67, 9)"
"(7, 9, 1, 4)","(1, 9)"
"(43, 3, 1, 58)","(17, 21)"
"(54, 3, 1, 14)","(33, 3)"
"(43, 20, 1, 58)","(17, 18)"
"(12, 1, 1, 74)","(35, 1)"
"(43, 8, 1, 8)","(17, 6)"
"(46, 6, 1, 75)","(71, 4)"
"(69, 6, 1, 25)","(19, 6)"
"(7, 9, 1, 47)","(52, 18)"
"(52, 14, 1, 62)","(7, 5)"
"(43, 17, 1, 77)","(17, 15)"
"(69, 3, 1, 39)","(67, 3)"
"(32, 13, 1, 87)","(8, 11)"
"(43, 13, 1, 84)","(32, 13)"
"(7, 3, 1, 4)","(1, 3)"
"(52, 16, 1, 62)","(7, 7)"
"(29, 5, 1, 61)","(34, 5)"
"(8, 5, 1, 84)","(17, 5)"
"(46, 4, 1, 8)","(47, 6)"
"(32, 14, 1, 20)","(8, 12)"
"(7, 20, 1, 4)","(1, 20)"
"(43, 2, 1, 58)","(17, 2)"
"(6, 1, 1, 68)","(13, 1)"
"(43, 19, 1, 30)","(17, 17)"
"(64, 3, 1, 20)","(37, 3)"
"(32, 16, 1, 20)","(8, 14)"
"(54, 2, 1, 14)","(33, 2)"
"(15, 35, 1, 66)","(38, 35)"
"(69, 10, 1, 48)","(19, 10)"
"(43, 7, 1, 8)","(17, 5)"
"(7, 3, 1, 47)","(52, 12)"
"(8, 12, 1, 66)","(32, 14)"
"(7, 11, 1, 37)","(1, 11)"
"(43, 1, 1, 84)","(32, 1)"
"(32, 1, 1, 87)","(8, 1)"
"(7, 20, 1, 47)","(52, 4)"
"(69, 1, 1, 14)","(19, 1)"
"(69, 4, 1, 50)","(19, 4)"
"(69, 2, 1, 39)","(67, 2)"
"(17, 14, 1, 63)","(8, 14)"
"(7, 2, 1, 4)","(1, 2)"
"(52, 17, 1, 67)","(7, 8)"
"(17, 16, 1, 63)","(8, 16)"
"(64, 2, 1, 20)","(37, 2)"
"(7, 2, 1, 47)","(52, 10)"
"(43, 6, 1, 84)","(32, 6)"
"(32, 6, 1, 87)","(8, 4)"
"(43, 8, 1, 30)","(17, 6)"
"(15, 38, 1, 59)","(38, 38)"
"(15, 9, 1, 66)","(38, 9)"
"(53, 1, 1, 54)","(46, 1)"
"(69, 6, 1, 14)","(19, 6)"
"(12, 4, 1, 32)","(28, 4)"
"(36, 3, 1, 44)","(27, 3)"
"(7, 10, 1, 71)","(52, 19)"
"(38, 46, 1, 32)","(15, 46)"
"(21, 1, 1, 90)","(10, 1)"
"(5, 3, 1, 10)","(21, 2)"
"(25, 3, 1, 44)","(64, 1)"
"(8, 13, 1, 84)","(17, 13)"
"(15, 11, 1, 59)","(38, 11)"
"(15, 3, 1, 66)","(38, 48)"
"(7, 4, 1, 37)","(1, 4)"
"(36, 4, 1, 70)","(71, 4)"
"(43, 7, 1, 30)","(17, 5)"
"(53, 6, 1, 54)","(46, 6)"
"(38, 48, 1, 32)","(15, 3)"
"(8, 18, 1, 66)","(32, 20)"
"(15, 20, 1, 66)","(38, 20)"
"(29, 1, 1, 61)","(34, 1)"
"(8, 1, 1, 84)","(17, 1)"
"(36, 2, 1, 44)","(27, 2)"
"(32, 11, 1, 34)","(8, 9)"
"(5, 2, 1, 10)","(21, 1)"
"(32, 10, 1, 76)","(8, 8)"
"(25, 2, 1, 44)","(27, 6)"
"(7, 21, 1, 71)","(52, 3)"
"(69, 9, 1, 24)","(19, 9)"
"(43, 15, 1, 84)","(32, 15)"
"(32, 15, 1, 87)","(8, 13)"
"(32, 19, 1, 91)","(8, 17)"
"(69, 9, 1, 4)","(19, 9)"
"(15, 27, 1, 66)","(38, 27)"
"(15, 2, 1, 66)","(38, 2)"
"(31, 4, 1, 70)","(71, 6)"
"(8, 6, 1, 84)","(17, 6)"
"(32, 12, 1, 43)","(8, 10)"
"(5, 3, 1, 22)","(59, 3)"
"(11, 4, 1, 78)","(20, 4)"
"(32, 14, 1, 71)","(8, 12)"
"(69, 3, 1, 24)","(19, 3)"
"(28, 4, 1, 4)","(1, 25)"
"(69, 9, 1, 5)","(19, 9)"
"(15, 4, 1, 59)","(38, 49)"
"(69, 3, 1, 4)","(19, 3)"
"(32, 16, 1, 71)","(8, 14)"
"(32, 21, 1, 76)","(8, 3)"
"(17, 12, 1, 86)","(43, 14)"
"(69, 9, 1, 31)","(19, 9)"
"(38, 17, 1, 32)","(15, 17)"
"(52, 19, 1, 22)","(7, 10)"
"(32, 8, 1, 91)","(8, 6)"
"(43, 14, 1, 19)","(17, 12)"
"(32, 4, 1, 34)","(8, 20)"
"(15, 22, 1, 59)","(38, 22)"
"(5, 2, 1, 22)","(59, 2)"
"(15, 42, 1, 59)","(38, 42)"
"(43, 16, 1, 19)","(17, 14)"
"(35, 1, 1, 87)","(10, 2)"
"(69, 3, 1, 5)","(19, 3)"
"(69, 2, 1, 24)","(19, 2)"
"(19, 4, 1, 55)","(69, 4)"
"(67, 10, 1, 50)","(19, 10)"
"(52, 10, 1, 62)","(7, 2)"
"(69, 2, 1, 4)","(19, 2)"
"(69, 3, 1, 31)","(19, 3)"
"(8, 15, 1, 84)","(17, 15)"
"(38, 32, 1, 32)","(15, 32)"
"(18, 5, 1, 51)","(36, 5)"
"(8, 9, 1, 66)","(32, 11)"
"(32, 10, 1, 20)","(8, 8)"
"(20, 5, 1, 37)","(48, 1)"
"(32, 7, 1, 91)","(8, 5)"
"(7, 19, 1, 34)","(52, 5)"
"(43, 5, 1, 8)","(17, 19)"
"(10, 1, 1, 39)","(21, 1)"
"(32, 18, 1, 43)","(8, 16)"
"(52, 8, 1, 22)","(7, 16)"
"(69, 2, 1, 5)","(19, 2)"
"(15, 40, 1, 66)","(38, 40)"
"(32, 19, 1, 63)","(43, 19)"
"(8, 3, 1, 66)","(32, 21)"
"(15, 30, 1, 59)","(38, 30)"
"(17, 18, 1, 86)","(43, 20)"
"(69, 2, 1, 31)","(19, 2)"
"(17, 10, 1, 63)","(8, 10)"
"(52, 21, 1, 62)","(7, 12)"
"(8, 20, 1, 66)","(32, 4)"
"(32, 21, 1, 20)","(8, 3)"
"(22, 1, 1, 57)","(70, 1)"
"(52, 7, 1, 22)","(7, 17)"
"(7, 8, 1, 34)","(52, 17)"
"(69, 9, 1, 10)","(19, 9)"
"(8, 2, 1, 66)","(32, 2)"
"(16, 1, 1, 28)","(62, 1)"
"(32, 8, 1, 63)","(43, 8)"
"(17, 21, 1, 63)","(8, 21)"
"(43, 13, 1, 8)","(17, 11)"
"(43, 5, 1, 30)","(17, 19)"
"(69, 3, 1, 10)","(19, 3)"
"(7, 7, 1, 34)","(52, 16)"
"(18, 1, 1, 51)","(36, 1)"
"(32, 11, 1, 37)","(8, 9)"
"(20, 1, 1, 37)","(1, 25)"
"(43, 1, 1, 8)","(17, 1)"
"(32, 7, 1, 63)","(43, 7)"
"(32, 9, 1, 43)","(8, 7)"
"(69, 2, 1, 10)","(19, 2)"
"(43, 14, 1, 84)","(32, 14)"
"(32, 14, 1, 87)","(8, 12)"
"(17, 9, 1, 86)","(43, 11)"
"(43, 17, 1, 58)","(17, 15)"
"(38, 24, 1, 32)","(15, 24)"
"(32, 16, 1, 87)","(8, 14)"
"(43, 16, 1, 84)","(32, 16)"
"(43, 6, 1, 8)","(17, 4)"
"(32, 3, 1, 43)","(8, 21)"
"(32, 10, 1, 71)","(8, 8)"
"(61, 5, 1, 42)","(60, 2)"
"(24, 4, 1, 18)","(35, 4)"
"(32, 20, 1, 43)","(8, 18)"
"(15, 46, 1, 66)","(38, 46)"
"(43, 13, 1, 30)","(17, 11)"
"(7, 17, 1, 4)","(1, 17)"
"(17, 3, 1, 86)","(43, 21)"
"(42, 1, 1, 23)","(3, 1)"
"(32, 4, 1, 37)","(8, 20)"
"(43, 10, 1, 19)","(17, 8)"
"(17, 20, 1, 86)","(43, 4)"
"(34, 3, 1, 30)","(20, 2)"
"(32, 2, 1, 43)","(8, 2)"
"(7, 17, 1, 47)","(52, 7)"
"(43, 1, 1, 30)","(17, 1)"
"(15, 48, 1, 66)","(38, 5)"
"(32, 21, 1, 71)","(8, 3)"
"(10, 1, 1, 47)","(52, 1)"
"(43, 11, 1, 77)","(17, 9)"
"(69, 8, 1, 50)","(19, 8)"
"(32, 5, 1, 91)","(8, 19)"
"(9, 1, 1, 62)","(35, 3)"
"(17, 2, 1, 86)","(43, 2)"
"(43, 15, 1, 8)","(17, 13)"
"(7, 19, 1, 37)","(1, 19)"
"(8, 14, 1, 84)","(17, 14)"
"(33, 4, 1, 88)","(34, 1)"
"(34, 2, 1, 30)","(20, 3)"
"(43, 21, 1, 19)","(17, 3)"
"(8, 16, 1, 84)","(17, 16)"
"(38, 28, 1, 32)","(15, 28)"
"(43, 6, 1, 30)","(17, 4)"
"(15, 29, 1, 59)","(38, 29)"
"(69, 7, 1, 50)","(19, 7)"
"(52, 11, 1, 67)","(7, 1)"
"(52, 5, 1, 22)","(7, 19)"
"(61, 1, 1, 42)","(64, 1)"
"(15, 31, 1, 59)","(38, 31)"
"(15, 17, 1, 66)","(38, 17)"
"(7, 8, 1, 37)","(1, 8)"
"(15, 44, 1, 59)","(38, 44)"
"(25, 5, 1, 72)","(18, 3)"
"(69, 10, 1, 25)","(19, 10)"
"(43, 4, 1, 77)","(17, 20)"
"(15, 19, 1, 59)","(38, 19)"
"(32, 13, 1, 91)","(8, 11)"
"(59, 5, 1, 83)","(23, 5)"
"(43, 15, 1, 30)","(17, 13)"
"(20, 3, 1, 86)","(34, 3)"
"(61, 6, 1, 42)","(60, 3)"
"(7, 5, 1, 34)","(52, 14)"
"(32, 19, 1, 34)","(8, 17)"
"(15, 32, 1, 66)","(38, 32)"
"(7, 12, 1, 71)","(52, 21)"
"(39, 4, 1, 90)","(71, 5)"
"(7, 7, 1, 37)","(1, 7)"
"(32, 1, 1, 91)","(8, 1)"
"(32, 5, 1, 63)","(43, 5)"
"(52, 4, 1, 67)","(7, 20)"
"(15, 8, 1, 59)","(38, 8)"
"(52, 13, 1, 22)","(7, 4)"
"(20, 2, 1, 86)","(34, 2)"
"(32, 10, 1, 87)","(8, 8)"
"(32, 12, 1, 76)","(8, 10)"
"(52, 22, 1, 67)","(7, 13)"
"(43, 10, 1, 84)","(32, 10)"
"(32, 6, 1, 91)","(8, 4)"
"(69, 10, 1, 14)","(19, 10)"
"(34, 4, 1, 5)","(33, 1)"
"(32, 8, 1, 34)","(8, 6)"
"(28, 3, 1, 59)","(12, 3)"
"(38, 38, 1, 32)","(15, 38)"
"(52, 1, 1, 22)","(59, 4)"
"(27, 4, 1, 9)","(71, 4)"
"(15, 25, 1, 59)","(38, 25)"
"(19, 8, 1, 55)","(69, 8)"
"(15, 7, 1, 59)","(38, 7)"
"(61, 5, 1, 41)","(71, 3)"
"(25, 1, 1, 72)","(18, 5)"
"(7, 13, 1, 34)","(52, 22)"
"(51, 3, 1, 58)","(18, 1)"
"(7, 18, 1, 71)","(52, 6)"
"(38, 11, 1, 32)","(15, 11)"
"(10, 3, 1, 34)","(48, 1)"
"(62, 1, 1, 43)","(10, 1)"
"(59, 1, 1, 83)","(23, 1)"
"(32, 7, 1, 34)","(8, 5)"
"(32, 21, 1, 87)","(8, 3)"
"(43, 21, 1, 84)","(32, 21)"
"(32, 13, 1, 63)","(43, 13)"
"(28, 2, 1, 59)","(12, 2)"
"(52, 6, 1, 22)","(7, 18)"
"(15, 36, 1, 59)","(38, 36)"
"(7, 1, 1, 34)","(52, 11)"
"(19, 7, 1, 55)","(69, 7)"
"(32, 15, 1, 91)","(8, 13)"
"(8, 17, 1, 66)","(32, 19)"
"(13, 1, 1, 25)","(37, 1)"
"(51, 2, 1, 58)","(18, 2)"
"(46, 5, 1, 8)","(47, 5)"
"(40, 4, 1, 56)","(12, 4)"
"(32, 1, 1, 63)","(43, 1)"
"(10, 2, 1, 34)","(52, 2)"
"(32, 18, 1, 76)","(8, 16)"
"(59, 6, 1, 83)","(23, 6)"
"(8, 10, 1, 84)","(17, 10)"
"(22, 1, 1, 29)","(70, 1)"
"(52, 12, 1, 62)","(7, 3)"
"(35, 3, 1, 19)","(10, 2)"
"(43, 14, 1, 8)","(17, 12)"
"(69, 9, 1, 48)","(19, 9)"
"(7, 6, 1, 34)","(52, 15)"
"(43, 16, 1, 8)","(17, 14)"
"(32, 12, 1, 20)","(8, 10)"
"(68, 3, 1, 27)","(28, 3)"
"(69, 5, 1, 50)","(19, 5)"
"(15, 24, 1, 66)","(38, 24)"
"(3, 1, 1, 91)","(65, 1)"
"(38, 4, 1, 32)","(15, 47)"
"(32, 6, 1, 63)","(43, 6)"
"(23, 3, 1, 2)","(66, 3)"
"(66, 3, 1, 77)","(20, 3)"
"(52, 15, 1, 22)","(7, 6)"
"(69, 3, 1, 48)","(19, 3)"
"(65, 1, 1, 71)","(52, 1)"
"(35, 2, 1, 19)","(10, 1)"
"(61, 1, 1, 41)","(71, 6)"
"(17, 12, 1, 63)","(8, 12)"
"(8, 21, 1, 84)","(17, 21)"
"(38, 22, 1, 32)","(15, 22)"
"(38, 42, 1, 32)","(15, 42)"
"(68, 2, 1, 27)","(28, 2)"
"(7, 9, 1, 71)","(52, 18)"
"(21, 3, 1, 7)","(5, 4)"
"(4, 1, 1, 40)","(65, 1)"
"(23, 2, 1, 2)","(66, 2)"
"(66, 2, 1, 77)","(20, 2)"
"(7, 15, 1, 34)","(52, 9)"
"(69, 2, 1, 48)","(19, 2)"
"(7, 5, 1, 37)","(1, 5)"
"(32, 19, 1, 37)","(8, 17)"
"(19, 4, 1, 35)","(69, 4)"
"(61, 6, 1, 41)","(71, 4)"
"(52, 18, 1, 62)","(7, 9)"
"(36, 5, 1, 70)","(64, 3)"
"(43, 14, 1, 30)","(17, 12)"
"(7, 3, 1, 71)","(52, 12)"
"(46, 1, 1, 8)","(47, 3)"
"(49, 1, 1, 80)","(10, 1)"
"(32, 15, 1, 63)","(43, 15)"
"(43, 16, 1, 30)","(17, 14)"
"(32, 18, 1, 20)","(8, 16)"
"(7, 20, 1, 71)","(52, 4)"
"(21, 2, 1, 7)","(5, 3)"
"(15, 45, 1, 59)","(38, 45)"
"(21, 1, 1, 54)","(10, 1)"
"(15, 28, 1, 66)","(38, 28)"
"(32, 9, 1, 76)","(8, 7)"
"(38, 30, 1, 32)","(15, 30)"
"(32, 17, 1, 43)","(8, 15)"
"(28, 4, 1, 81)","(68, 4)"
"(69, 1, 1, 50)","(19, 1)"
"(15, 39, 1, 59)","(38, 39)"
"(17, 17, 1, 86)","(43, 19)"
"(46, 6, 1, 8)","(47, 4)"
"(17, 18, 1, 63)","(8, 18)"
"(7, 2, 1, 71)","(52, 10)"
"(32, 8, 1, 37)","(8, 6)"
"(43, 11, 1, 58)","(17, 9)"
"(11, 5, 1, 78)","(20, 5)"
"(32, 3, 1, 76)","(8, 21)"
"(15, 5, 1, 59)","(38, 47)"
"(32, 20, 1, 76)","(8, 18)"
"(15, 43, 1, 59)","(38, 43)"
"(12, 1, 1, 32)","(28, 1)"
"(7, 13, 1, 37)","(1, 13)"
"(69, 6, 1, 50)","(19, 6)"
"(7, 11, 1, 4)","(1, 11)"
"(32, 5, 1, 34)","(8, 19)"
"(32, 12, 1, 71)","(8, 10)"
"(32, 7, 1, 37)","(8, 5)"
"(32, 2, 1, 76)","(8, 2)"
"(43, 19, 1, 77)","(17, 17)"
"(19, 5, 1, 55)","(69, 5)"
"(7, 1, 1, 37)","(1, 1)"
"(36, 1, 1, 70)","(71, 1)"
"(7, 11, 1, 47)","(52, 20)"
"(67, 9, 1, 50)","(19, 9)"
"(52, 9, 1, 62)","(7, 15)"
"(43, 12, 1, 19)","(17, 10)"
"(63, 1, 1, 82)","(48, 1)"
"(52, 23, 1, 22)","(7, 14)"
"(15, 49, 1, 59)","(38, 3)"
"(43, 4, 1, 58)","(17, 20)"
"(32, 9, 1, 20)","(8, 7)"
"(15, 33, 1, 59)","(38, 33)"
"(32, 14, 1, 91)","(8, 12)"
"(54, 4, 1, 14)","(33, 4)"
"(32, 16, 1, 91)","(8, 14)"
"(43, 10, 1, 8)","(17, 8)"
"(7, 6, 1, 37)","(1, 6)"
"(15, 13, 1, 59)","(38, 13)"
"(67, 3, 1, 50)","(19, 3)"
"(52, 3, 1, 62)","(7, 21)"
"(52, 19, 1, 67)","(7, 10)"
"(43, 8, 1, 77)","(17, 6)"
"(31, 1, 1, 70)","(64, 1)"
"(52, 20, 1, 62)","(7, 11)"
"(69, 4, 1, 39)","(67, 4)"
"(15, 38, 1, 66)","(38, 38)"
"(7, 4, 1, 4)","(1, 4)"
"(17, 9, 1, 63)","(8, 9)"
"(32, 3, 1, 20)","(8, 21)"
"(11, 1, 1, 78)","(20, 1)"
"(32, 13, 1, 34)","(8, 11)"
"(6, 1, 1, 36)","(21, 3)"
"(28, 1, 1, 4)","(1, 22)"
"(32, 20, 1, 20)","(8, 18)"
"(32, 18, 1, 71)","(8, 16)"
"(15, 1, 1, 59)","(38, 1)"
"(52, 14, 1, 22)","(7, 5)"
"(7, 4, 1, 47)","(52, 13)"
"(15, 11, 1, 66)","(38, 11)"
"(67, 2, 1, 50)","(19, 2)"
"(52, 2, 1, 62)","(35, 1)"
"(52, 16, 1, 22)","(7, 7)"
"(43, 21, 1, 8)","(17, 3)"
"(17, 3, 1, 63)","(8, 3)"
"(43, 7, 1, 77)","(17, 5)"
"(32, 1, 1, 34)","(8, 1)"
"(43, 18, 1, 19)","(17, 16)"
"(17, 20, 1, 63)","(8, 20)"
"(32, 2, 1, 20)","(8, 2)"
"(52, 8, 1, 67)","(7, 16)"
"(33, 3, 1, 86)","(34, 2)"
"(15, 6, 1, 59)","(38, 6)"
"(7, 15, 1, 37)","(1, 15)"
"(19, 1, 1, 55)","(69, 1)"
"(43, 10, 1, 30)","(17, 8)"
"(7, 14, 1, 34)","(52, 23)"
"(35, 3, 1, 76)","(5, 3)"
"(32, 6, 1, 34)","(8, 4)"
"(36, 4, 1, 44)","(27, 4)"
"(7, 16, 1, 34)","(52, 8)"
"(17, 2, 1, 63)","(8, 2)"
"(5, 4, 1, 10)","(21, 3)"
"(25, 4, 1, 44)","(64, 2)"
"(52, 7, 1, 67)","(7, 17)"
"(32, 14, 1, 63)","(43, 14)"
"(38, 29, 1, 32)","(15, 29)"
"(19, 6, 1, 55)","(69, 6)"
"(33, 2, 1, 86)","(34, 3)"
"(32, 16, 1, 63)","(43, 16)"
"(15, 4, 1, 66)","(38, 49)"
"(38, 31, 1, 32)","(15, 31)"
"(35, 2, 1, 76)","(5, 2)"
"(43, 21, 1, 30)","(17, 3)"
"(38, 44, 1, 32)","(15, 44)"
"(15, 15, 1, 59)","(38, 15)"
"(32, 9, 1, 71)","(8, 7)"
"(15, 22, 1, 66)","(38, 22)"
"(15, 42, 1, 66)","(38, 42)"
"(38, 19, 1, 32)","(15, 19)"
"(32, 12, 1, 87)","(8, 10)"
"(43, 12, 1, 84)","(32, 12)"
"(27, 7, 1, 9)","(31, 4)"
"(32, 15, 1, 34)","(8, 13)"
"(32, 5, 1, 37)","(8, 19)"
"(43, 9, 1, 19)","(17, 7)"
"(5, 4, 1, 22)","(59, 6)"
"(32, 3, 1, 71)","(8, 21)"
"(69, 4, 1, 24)","(19, 4)"
"(32, 20, 1, 71)","(8, 18)"
"(69, 4, 1, 4)","(19, 4)"
"(71, 3, 1, 48)","(61, 6)"
"(66, 3, 1, 38)","(28, 3)"
"(47, 3, 1, 12)","(51, 6)"
"(8, 11, 1, 66)","(32, 13)"
"(38, 8, 1, 32)","(15, 8)"
"(43, 3, 1, 19)","(17, 21)"
"(15, 30, 1, 66)","(38, 30)"
"(32, 10, 1, 91)","(8, 8)"
"(33, 5, 1, 88)","(34, 5)"
"(43, 20, 1, 19)","(17, 18)"
"(32, 2, 1, 71)","(8, 2)"
"(69, 4, 1, 5)","(19, 4)"
"(32, 18, 1, 87)","(8, 16)"
"(43, 18, 1, 84)","(32, 18)"
"(8, 12, 1, 84)","(17, 12)"
"(69, 4, 1, 31)","(19, 4)"
"(2, 1, 1, 24)","(58, 1)"
"(71, 2, 1, 48)","(61, 1)"
"(38, 25, 1, 32)","(15, 25)"
"(66, 2, 1, 38)","(28, 2)"
"(47, 2, 1, 12)","(51, 5)"
"(38, 7, 1, 32)","(15, 7)"
"(32, 13, 1, 37)","(8, 11)"
"(43, 2, 1, 19)","(17, 2)"
"(24, 1, 1, 18)","(35, 1)"
"(32, 21, 1, 91)","(8, 3)"
"(52, 10, 1, 22)","(7, 2)"
"(19, 8, 1, 35)","(69, 8)"
"(43, 5, 1, 77)","(17, 19)"
"(69, 9, 1, 25)","(19, 9)"
"(38, 36, 1, 32)","(15, 36)"
"(32, 1, 1, 37)","(8, 1)"
"(7, 17, 1, 71)","(52, 7)"
"(8, 4, 1, 66)","(32, 6)"
"(21, 1, 1, 35)","(10, 1)"
"(46, 3, 1, 75)","(71, 2)"
"(39, 5, 1, 90)","(71, 4)"
"(15, 41, 1, 59)","(38, 41)"
"(19, 7, 1, 35)","(69, 7)"
"(69, 3, 1, 25)","(19, 3)"
