"(260, 4, 1, 71)","(120, 2)"
"(84, 5, 1, 470)","(338, 5)"
"(97, 1, 1, 183)","(397, 1)"
"(84, 5, 1, 228)","(338, 5)"
"(84, 1, 1, 120)","(338, 1)"
"(159, 1, 1, 195)","(343, 1)"
"(84, 3, 1, 367)","(269, 3)"
"(84, 3, 1, 15)","(338, 3)"
"(84, 5, 1, 151)","(338, 5)"
"(406, 7, 1, 308)","(106, 5)"
"(406, 3, 1, 433)","(106, 1)"
"(200, 4, 1, 302)","(106, 4)"
"(361, 1, 1, 37)","(57, 1)"
"(185, 1, 1, 412)","(235, 2)"
"(262, 4, 1, 114)","(10, 5)"
"(84, 2, 1, 121)","(338, 2)"
"(300, 1, 1, 152)","(245, 1)"
"(84, 4, 1, 7)","(338, 4)"
"(84, 4, 1, 95)","(338, 4)"
"(257, 3, 1, 239)","(326, 3)"
"(343, 7, 1, 362)","(159, 7)"
"(159, 4, 1, 130)","(343, 4)"
"(84, 2, 1, 380)","(338, 2)"
"(84, 4, 1, 86)","(338, 4)"
"(128, 1, 1, 174)","(69, 1)"
"(135, 1, 1, 182)","(26, 1)"
"(406, 1, 1, 65)","(106, 7)"
"(258, 2, 1, 160)","(259, 1)"
"(159, 6, 1, 195)","(343, 6)"
"(202, 4, 1, 246)","(354, 5)"
"(354, 1, 1, 281)","(197, 1)"
"(365, 7, 1, 73)","(125, 7)"
"(84, 2, 1, 367)","(269, 2)"
"(84, 2, 1, 15)","(338, 2)"
"(277, 4, 1, 102)","(225, 4)"
"(406, 2, 1, 433)","(106, 6)"
"(198, 3, 1, 441)","(399, 3)"
"(406, 7, 1, 392)","(106, 5)"
"(324, 1, 1, 455)","(34, 1)"
"(309, 1, 1, 192)","(169, 1)"
"(378, 2, 1, 3)","(361, 2)"
"(252, 1, 1, 34)","(316, 3)"
"(427, 1, 1, 330)","(323, 1)"
"(125, 1, 1, 378)","(141, 1)"
"(390, 7, 1, 104)","(141, 7)"
"(200, 7, 1, 365)","(341, 1)"
"(257, 2, 1, 239)","(326, 2)"
"(84, 4, 1, 213)","(338, 4)"
"(84, 4, 1, 116)","(338, 4)"
"(326, 4, 1, 350)","(257, 4)"
"(257, 4, 1, 292)","(326, 4)"
"(154, 1, 1, 414)","(376, 1)"
"(406, 6, 1, 65)","(106, 4)"
"(84, 1, 1, 305)","(197, 1)"
"(201, 1, 1, 171)","(189, 1)"
"(11, 4, 1, 19)","(354, 4)"
"(326, 1, 1, 354)","(257, 1)"
"(84, 5, 1, 41)","(197, 5)"
"(198, 2, 1, 441)","(399, 2)"
"(84, 5, 1, 272)","(338, 5)"
"(343, 7, 1, 391)","(159, 7)"
"(257, 5, 1, 176)","(326, 5)"
"(84, 1, 1, 123)","(338, 1)"
"(343, 5, 1, 250)","(159, 5)"
"(125, 6, 1, 378)","(141, 6)"
"(68, 5, 1, 255)","(430, 5)"
"(150, 7, 1, 100)","(141, 7)"
"(106, 5, 1, 266)","(406, 7)"
"(84, 5, 1, 99)","(431, 5)"
"(84, 1, 1, 470)","(338, 1)"
"(84, 1, 1, 228)","(338, 1)"
"(84, 3, 1, 469)","(338, 3)"
"(84, 5, 1, 264)","(338, 5)"
"(84, 1, 1, 151)","(338, 1)"
"(225, 3, 1, 140)","(233, 3)"
"(326, 6, 1, 354)","(257, 6)"
"(91, 1, 1, 172)","(290, 4)"
"(257, 3, 1, 153)","(326, 3)"
"(154, 1, 1, 216)","(183, 1)"
"(45, 1, 1, 324)","(92, 1)"
"(196, 8, 1, 456)","(247, 8)"
"(257, 4, 1, 22)","(326, 4)"
"(84, 5, 1, 76)","(338, 5)"
"(343, 4, 1, 104)","(159, 4)"
"(428, 1, 1, 348)","(259, 1)"
"(343, 7, 1, 80)","(159, 7)"
"(412, 3, 1, 408)","(163, 3)"
"(343, 4, 1, 338)","(159, 4)"
"(81, 1, 1, 132)","(134, 1)"
"(84, 4, 1, 401)","(338, 4)"
"(84, 4, 1, 414)","(197, 4)"
"(27, 4, 1, 435)","(171, 4)"
"(84, 2, 1, 469)","(338, 2)"
"(84, 4, 1, 60)","(338, 4)"
"(84, 5, 1, 3)","(338, 5)"
"(367, 1, 1, 279)","(415, 1)"
"(305, 1, 1, 204)","(291, 1)"
"(428, 1, 1, 101)","(392, 1)"
"(257, 5, 1, 64)","(326, 5)"
"(225, 2, 1, 140)","(233, 4)"
"(159, 4, 1, 68)","(343, 4)"
"(84, 3, 1, 393)","(197, 3)"
"(347, 1, 1, 205)","(244, 1)"
"(405, 4, 1, 155)","(160, 4)"
"(343, 4, 1, 457)","(159, 4)"
"(84, 5, 1, 285)","(338, 5)"
"(257, 2, 1, 153)","(326, 2)"
"(406, 5, 1, 116)","(384, 3)"
"(196, 7, 1, 456)","(247, 7)"
"(397, 1, 1, 122)","(352, 1)"
"(412, 2, 1, 408)","(163, 2)"
"(33, 2, 1, 161)","(302, 2)"
"(84, 4, 1, 211)","(338, 4)"
"(343, 7, 1, 337)","(159, 7)"
"(259, 1, 1, 5)","(258, 2)"
"(263, 4, 1, 419)","(261, 4)"
"(343, 4, 1, 453)","(159, 4)"
"(84, 4, 1, 17)","(338, 4)"
"(406, 4, 1, 236)","(106, 2)"
"(259, 1, 1, 339)","(243, 1)"
"(17, 1, 1, 127)","(232, 1)"
"(84, 1, 1, 41)","(197, 1)"
"(84, 5, 1, 320)","(338, 5)"
"(69, 3, 1, 425)","(390, 3)"
"(84, 1, 1, 272)","(338, 1)"
"(334, 3, 1, 341)","(116, 4)"
"(257, 1, 1, 176)","(326, 1)"
"(343, 1, 1, 250)","(159, 1)"
"(3, 1, 1, 327)","(282, 1)"
"(84, 3, 2, 353)","(338, 3)"
"(116, 3, 1, 391)","(262, 3)"
"(84, 4, 1, 216)","(338, 4)"
"(68, 1, 1, 255)","(430, 1)"
"(321, 4, 1, 381)","(260, 1)"
"(84, 2, 1, 393)","(197, 2)"
"(106, 1, 1, 266)","(406, 3)"
"(84, 3, 1, 388)","(239, 5)"
"(84, 1, 1, 99)","(431, 1)"
"(84, 4, 1, 425)","(338, 4)"
"(84, 1, 1, 264)","(338, 1)"
"(406, 5, 1, 308)","(106, 3)"
"(84, 5, 1, 234)","(338, 5)"
"(343, 5, 1, 362)","(159, 5)"
"(257, 6, 1, 176)","(326, 6)"
"(343, 6, 1, 250)","(159, 6)"
"(69, 2, 1, 425)","(390, 2)"
"(159, 4, 1, 26)","(343, 4)"
"(334, 2, 1, 341)","(116, 2)"
"(116, 2, 1, 391)","(262, 2)"
"(84, 2, 2, 353)","(338, 2)"
"(84, 1, 1, 76)","(338, 1)"
"(84, 3, 1, 55)","(197, 3)"
"(237, 1, 1, 196)","(297, 1)"
"(106, 6, 1, 266)","(406, 2)"
"(239, 4, 1, 267)","(106, 4)"
"(171, 1, 1, 305)","(116, 5)"
"(159, 4, 1, 199)","(343, 4)"
"(84, 2, 1, 388)","(239, 4)"
"(326, 3, 1, 203)","(257, 3)"
"(84, 3, 1, 360)","(300, 3)"
"(365, 5, 1, 73)","(125, 5)"
"(84, 1, 1, 3)","(338, 1)"
"(84, 3, 1, 327)","(338, 3)"
"(406, 5, 1, 392)","(106, 3)"
"(125, 3, 1, 193)","(141, 3)"
"(257, 7, 1, 233)","(326, 7)"
"(84, 5, 1, 223)","(338, 5)"
"(257, 1, 1, 64)","(326, 1)"
"(61, 2, 1, 92)","(201, 2)"
"(390, 5, 1, 104)","(141, 5)"
"(200, 5, 1, 365)","(341, 7)"
"(84, 1, 1, 285)","(338, 1)"
"(406, 1, 1, 116)","(384, 7)"
"(84, 3, 1, 397)","(197, 3)"
"(84, 2, 1, 55)","(197, 2)"
"(84, 5, 1, 379)","(338, 5)"
"(326, 2, 1, 203)","(257, 2)"
"(84, 2, 1, 360)","(300, 2)"
"(198, 1, 1, 211)","(91, 1)"
"(156, 5, 1, 367)","(178, 5)"
"(84, 2, 1, 327)","(338, 2)"
"(84, 1, 1, 320)","(338, 1)"
"(338, 4, 1, 165)","(84, 4)"
"(257, 6, 1, 64)","(326, 6)"
"(32, 3, 1, 138)","(354, 1)"
"(125, 2, 1, 193)","(141, 2)"
"(343, 5, 1, 391)","(159, 5)"
"(84, 3, 1, 69)","(197, 3)"
"(115, 1, 1, 43)","(82, 2)"
"(376, 2, 1, 323)","(428, 1)"
"(150, 5, 1, 100)","(141, 5)"
"(106, 3, 1, 333)","(406, 5)"
"(263, 3, 1, 361)","(280, 4)"
"(406, 6, 1, 116)","(384, 4)"
"(59, 1, 1, 91)","(259, 1)"
"(406, 1, 1, 308)","(106, 7)"
"(431, 3, 1, 439)","(257, 7)"
"(84, 2, 1, 397)","(197, 2)"
"(84, 1, 1, 234)","(338, 1)"
"(248, 1, 1, 67)","(154, 1)"
"(406, 7, 1, 175)","(106, 5)"
"(409, 1, 1, 228)","(258, 1)"
"(84, 4, 1, 135)","(338, 4)"
"(406, 3, 2, 65)","(341, 3)"
"(297, 2, 1, 157)","(4, 2)"
"(20, 3, 1, 119)","(321, 4)"
"(343, 1, 1, 362)","(159, 1)"
"(150, 4, 1, 203)","(151, 1)"
"(32, 2, 1, 138)","(354, 5)"
"(84, 2, 1, 69)","(197, 2)"
"(343, 5, 1, 80)","(159, 5)"
"(39, 1, 1, 133)","(74, 2)"
"(99, 3, 1, 320)","(226, 3)"
"(106, 2, 1, 333)","(406, 4)"
"(263, 2, 1, 361)","(280, 5)"
"(406, 6, 1, 308)","(106, 4)"
"(226, 7, 1, 227)","(14, 7)"
"(357, 1, 1, 382)","(323, 1)"
"(365, 1, 1, 73)","(125, 1)"
"(125, 3, 1, 437)","(141, 3)"
"(257, 7, 1, 461)","(326, 7)"
"(258, 1, 1, 62)","(46, 1)"
"(431, 2, 1, 439)","(257, 6)"
"(406, 1, 1, 392)","(106, 7)"
"(209, 1, 1, 243)","(62, 1)"
"(159, 3, 1, 385)","(343, 3)"
"(84, 1, 1, 223)","(338, 1)"
"(343, 6, 1, 362)","(159, 6)"
"(390, 1, 1, 104)","(141, 1)"
"(406, 2, 2, 65)","(341, 2)"
"(20, 2, 1, 119)","(321, 3)"
"(200, 1, 1, 365)","(341, 3)"
"(178, 3, 1, 424)","(211, 3)"
"(355, 5, 1, 258)","(426, 3)"
"(196, 5, 1, 456)","(247, 5)"
"(343, 3, 1, 252)","(159, 3)"
"(308, 2, 1, 464)","(135, 1)"
"(257, 4, 1, 264)","(159, 4)"
"(305, 1, 1, 145)","(53, 1)"
"(84, 1, 1, 379)","(338, 1)"
"(84, 4, 1, 103)","(338, 4)"
"(343, 5, 1, 337)","(159, 5)"
"(99, 2, 1, 320)","(226, 2)"
"(199, 1, 1, 277)","(414, 1)"
"(326, 7, 1, 451)","(257, 7)"
"(365, 6, 1, 73)","(125, 6)"
"(62, 1, 1, 149)","(169, 1)"
"(392, 1, 1, 393)","(137, 1)"
"(406, 6, 1, 392)","(106, 4)"
"(125, 2, 1, 437)","(141, 2)"
"(156, 1, 1, 367)","(178, 1)"
"(343, 1, 1, 391)","(159, 1)"
"(350, 1, 1, 301)","(244, 1)"
"(159, 2, 1, 385)","(343, 2)"
"(390, 6, 1, 104)","(141, 6)"
"(138, 5, 1, 248)","(314, 5)"
"(150, 1, 1, 100)","(141, 1)"
"(109, 2, 1, 135)","(332, 2)"
"(200, 6, 1, 365)","(341, 2)"
"(259, 1, 1, 130)","(154, 1)"
"(359, 1, 1, 35)","(259, 1)"
"(178, 2, 1, 424)","(211, 2)"
"(262, 4, 1, 153)","(171, 3)"
"(258, 1, 1, 206)","(154, 1)"
"(343, 2, 1, 252)","(159, 2)"
"(425, 1, 1, 402)","(394, 1)"
"(156, 3, 1, 114)","(178, 3)"
"(57, 2, 1, 207)","(130, 7)"
"(150, 3, 1, 383)","(141, 3)"
"(343, 6, 1, 391)","(159, 6)"
"(200, 7, 1, 302)","(106, 7)"
"(98, 3, 1, 383)","(305, 3)"
"(116, 5, 1, 349)","(178, 5)"
"(343, 1, 1, 80)","(159, 1)"
"(150, 6, 1, 100)","(141, 6)"
"(115, 2, 1, 72)","(8, 1)"
"(233, 1, 1, 318)","(53, 1)"
"(202, 3, 1, 395)","(354, 3)"
"(325, 1, 1, 446)","(425, 1)"
"(328, 4, 1, 234)","(194, 4)"
"(210, 4, 1, 443)","(334, 3)"
"(159, 7, 1, 130)","(343, 7)"
"(194, 5, 1, 272)","(335, 5)"
"(337, 1, 1, 11)","(88, 3)"
"(156, 2, 1, 114)","(178, 2)"
"(375, 3, 1, 190)","(27, 3)"
"(186, 1, 1, 174)","(69, 5)"
"(257, 5, 1, 233)","(326, 5)"
"(150, 2, 1, 383)","(141, 2)"
"(84, 5, 1, 204)","(291, 5)"
"(84, 3, 1, 166)","(338, 3)"
"(55, 1, 1, 237)","(199, 1)"
"(355, 1, 1, 258)","(154, 1)"
"(98, 2, 1, 383)","(305, 2)"
"(343, 6, 1, 80)","(159, 6)"
"(53, 1, 1, 95)","(305, 1)"
"(196, 1, 1, 456)","(247, 1)"
"(257, 3, 1, 217)","(326, 3)"
"(202, 2, 1, 395)","(354, 2)"
"(343, 1, 1, 337)","(159, 1)"
"(165, 1, 1, 261)","(117, 1)"
"(84, 5, 1, 227)","(338, 5)"
"(84, 5, 1, 27)","(338, 5)"
"(84, 4, 1, 141)","(197, 4)"
"(326, 7, 1, 350)","(257, 7)"
"(84, 4, 1, 171)","(338, 4)"
"(257, 7, 1, 292)","(326, 7)"
"(97, 2, 1, 374)","(286, 1)"
"(84, 5, 1, 413)","(338, 5)"
"(375, 2, 1, 190)","(27, 2)"
"(204, 5, 1, 78)","(54, 5)"
"(141, 3, 1, 330)","(150, 3)"
"(138, 1, 1, 248)","(314, 1)"
"(84, 2, 1, 166)","(338, 2)"
"(89, 2, 1, 447)","(376, 2)"
"(122, 1, 1, 16)","(82, 1)"
"(84, 5, 1, 124)","(338, 5)"
"(196, 6, 1, 456)","(247, 6)"
"(343, 4, 1, 137)","(159, 4)"
"(156, 5, 1, 128)","(204, 3)"
"(84, 3, 1, 439)","(197, 3)"
"(244, 3, 1, 180)","(262, 4)"
"(211, 4, 1, 422)","(420, 1)"
"(343, 6, 1, 337)","(159, 6)"
"(36, 1, 1, 44)","(185, 1)"
"(284, 1, 1, 347)","(235, 1)"
"(232, 1, 1, 28)","(17, 1)"
"(257, 2, 1, 217)","(326, 2)"
"(406, 5, 1, 175)","(106, 3)"
"(84, 3, 1, 282)","(338, 3)"
"(257, 4, 1, 150)","(326, 4)"
"(141, 3, 1, 438)","(125, 3)"
"(167, 2, 1, 81)","(4, 1)"
"(116, 1, 1, 349)","(178, 1)"
"(84, 3, 1, 155)","(338, 3)"
"(84, 3, 1, 277)","(338, 3)"
"(141, 2, 1, 330)","(150, 2)"
"(226, 5, 1, 227)","(14, 5)"
"(106, 4, 1, 358)","(345, 2)"
"(345, 3, 1, 173)","(197, 3)"
"(257, 5, 1, 461)","(326, 5)"
"(257, 7, 1, 22)","(326, 7)"
"(343, 7, 1, 104)","(159, 7)"
"(84, 4, 1, 462)","(338, 4)"
"(194, 1, 1, 272)","(335, 1)"
"(244, 2, 1, 180)","(262, 2)"
"(84, 4, 1, 63)","(338, 4)"
"(343, 7, 1, 338)","(159, 7)"
"(242, 3, 1, 48)","(106, 3)"
"(84, 2, 1, 439)","(197, 2)"
"(257, 1, 1, 233)","(326, 1)"
"(54, 3, 1, 407)","(412, 3)"
"(84, 1, 1, 204)","(291, 7)"
"(84, 2, 1, 282)","(338, 2)"
"(141, 2, 1, 438)","(125, 2)"
"(84, 3, 1, 284)","(338, 3)"
"(343, 4, 1, 149)","(159, 4)"
"(84, 2, 1, 155)","(338, 2)"
"(159, 7, 1, 68)","(343, 7)"
"(343, 7, 1, 457)","(159, 7)"
"(92, 3, 1, 470)","(99, 3)"
"(84, 2, 1, 277)","(338, 2)"
"(10, 4, 1, 129)","(197, 4)"
"(326, 5, 1, 451)","(257, 5)"
"(156, 3, 1, 2)","(355, 3)"
"(84, 4, 1, 221)","(338, 4)"
"(103, 3, 1, 23)","(334, 3)"
"(305, 3, 1, 266)","(98, 3)"
"(84, 1, 1, 227)","(338, 1)"
"(367, 1, 1, 450)","(154, 1)"
"(84, 1, 1, 27)","(338, 1)"
"(345, 2, 1, 173)","(197, 2)"
"(84, 3, 1, 468)","(338, 3)"
"(84, 1, 1, 413)","(338, 1)"
"(257, 6, 1, 233)","(326, 6)"
"(257, 4, 1, 405)","(326, 4)"
"(242, 2, 1, 48)","(106, 2)"
"(84, 5, 1, 207)","(130, 5)"
"(204, 1, 1, 78)","(54, 1)"
"(296, 1, 2, 213)","(38, 2)"
"(54, 2, 1, 407)","(412, 2)"
"(343, 7, 1, 453)","(159, 7)"
"(406, 7, 1, 236)","(106, 5)"
"(268, 1, 1, 75)","(302, 1)"
"(121, 1, 1, 290)","(59, 1)"
"(84, 1, 1, 124)","(338, 1)"
"(282, 3, 1, 133)","(74, 4)"
"(84, 2, 1, 284)","(338, 2)"
"(156, 1, 1, 128)","(204, 1)"
"(120, 1, 1, 240)","(154, 1)"
"(123, 1, 1, 59)","(154, 1)"
"(224, 1, 1, 186)","(259, 1)"
"(129, 1, 1, 433)","(264, 1)"
"(92, 2, 1, 470)","(99, 2)"
"(106, 3, 1, 55)","(102, 3)"
"(406, 1, 1, 175)","(106, 7)"
"(84, 3, 1, 328)","(338, 3)"
"(156, 2, 1, 2)","(355, 5)"
"(305, 2, 1, 266)","(98, 2)"
"(103, 2, 1, 23)","(334, 2)"
"(326, 4, 1, 372)","(257, 4)"
"(84, 2, 1, 468)","(338, 2)"
"(150, 3, 1, 385)","(365, 3)"
"(84, 4, 1, 268)","(338, 4)"
"(200, 5, 1, 302)","(106, 5)"
"(261, 4, 1, 463)","(32, 3)"
"(84, 5, 1, 7)","(338, 5)"
"(84, 5, 1, 95)","(338, 5)"
"(153, 4, 1, 232)","(346, 4)"
"(84, 3, 1, 253)","(338, 3)"
"(163, 4, 1, 289)","(69, 4)"
"(282, 2, 1, 133)","(74, 3)"
"(210, 3, 1, 191)","(334, 4)"
"(159, 7, 1, 26)","(343, 7)"
"(226, 1, 1, 227)","(14, 1)"
"(159, 5, 1, 130)","(343, 5)"
"(257, 1, 1, 461)","(326, 1)"
"(84, 5, 1, 86)","(338, 5)"
"(239, 7, 1, 267)","(106, 7)"
"(363, 1, 1, 452)","(259, 1)"
"(406, 6, 1, 175)","(106, 4)"
"(202, 5, 1, 246)","(354, 4)"
"(159, 7, 1, 199)","(343, 7)"
"(84, 4, 1, 349)","(338, 4)"
"(30, 1, 1, 142)","(157, 1)"
"(106, 2, 1, 55)","(102, 2)"
"(84, 2, 1, 328)","(338, 2)"
"(150, 2, 1, 385)","(365, 2)"
"(84, 3, 1, 324)","(338, 3)"
"(89, 1, 1, 27)","(376, 1)"
"(84, 3, 1, 438)","(338, 3)"
"(159, 4, 1, 317)","(343, 4)"
"(257, 4, 1, 109)","(326, 4)"
"(84, 2, 1, 253)","(338, 2)"
"(226, 6, 1, 227)","(14, 6)"
"(326, 1, 1, 451)","(257, 1)"
"(76, 2, 1, 170)","(120, 2)"
"(84, 5, 1, 213)","(338, 5)"
"(84, 5, 1, 116)","(338, 5)"
"(210, 2, 1, 191)","(334, 2)"
"(326, 5, 1, 350)","(257, 5)"
"(257, 6, 1, 461)","(326, 6)"
"(257, 5, 1, 292)","(326, 5)"
"(11, 5, 1, 19)","(354, 5)"
"(84, 1, 1, 207)","(130, 1)"
"(183, 3, 1, 74)","(9, 3)"
"(84, 3, 1, 434)","(338, 3)"
"(343, 3, 1, 70)","(159, 3)"
"(84, 2, 1, 324)","(338, 2)"
"(293, 3, 1, 463)","(31, 4)"
"(84, 2, 1, 438)","(338, 2)"
"(343, 3, 1, 265)","(159, 3)"
"(163, 3, 1, 141)","(128, 3)"
"(305, 3, 1, 337)","(98, 3)"
"(260, 1, 1, 71)","(143, 1)"
"(26, 3, 1, 352)","(337, 3)"
"(326, 6, 1, 451)","(257, 6)"
"(406, 4, 1, 54)","(106, 2)"
"(233, 3, 2, 318)","(225, 4)"
"(262, 3, 1, 94)","(371, 2)"
"(200, 1, 1, 302)","(106, 1)"
"(262, 1, 1, 114)","(10, 2)"
"(84, 1, 1, 7)","(338, 1)"
"(84, 1, 1, 95)","(338, 1)"
"(183, 2, 1, 74)","(9, 1)"
"(84, 2, 1, 434)","(338, 2)"
"(150, 7, 1, 203)","(151, 5)"
"(343, 2, 1, 70)","(159, 2)"
"(410, 1, 1, 413)","(387, 1)"
"(257, 5, 1, 22)","(326, 5)"
"(343, 5, 1, 104)","(159, 5)"
"(159, 1, 1, 130)","(343, 1)"
"(293, 2, 1, 463)","(31, 3)"
"(84, 1, 1, 86)","(338, 1)"
"(343, 2, 1, 265)","(159, 2)"
"(163, 2, 1, 141)","(128, 2)"
"(305, 2, 1, 337)","(98, 2)"
"(343, 5, 1, 338)","(159, 5)"
"(84, 5, 1, 401)","(338, 5)"
"(26, 2, 1, 352)","(337, 2)"
"(202, 1, 1, 246)","(354, 1)"
"(67, 1, 1, 345)","(279, 1)"
"(84, 5, 1, 414)","(197, 5)"
"(196, 3, 2, 456)","(247, 3)"
"(84, 5, 1, 60)","(338, 5)"
"(200, 6, 1, 302)","(106, 6)"
"(277, 1, 1, 102)","(225, 1)"
"(233, 2, 2, 318)","(225, 3)"
"(262, 2, 1, 94)","(371, 4)"
"(159, 4, 1, 188)","(343, 4)"
"(256, 2, 1, 124)","(33, 2)"
"(159, 5, 1, 68)","(343, 5)"
"(167, 1, 1, 304)","(8, 1)"
"(109, 2, 1, 437)","(332, 2)"
"(343, 5, 1, 457)","(159, 5)"
"(139, 3, 1, 97)","(202, 3)"
"(84, 4, 1, 333)","(197, 4)"
"(159, 6, 1, 130)","(343, 6)"
"(84, 1, 1, 213)","(338, 1)"
"(84, 1, 1, 116)","(338, 1)"
"(326, 1, 1, 350)","(257, 1)"
"(257, 7, 1, 264)","(159, 7)"
"(257, 1, 1, 292)","(326, 1)"
"(257, 3, 1, 40)","(326, 3)"
"(79, 1, 1, 58)","(259, 1)"
"(84, 5, 1, 211)","(338, 5)"
"(11, 1, 1, 19)","(354, 1)"
"(420, 4, 1, 250)","(382, 4)"
"(16, 1, 1, 284)","(224, 1)"
"(290, 4, 1, 193)","(371, 4)"
"(24, 1, 1, 319)","(257, 1)"
"(263, 5, 1, 419)","(261, 5)"
"(343, 5, 1, 453)","(159, 5)"
"(84, 5, 1, 17)","(338, 5)"
"(196, 2, 2, 456)","(247, 2)"
"(406, 5, 1, 236)","(106, 3)"
"(84, 4, 1, 210)","(338, 4)"
"(84, 4, 1, 136)","(263, 3)"
"(136, 1, 1, 60)","(40, 1)"
"(4, 2, 1, 210)","(256, 2)"
"(84, 5, 1, 216)","(338, 5)"
"(84, 5, 1, 425)","(338, 5)"
"(139, 2, 1, 97)","(202, 2)"
"(298, 3, 1, 110)","(210, 3)"
"(257, 3, 1, 50)","(326, 3)"
"(326, 6, 1, 350)","(257, 6)"
"(257, 6, 1, 292)","(326, 6)"
"(38, 2, 1, 227)","(14, 9)"
"(84, 3, 1, 147)","(338, 3)"
"(257, 2, 1, 40)","(326, 2)"
"(394, 1, 1, 218)","(425, 1)"
"(327, 1, 1, 32)","(259, 1)"
"(159, 5, 1, 26)","(343, 5)"
"(84, 4, 1, 121)","(338, 4)"
"(257, 1, 1, 22)","(326, 1)"
"(343, 1, 1, 104)","(159, 1)"
"(239, 5, 1, 267)","(106, 5)"
"(343, 1, 1, 338)","(159, 1)"
"(407, 1, 1, 455)","(34, 2)"
"(84, 4, 1, 380)","(338, 4)"
"(159, 5, 1, 199)","(343, 5)"
"(84, 1, 1, 401)","(338, 1)"
"(298, 2, 1, 110)","(210, 2)"
"(84, 1, 1, 414)","(197, 1)"
"(27, 1, 1, 435)","(171, 1)"
"(257, 2, 1, 50)","(326, 2)"
"(84, 1, 1, 60)","(338, 1)"
"(84, 3, 1, 255)","(338, 3)"
"(84, 2, 1, 147)","(338, 2)"
"(84, 4, 1, 367)","(269, 4)"
"(84, 4, 1, 15)","(338, 4)"
"(406, 4, 1, 433)","(106, 2)"
"(159, 1, 1, 68)","(343, 1)"
"(343, 1, 1, 457)","(159, 1)"
"(405, 1, 1, 155)","(160, 1)"
"(40, 1, 1, 38)","(158, 2)"
"(84, 3, 1, 411)","(338, 3)"
"(257, 6, 1, 22)","(326, 6)"
"(343, 6, 1, 104)","(159, 6)"
"(343, 6, 1, 338)","(159, 6)"
"(257, 4, 1, 239)","(326, 4)"
"(105, 1, 1, 328)","(359, 1)"
"(84, 1, 1, 211)","(338, 1)"
"(263, 1, 1, 419)","(261, 1)"
"(343, 1, 1, 453)","(159, 1)"
"(84, 1, 1, 17)","(338, 1)"
"(406, 1, 1, 236)","(106, 7)"
"(309, 1, 1, 56)","(169, 1)"
"(84, 2, 1, 255)","(338, 2)"
"(338, 5, 1, 165)","(84, 5)"
"(159, 6, 1, 68)","(343, 6)"
"(343, 6, 1, 457)","(159, 6)"
"(84, 1, 1, 216)","(338, 1)"
"(321, 1, 1, 381)","(260, 3)"
"(84, 1, 1, 425)","(338, 1)"
"(275, 3, 1, 144)","(358, 3)"
"(84, 2, 1, 411)","(338, 2)"
"(343, 7, 1, 137)","(159, 7)"
"(263, 6, 1, 419)","(261, 6)"
"(343, 6, 1, 453)","(159, 6)"
"(406, 6, 1, 236)","(106, 4)"
"(84, 5, 1, 135)","(338, 5)"
"(84, 3, 1, 244)","(338, 3)"
"(428, 1, 1, 416)","(154, 1)"
"(257, 7, 1, 150)","(326, 7)"
"(150, 5, 1, 203)","(151, 6)"
"(159, 1, 1, 26)","(343, 1)"
"(14, 9, 1, 201)","(249, 7)"
"(214, 1, 1, 392)","(342, 1)"
"(239, 1, 1, 267)","(106, 1)"
"(159, 1, 1, 199)","(343, 1)"
"(275, 2, 1, 144)","(358, 2)"
"(84, 3, 1, 5)","(338, 3)"
"(106, 7, 1, 358)","(330, 2)"
"(329, 2, 1, 76)","(152, 2)"
"(84, 4, 1, 469)","(338, 4)"
"(179, 1, 1, 117)","(154, 1)"
"(40, 1, 1, 37)","(324, 1)"
"(84, 2, 1, 244)","(338, 2)"
"(14, 3, 1, 201)","(4, 2)"
"(225, 4, 1, 140)","(233, 2)"
"(316, 3, 1, 457)","(45, 1)"
"(159, 6, 1, 26)","(343, 6)"
"(159, 3, 1, 293)","(343, 3)"
"(343, 7, 1, 149)","(159, 7)"
"(239, 6, 1, 267)","(106, 6)"
"(264, 1, 1, 30)","(252, 1)"
"(257, 5, 1, 264)","(159, 5)"
"(257, 4, 1, 153)","(326, 4)"
"(159, 6, 1, 199)","(343, 6)"
"(84, 5, 1, 103)","(338, 5)"
"(183, 1, 1, 53)","(396, 1)"
"(412, 4, 1, 408)","(163, 4)"
"(84, 2, 1, 5)","(338, 2)"
"(63, 1, 1, 176)","(363, 1)"
"(429, 1, 1, 247)","(276, 1)"
"(294, 3, 1, 36)","(321, 3)"
"(159, 3, 1, 225)","(343, 3)"
"(257, 7, 1, 405)","(326, 7)"
"(338, 1, 1, 165)","(84, 1)"
"(332, 1, 1, 331)","(22, 2)"
"(14, 2, 1, 201)","(4, 1)"
"(354, 3, 1, 313)","(244, 2)"
"(316, 2, 1, 457)","(45, 3)"
"(143, 2, 1, 270)","(293, 2)"
"(308, 1, 2, 464)","(154, 1)"
"(84, 4, 1, 393)","(197, 4)"
"(159, 2, 1, 293)","(343, 2)"
"(84, 3, 1, 261)","(338, 3)"
"(317, 3, 1, 41)","(20, 3)"
"(84, 1, 1, 135)","(338, 1)"
"(326, 7, 1, 372)","(257, 7)"
"(84, 3, 1, 319)","(257, 7)"
"(294, 2, 1, 36)","(321, 2)"
"(150, 1, 1, 203)","(151, 3)"
"(159, 2, 1, 225)","(343, 2)"
"(197, 3, 1, 285)","(338, 3)"
"(426, 3, 1, 362)","(277, 3)"
"(280, 3, 1, 158)","(354, 3)"
"(69, 4, 1, 425)","(390, 4)"
"(334, 4, 1, 341)","(116, 3)"
"(116, 4, 1, 391)","(262, 4)"
"(84, 4, 2, 353)","(338, 4)"
"(251, 1, 1, 356)","(66, 1)"
"(328, 5, 1, 234)","(194, 5)"
"(354, 2, 1, 313)","(244, 1)"
"(210, 5, 1, 443)","(334, 5)"
"(241, 1, 1, 311)","(231, 1)"
"(84, 4, 1, 388)","(239, 2)"
"(102, 3, 1, 343)","(106, 3)"
"(15, 1, 1, 29)","(325, 1)"
"(261, 3, 1, 270)","(32, 2)"
"(84, 2, 1, 261)","(338, 2)"
"(317, 2, 1, 41)","(20, 2)"
"(323, 1, 1, 253)","(109, 1)"
"(236, 2, 1, 467)","(189, 2)"
"(367, 1, 1, 38)","(158, 1)"
"(150, 6, 1, 203)","(151, 7)"
"(84, 2, 1, 319)","(257, 6)"
"(84, 3, 1, 353)","(338, 3)"
"(430, 3, 1, 468)","(5, 3)"
"(197, 2, 1, 285)","(338, 2)"
"(33, 1, 1, 30)","(252, 2)"
"(426, 2, 1, 362)","(277, 2)"
"(280, 2, 1, 158)","(354, 2)"
"(257, 1, 1, 264)","(159, 1)"
"(159, 7, 1, 317)","(343, 7)"
"(257, 7, 1, 109)","(326, 7)"
"(84, 1, 1, 103)","(338, 1)"
"(387, 1, 1, 87)","(154, 1)"
"(84, 3, 1, 331)","(338, 3)"
"(84, 4, 1, 55)","(197, 4)"
"(84, 5, 1, 141)","(197, 5)"
"(84, 5, 1, 171)","(338, 5)"
"(326, 4, 1, 203)","(257, 4)"
"(84, 4, 1, 360)","(300, 4)"
"(9, 1, 1, 17)","(65, 1)"
"(102, 2, 1, 343)","(106, 2)"
"(84, 4, 1, 327)","(338, 4)"
"(261, 2, 1, 270)","(32, 1)"
"(125, 4, 1, 193)","(141, 4)"
"(84, 3, 1, 132)","(338, 3)"
"(258, 2, 1, 410)","(259, 1)"
"(84, 2, 1, 353)","(338, 2)"
"(430, 2, 1, 468)","(5, 2)"
"(343, 5, 1, 137)","(159, 5)"
"(262, 1, 1, 153)","(171, 1)"
"(257, 6, 1, 264)","(159, 6)"
"(360, 1, 1, 379)","(236, 1)"
"(211, 5, 1, 422)","(420, 3)"
"(84, 3, 1, 267)","(338, 3)"
"(183, 3, 1, 108)","(33, 2)"
"(178, 3, 1, 434)","(156, 3)"
"(263, 3, 1, 271)","(193, 2)"
"(84, 2, 1, 331)","(338, 2)"
"(84, 4, 1, 397)","(197, 4)"
"(406, 7, 1, 54)","(106, 5)"
"(308, 1, 3, 464)","(154, 1)"
"(257, 5, 1, 150)","(326, 5)"
"(321, 3, 1, 262)","(59, 1)"
"(32, 4, 1, 138)","(354, 2)"
"(84, 2, 1, 132)","(338, 2)"
"(84, 4, 1, 69)","(197, 4)"
"(328, 1, 1, 234)","(194, 1)"
"(106, 5, 1, 358)","(345, 3)"
"(269, 3, 1, 411)","(339, 3)"
"(84, 5, 1, 462)","(338, 5)"
"(210, 1, 1, 443)","(334, 1)"
"(106, 4, 1, 333)","(406, 6)"
"(263, 4, 1, 361)","(280, 1)"
"(84, 5, 1, 63)","(338, 5)"
"(84, 2, 1, 267)","(338, 2)"
"(183, 2, 1, 108)","(33, 1)"
"(178, 2, 1, 434)","(156, 2)"
"(263, 2, 1, 271)","(193, 1)"
"(352, 1, 1, 320)","(226, 6)"
"(431, 4, 1, 439)","(257, 4)"
"(84, 3, 1, 120)","(338, 3)"
"(159, 3, 1, 195)","(343, 3)"
"(258, 1, 1, 353)","(122, 1)"
"(159, 7, 1, 188)","(343, 7)"
"(321, 2, 1, 262)","(120, 2)"
"(400, 1, 1, 462)","(48, 1)"
"(343, 5, 1, 149)","(159, 5)"
"(283, 1, 1, 307)","(8, 1)"
"(406, 4, 2, 65)","(341, 4)"
"(20, 4, 1, 119)","(321, 2)"
"(330, 1, 1, 388)","(239, 6)"
"(189, 1, 1, 383)","(414, 1)"
"(10, 5, 1, 129)","(197, 5)"
"(258, 1, 1, 331)","(22, 1)"
"(300, 3, 1, 152)","(245, 3)"
"(84, 5, 1, 221)","(338, 5)"
"(269, 2, 1, 411)","(339, 2)"
"(84, 1, 1, 141)","(197, 1)"
"(99, 4, 1, 320)","(226, 4)"
"(84, 1, 1, 171)","(338, 1)"
"(257, 5, 1, 405)","(326, 5)"
"(128, 3, 1, 174)","(69, 3)"
"(135, 3, 1, 182)","(26, 3)"
"(125, 4, 1, 437)","(141, 4)"
"(406, 3, 1, 65)","(106, 1)"
"(97, 2, 1, 183)","(397, 2)"
"(84, 2, 1, 120)","(338, 2)"
"(159, 2, 1, 195)","(343, 2)"
"(354, 3, 1, 281)","(197, 3)"
"(159, 4, 1, 385)","(343, 4)"
"(343, 1, 1, 137)","(159, 1)"
"(361, 2, 1, 37)","(57, 2)"
"(211, 1, 1, 422)","(420, 4)"
"(178, 4, 1, 424)","(211, 4)"
"(343, 4, 1, 252)","(159, 4)"
"(252, 3, 1, 34)","(316, 2)"
"(300, 2, 1, 152)","(245, 2)"
"(125, 3, 1, 378)","(141, 3)"
"(326, 5, 1, 372)","(257, 5)"
"(84, 5, 1, 268)","(338, 5)"
"(261, 5, 1, 463)","(32, 4)"
"(63, 1, 1, 372)","(149, 1)"
"(257, 1, 1, 150)","(326, 1)"
"(84, 3, 1, 305)","(197, 3)"
"(128, 2, 1, 174)","(69, 2)"
"(135, 2, 1, 182)","(26, 2)"
"(406, 2, 1, 65)","(106, 6)"
"(379, 1, 1, 401)","(127, 1)"
"(354, 2, 1, 281)","(197, 2)"
"(414, 1, 1, 282)","(329, 1)"
"(343, 6, 1, 137)","(159, 6)"
"(163, 5, 1, 289)","(69, 6)"
"(326, 3, 1, 354)","(257, 3)"
"(106, 1, 1, 358)","(345, 5)"
"(84, 1, 1, 462)","(338, 1)"
"(84, 3, 1, 123)","(338, 3)"
"(84, 1, 1, 63)","(338, 1)"
"(428, 1, 1, 41)","(20, 4)"
"(84, 5, 1, 349)","(338, 5)"
"(84, 3, 1, 470)","(338, 3)"
"(252, 2, 1, 34)","(316, 1)"
"(125, 2, 1, 378)","(141, 2)"
"(156, 4, 1, 114)","(178, 4)"
"(257, 6, 1, 150)","(326, 6)"
"(84, 3, 1, 228)","(338, 3)"
"(150, 4, 1, 383)","(141, 4)"
"(84, 3, 1, 151)","(338, 3)"
"(343, 1, 1, 149)","(159, 1)"
"(84, 2, 1, 305)","(197, 2)"
"(59, 1, 1, 418)","(317, 2)"
"(159, 5, 1, 317)","(343, 5)"
"(117, 1, 1, 268)","(183, 1)"
"(201, 2, 1, 171)","(189, 2)"
"(406, 7, 1, 433)","(106, 5)"
"(257, 5, 1, 109)","(326, 5)"
"(98, 4, 1, 383)","(305, 4)"
"(10, 1, 1, 129)","(197, 1)"
"(78, 1, 1, 431)","(296, 1)"
"(177, 1, 1, 45)","(416, 1)"
"(106, 6, 1, 358)","(330, 1)"
"(84, 1, 1, 221)","(338, 1)"
"(295, 1, 1, 168)","(219, 1)"
"(91, 3, 1, 172)","(290, 2)"
"(326, 2, 1, 354)","(257, 2)"
"(202, 4, 1, 395)","(354, 5)"
"(189, 1, 1, 103)","(360, 1)"
"(45, 3, 1, 324)","(92, 3)"
"(257, 7, 1, 239)","(326, 7)"
"(84, 2, 1, 123)","(338, 2)"
"(33, 1, 1, 106)","(268, 1)"
"(257, 1, 1, 405)","(326, 1)"
"(154, 1, 1, 439)","(257, 1)"
"(308, 1, 4, 464)","(154, 1)"
"(81, 3, 1, 132)","(134, 3)"
"(259, 1, 1, 425)","(390, 6)"
"(84, 2, 1, 470)","(338, 2)"
"(375, 4, 1, 190)","(27, 4)"
"(84, 2, 1, 228)","(338, 2)"
"(343, 6, 1, 149)","(159, 6)"
"(84, 2, 1, 151)","(338, 2)"
"(84, 4, 1, 166)","(338, 4)"
"(305, 3, 1, 204)","(291, 3)"
"(347, 3, 1, 205)","(244, 3)"
"(257, 4, 1, 217)","(326, 4)"
"(406, 5, 1, 54)","(106, 3)"
"(91, 2, 1, 172)","(290, 1)"
"(326, 1, 1, 372)","(257, 1)"
"(84, 1, 1, 268)","(338, 1)"
"(257, 6, 1, 405)","(326, 6)"
"(261, 1, 1, 463)","(31, 1)"
"(45, 2, 1, 324)","(92, 2)"
"(154, 1, 1, 159)","(161, 1)"
"(258, 1, 1, 305)","(116, 1)"
"(81, 2, 1, 132)","(134, 2)"
"(153, 1, 1, 232)","(346, 1)"
"(163, 1, 1, 289)","(69, 1)"
"(17, 3, 1, 127)","(232, 3)"
"(141, 4, 1, 330)","(150, 4)"
"(84, 3, 1, 41)","(197, 3)"
"(84, 3, 1, 272)","(338, 3)"
"(257, 3, 1, 176)","(326, 3)"
"(305, 2, 1, 204)","(291, 2)"
"(343, 3, 1, 250)","(159, 3)"
"(3, 3, 1, 327)","(282, 3)"
"(68, 3, 1, 255)","(430, 3)"
"(84, 1, 1, 349)","(338, 1)"
"(326, 6, 1, 372)","(257, 6)"
"(244, 4, 1, 180)","(262, 3)"
"(347, 2, 1, 205)","(244, 2)"
"(106, 3, 1, 266)","(406, 5)"
"(84, 3, 1, 99)","(431, 3)"
"(218, 1, 1, 276)","(24, 1)"
"(84, 4, 1, 439)","(197, 4)"
"(261, 6, 1, 463)","(32, 5)"
"(159, 5, 1, 188)","(343, 5)"
"(84, 3, 1, 264)","(338, 3)"
"(84, 4, 1, 282)","(338, 4)"
"(397, 2, 1, 122)","(352, 2)"
"(159, 1, 1, 317)","(343, 1)"
"(141, 4, 1, 438)","(125, 4)"
"(257, 1, 1, 109)","(326, 1)"
"(84, 5, 1, 333)","(197, 5)"
"(84, 4, 1, 155)","(338, 4)"
"(393, 1, 1, 231)","(416, 1)"
"(17, 2, 1, 127)","(232, 2)"
"(84, 4, 1, 277)","(338, 4)"
"(84, 2, 1, 41)","(197, 2)"
"(65, 1, 1, 363)","(165, 2)"
"(84, 2, 1, 272)","(338, 2)"
"(257, 7, 1, 153)","(326, 7)"
"(257, 2, 1, 176)","(326, 2)"
"(343, 2, 1, 250)","(159, 2)"
"(84, 3, 1, 76)","(338, 3)"
"(3, 2, 1, 327)","(282, 2)"
"(345, 4, 1, 173)","(197, 4)"
"(420, 5, 1, 250)","(382, 5)"
"(68, 2, 1, 255)","(430, 2)"
"(171, 3, 1, 305)","(116, 4)"
"(106, 2, 1, 266)","(406, 4)"
"(242, 4, 1, 48)","(106, 4)"
"(84, 2, 1, 99)","(431, 2)"
"(84, 5, 1, 210)","(338, 5)"
"(84, 3, 1, 3)","(338, 3)"
"(84, 5, 1, 136)","(263, 2)"
"(84, 2, 1, 264)","(338, 2)"
"(54, 4, 1, 407)","(412, 4)"
"(159, 6, 1, 317)","(343, 6)"
"(257, 6, 1, 109)","(326, 6)"
"(257, 3, 1, 64)","(326, 3)"
"(84, 4, 1, 284)","(338, 4)"
"(92, 4, 1, 470)","(99, 4)"
"(406, 1, 1, 54)","(106, 7)"
"(84, 3, 1, 285)","(338, 3)"
"(406, 3, 1, 116)","(384, 1)"
"(156, 4, 1, 2)","(355, 4)"
"(305, 4, 1, 266)","(98, 4)"
"(103, 4, 1, 23)","(334, 4)"
"(84, 2, 1, 76)","(338, 2)"
"(84, 4, 1, 468)","(338, 4)"
"(237, 2, 1, 196)","(297, 2)"
"(171, 2, 1, 305)","(116, 3)"
"(403, 1, 1, 224)","(113, 1)"
"(84, 5, 1, 121)","(338, 5)"
"(58, 1, 1, 274)","(428, 1)"
"(84, 2, 1, 3)","(338, 2)"
"(198, 3, 1, 211)","(91, 4)"
"(254, 1, 1, 271)","(378, 1)"
"(84, 3, 1, 320)","(338, 3)"
"(257, 2, 1, 64)","(326, 2)"
"(84, 5, 1, 380)","(338, 5)"
"(406, 6, 1, 54)","(106, 4)"
"(86, 1, 1, 61)","(362, 1)"
"(84, 2, 1, 285)","(338, 2)"
"(159, 1, 1, 188)","(343, 1)"
"(106, 4, 1, 55)","(102, 4)"
"(406, 2, 1, 116)","(384, 6)"
"(406, 3, 1, 308)","(106, 1)"
"(84, 4, 1, 328)","(338, 4)"
"(84, 5, 1, 367)","(269, 5)"
"(84, 5, 1, 15)","(338, 5)"
"(296, 1, 1, 213)","(38, 1)"
"(406, 5, 1, 433)","(106, 3)"
"(150, 4, 1, 385)","(365, 4)"
"(84, 3, 1, 234)","(338, 3)"
"(84, 1, 1, 333)","(197, 1)"
"(219, 1, 1, 167)","(154, 1)"
"(198, 2, 1, 211)","(91, 3)"
"(343, 3, 1, 362)","(159, 3)"
"(84, 4, 1, 253)","(338, 4)"
"(84, 2, 1, 320)","(338, 2)"
"(257, 5, 1, 239)","(326, 5)"
"(258, 1, 1, 440)","(48, 1)"
"(210, 4, 1, 191)","(334, 3)"
"(115, 2, 1, 43)","(82, 1)"
"(420, 1, 1, 250)","(382, 1)"
"(290, 1, 1, 193)","(371, 1)"
"(427, 1, 1, 412)","(235, 1)"
"(209, 1, 1, 292)","(259, 1)"
"(159, 6, 1, 188)","(343, 6)"
"(33, 1, 1, 216)","(183, 2)"
"(428, 1, 1, 114)","(10, 1)"
"(432, 1, 1, 199)","(222, 1)"
"(365, 3, 1, 73)","(125, 3)"
"(326, 7, 1, 203)","(257, 7)"
"(84, 1, 1, 136)","(263, 4)"
"(59, 2, 1, 91)","(209, 1)"
"(84, 1, 1, 210)","(338, 1)"
"(406, 2, 1, 308)","(106, 6)"
"(406, 3, 1, 392)","(106, 1)"
"(84, 4, 1, 324)","(338, 4)"
"(125, 7, 1, 193)","(141, 7)"
"(84, 3, 1, 223)","(338, 3)"
"(84, 2, 1, 234)","(338, 2)"
"(84, 4, 1, 438)","(338, 4)"
"(409, 2, 1, 228)","(258, 2)"
"(390, 3, 1, 104)","(141, 3)"
"(96, 1, 1, 273)","(324, 1)"
"(343, 2, 1, 362)","(159, 2)"
"(200, 3, 1, 365)","(341, 5)"
"(305, 3, 1, 145)","(53, 3)"
"(84, 3, 1, 379)","(338, 3)"
"(40, 1, 1, 389)","(158, 2)"
"(365, 2, 1, 73)","(125, 2)"
"(84, 1, 1, 121)","(338, 1)"
"(362, 1, 2, 154)","(308, 2)"
"(258, 2, 1, 62)","(259, 1)"
"(156, 3, 1, 367)","(178, 3)"
"(343, 3, 1, 391)","(159, 3)"
"(406, 2, 1, 392)","(106, 6)"
"(84, 4, 1, 434)","(338, 4)"
"(343, 4, 1, 70)","(159, 4)"
"(350, 3, 1, 301)","(244, 4)"
"(84, 2, 1, 223)","(338, 2)"
"(84, 1, 1, 380)","(338, 1)"
"(150, 3, 1, 100)","(141, 3)"
"(343, 4, 1, 265)","(159, 4)"
"(163, 4, 1, 141)","(128, 4)"
"(305, 4, 1, 337)","(98, 4)"
"(390, 2, 1, 104)","(141, 2)"
"(258, 1, 1, 160)","(285, 1)"
"(26, 4, 1, 352)","(337, 4)"
"(106, 7, 1, 333)","(406, 1)"
"(200, 2, 1, 365)","(341, 4)"
"(84, 5, 1, 469)","(338, 5)"
"(84, 1, 1, 367)","(269, 1)"
"(84, 1, 1, 15)","(338, 1)"
"(305, 2, 1, 145)","(53, 2)"
"(233, 4, 2, 318)","(225, 2)"
"(262, 4, 1, 94)","(371, 3)"
"(84, 2, 1, 379)","(338, 2)"
"(406, 1, 1, 433)","(106, 7)"
"(342, 1, 1, 389)","(158, 1)"
"(378, 1, 1, 3)","(361, 1)"
"(199, 2, 1, 277)","(414, 2)"
"(285, 1, 1, 253)","(109, 2)"
"(406, 7, 2, 65)","(341, 7)"
"(156, 2, 1, 367)","(178, 2)"
"(185, 1, 1, 4)","(101, 1)"
"(257, 5, 1, 153)","(326, 5)"
"(257, 1, 1, 239)","(326, 1)"
"(343, 2, 1, 391)","(159, 2)"
"(350, 2, 1, 301)","(244, 2)"
"(343, 3, 1, 80)","(159, 3)"
"(412, 5, 1, 408)","(163, 5)"
"(233, 3, 1, 318)","(53, 3)"
"(150, 2, 1, 100)","(141, 2)"
"(309, 1, 1, 469)","(169, 1)"
"(196, 4, 2, 456)","(247, 4)"
"(48, 1, 1, 136)","(263, 1)"
"(258, 2, 1, 206)","(259, 1)"
"(406, 6, 1, 433)","(106, 4)"
"(432, 1, 1, 21)","(368, 1)"
"(337, 3, 1, 11)","(88, 1)"
"(125, 7, 1, 437)","(141, 7)"
"(198, 1, 1, 441)","(399, 1)"
"(159, 7, 1, 385)","(343, 7)"
"(84, 5, 1, 393)","(197, 5)"
"(139, 4, 1, 97)","(202, 4)"
"(73, 1, 1, 217)","(363, 1)"
"(257, 6, 1, 239)","(326, 6)"
"(214, 1, 1, 121)","(177, 1)"
"(355, 3, 1, 258)","(426, 1)"
"(196, 3, 1, 456)","(247, 3)"
"(53, 3, 1, 95)","(305, 3)"
"(343, 7, 1, 252)","(159, 7)"
"(343, 2, 1, 80)","(159, 2)"
"(427, 1, 1, 12)","(235, 1)"
"(257, 4, 1, 40)","(326, 4)"
"(233, 2, 1, 318)","(53, 2)"
"(343, 3, 1, 337)","(159, 3)"
"(165, 3, 1, 261)","(117, 3)"
"(337, 2, 1, 11)","(88, 2)"
"(69, 5, 1, 425)","(390, 5)"
"(334, 5, 1, 341)","(116, 5)"
"(116, 5, 1, 391)","(262, 1)"
"(84, 5, 2, 353)","(338, 5)"
"(138, 3, 1, 248)","(314, 3)"
"(55, 2, 1, 237)","(199, 2)"
"(84, 5, 1, 388)","(239, 1)"
"(298, 4, 1, 110)","(210, 4)"
"(355, 2, 1, 258)","(426, 4)"
"(196, 2, 1, 456)","(247, 2)"
"(257, 4, 1, 50)","(326, 4)"
"(53, 2, 1, 95)","(305, 2)"
"(84, 1, 1, 469)","(338, 1)"
"(232, 3, 1, 28)","(17, 3)"
"(84, 4, 1, 147)","(338, 4)"
"(343, 2, 1, 337)","(159, 2)"
"(150, 7, 1, 383)","(141, 7)"
"(165, 2, 1, 261)","(117, 2)"
"(225, 1, 1, 140)","(233, 1)"
"(257, 1, 1, 153)","(326, 1)"
"(116, 3, 1, 349)","(178, 3)"
"(84, 5, 1, 55)","(197, 5)"
"(412, 1, 1, 408)","(163, 1)"
"(33, 1, 1, 161)","(302, 1)"
"(138, 2, 1, 248)","(314, 2)"
"(326, 5, 1, 203)","(257, 5)"
"(84, 5, 1, 360)","(300, 5)"
"(194, 3, 1, 272)","(335, 3)"
"(84, 4, 1, 255)","(338, 4)"
"(84, 5, 1, 327)","(338, 5)"
"(284, 2, 1, 347)","(235, 2)"
"(232, 2, 1, 28)","(17, 2)"
"(257, 3, 1, 233)","(326, 3)"
"(125, 5, 1, 193)","(141, 5)"
"(84, 3, 1, 204)","(291, 9)"
"(84, 1, 1, 393)","(197, 1)"
"(257, 6, 1, 153)","(326, 6)"
"(84, 4, 1, 411)","(338, 4)"
"(116, 2, 1, 349)","(178, 2)"
"(84, 5, 1, 397)","(197, 5)"
"(154, 1, 1, 5)","(258, 1)"
"(257, 7, 1, 217)","(326, 7)"
"(62, 1, 1, 64)","(259, 1)"
"(84, 3, 1, 227)","(338, 3)"
"(84, 3, 1, 27)","(338, 3)"
"(194, 2, 1, 272)","(335, 2)"
"(84, 3, 1, 413)","(338, 3)"
"(69, 1, 1, 425)","(390, 1)"
"(257, 2, 1, 233)","(326, 2)"
"(32, 5, 1, 138)","(354, 3)"
"(334, 1, 1, 341)","(116, 1)"
"(204, 3, 1, 78)","(54, 3)"
"(84, 5, 1, 69)","(197, 5)"
"(84, 1, 2, 353)","(338, 1)"
"(84, 2, 1, 204)","(291, 8)"
"(116, 1, 1, 391)","(154, 1)"
"(122, 1, 1, 418)","(317, 1)"
"(427, 1, 1, 278)","(154, 1)"
"(141, 7, 1, 330)","(150, 7)"
"(149, 1, 1, 22)","(63, 1)"
"(84, 3, 1, 124)","(338, 3)"
"(106, 5, 1, 333)","(406, 7)"
"(263, 5, 1, 361)","(280, 2)"
"(84, 1, 1, 388)","(239, 3)"
"(156, 3, 1, 128)","(204, 4)"
"(431, 5, 1, 439)","(257, 3)"
"(406, 3, 1, 175)","(106, 1)"
"(84, 2, 1, 227)","(338, 2)"
"(61, 1, 1, 92)","(201, 1)"
"(84, 2, 1, 27)","(338, 2)"
"(84, 4, 1, 244)","(338, 4)"
"(406, 5, 2, 65)","(341, 5)"
"(69, 6, 1, 425)","(390, 7)"
"(342, 1, 1, 197)","(415, 1)"
"(84, 2, 1, 413)","(338, 2)"
"(141, 7, 1, 438)","(125, 7)"
"(101, 1, 1, 12)","(235, 2)"
"(204, 2, 1, 78)","(54, 2)"
"(84, 1, 1, 55)","(197, 1)"
"(268, 2, 1, 75)","(302, 2)"
"(121, 2, 1, 290)","(59, 2)"
"(99, 5, 1, 320)","(226, 5)"
"(84, 2, 1, 124)","(338, 2)"
"(226, 3, 1, 227)","(14, 3)"
"(84, 4, 1, 5)","(338, 4)"
"(326, 1, 1, 203)","(257, 1)"
"(257, 3, 1, 461)","(326, 3)"
"(428, 1, 1, 7)","(222, 1)"
"(156, 2, 1, 128)","(204, 2)"
"(120, 2, 1, 240)","(154, 1)"
"(84, 1, 1, 360)","(300, 1)"
"(125, 5, 1, 437)","(141, 5)"
"(84, 1, 1, 327)","(338, 1)"
"(385, 1, 1, 400)","(427, 1)"
"(242, 7, 1, 48)","(106, 7)"
"(125, 1, 1, 193)","(141, 1)"
"(406, 2, 1, 175)","(106, 6)"
"(159, 5, 1, 385)","(343, 5)"
"(376, 1, 1, 323)","(154, 1)"
"(324, 1, 1, 415)","(296, 1)"
"(14, 4, 1, 201)","(249, 2)"
"(178, 5, 1, 424)","(211, 5)"
"(159, 4, 1, 293)","(343, 4)"
"(343, 5, 1, 252)","(159, 5)"
"(84, 1, 1, 397)","(197, 1)"
"(326, 3, 1, 451)","(257, 3)"
"(326, 6, 1, 203)","(257, 6)"
"(137, 1, 1, 63)","(195, 1)"
"(226, 2, 1, 227)","(14, 2)"
"(324, 1, 1, 324)","(92, 4)"
"(257, 2, 1, 461)","(326, 2)"
"(297, 1, 1, 157)","(4, 1)"
"(125, 6, 1, 193)","(141, 6)"
"(294, 4, 1, 36)","(321, 4)"
"(159, 4, 1, 225)","(343, 4)"
"(96, 1, 1, 179)","(324, 1)"
"(32, 1, 1, 138)","(354, 4)"
"(84, 3, 1, 207)","(130, 3)"
"(84, 1, 1, 69)","(197, 1)"
"(106, 1, 1, 333)","(406, 3)"
"(263, 1, 1, 361)","(280, 6)"
"(89, 2, 1, 27)","(376, 2)"
"(354, 4, 1, 313)","(244, 3)"
"(187, 1, 1, 321)","(415, 1)"
"(157, 1, 1, 357)","(36, 1)"
"(260, 3, 1, 71)","(120, 1)"
"(431, 1, 1, 439)","(257, 5)"
"(156, 5, 1, 114)","(178, 5)"
"(150, 5, 1, 383)","(141, 5)"
"(326, 2, 1, 451)","(257, 2)"
"(106, 7, 1, 55)","(102, 7)"
"(84, 4, 1, 261)","(338, 4)"
"(200, 3, 1, 302)","(106, 3)"
"(84, 4, 1, 319)","(257, 4)"
"(406, 1, 2, 65)","(341, 1)"
"(150, 7, 1, 385)","(365, 7)"
"(214, 1, 1, 293)","(432, 1)"
"(20, 1, 1, 119)","(321, 1)"
"(416, 1, 1, 458)","(154, 1)"
"(197, 4, 1, 285)","(338, 4)"
"(262, 3, 1, 114)","(10, 4)"
"(308, 1, 1, 464)","(154, 1)"
"(426, 4, 1, 362)","(277, 4)"
"(280, 4, 1, 158)","(354, 5)"
"(84, 2, 1, 207)","(130, 2)"
"(208, 1, 1, 369)","(206, 1)"
"(84, 3, 1, 7)","(338, 3)"
"(84, 3, 1, 95)","(338, 3)"
"(106, 6, 1, 333)","(406, 2)"
"(263, 6, 1, 361)","(280, 3)"
"(202, 5, 1, 395)","(354, 4)"
"(99, 1, 1, 320)","(226, 1)"
"(410, 3, 1, 413)","(387, 3)"
"(159, 3, 1, 130)","(343, 3)"
"(431, 6, 1, 439)","(257, 2)"
"(84, 3, 1, 86)","(338, 3)"
"(125, 1, 1, 437)","(141, 1)"
"(260, 2, 1, 71)","(143, 2)"
"(202, 3, 1, 246)","(354, 3)"
"(102, 4, 1, 343)","(106, 4)"
"(159, 1, 1, 385)","(343, 1)"
"(277, 3, 1, 102)","(225, 3)"
"(406, 6, 2, 65)","(341, 6)"
"(261, 4, 1, 270)","(32, 3)"
"(84, 5, 1, 166)","(338, 5)"
"(109, 1, 1, 135)","(332, 1)"
"(200, 2, 1, 302)","(106, 2)"
"(428, 1, 1, 414)","(376, 2)"
"(84, 4, 1, 353)","(338, 4)"
"(178, 1, 1, 424)","(211, 1)"
"(430, 4, 1, 468)","(5, 4)"
"(262, 2, 1, 114)","(10, 3)"
"(428, 1, 1, 16)","(82, 2)"
"(343, 1, 1, 252)","(159, 1)"
"(57, 1, 1, 207)","(130, 6)"
"(257, 5, 1, 217)","(326, 5)"
"(129, 1, 1, 1)","(46, 1)"
"(84, 2, 1, 7)","(338, 2)"
"(84, 2, 1, 95)","(338, 2)"
"(84, 3, 1, 213)","(338, 3)"
"(84, 3, 1, 116)","(338, 3)"
"(84, 4, 1, 331)","(338, 4)"
"(326, 3, 1, 350)","(257, 3)"
"(410, 2, 1, 413)","(387, 2)"
"(159, 2, 1, 130)","(343, 2)"
"(257, 3, 1, 292)","(326, 3)"
"(125, 6, 1, 437)","(141, 6)"
"(422, 1, 1, 470)","(99, 5)"
"(84, 2, 1, 86)","(338, 2)"
"(11, 3, 1, 19)","(354, 3)"
"(159, 6, 1, 385)","(343, 6)"
"(202, 2, 1, 246)","(354, 2)"
"(67, 2, 1, 345)","(324, 1)"
"(428, 1, 1, 211)","(91, 2)"
"(115, 1, 1, 72)","(8, 2)"
"(277, 2, 1, 102)","(225, 2)"
"(141, 5, 1, 330)","(150, 5)"
"(84, 4, 1, 132)","(338, 4)"
"(343, 6, 1, 252)","(159, 6)"
"(343, 7, 1, 70)","(159, 7)"
"(167, 2, 1, 304)","(8, 2)"
"(84, 5, 1, 439)","(197, 5)"
"(343, 7, 1, 265)","(159, 7)"
"(84, 4, 1, 267)","(338, 4)"
"(156, 1, 1, 114)","(178, 1)"
"(150, 1, 1, 383)","(141, 1)"
"(263, 4, 1, 271)","(193, 3)"
"(178, 4, 1, 434)","(156, 4)"
"(196, 8, 2, 456)","(247, 8)"
"(84, 2, 1, 213)","(338, 2)"
"(84, 2, 1, 116)","(338, 2)"
"(326, 2, 1, 350)","(257, 2)"
"(84, 5, 1, 282)","(338, 5)"
"(257, 2, 1, 292)","(326, 2)"
"(141, 5, 1, 438)","(125, 5)"
"(321, 4, 1, 262)","(59, 2)"
"(11, 2, 1, 19)","(354, 2)"
"(98, 1, 1, 383)","(305, 1)"
"(24, 2, 1, 319)","(257, 2)"
"(84, 5, 1, 155)","(338, 5)"
"(84, 5, 1, 277)","(338, 5)"
"(202, 1, 1, 395)","(354, 1)"
"(257, 3, 1, 22)","(326, 3)"
"(343, 3, 1, 104)","(159, 3)"
"(269, 4, 1, 411)","(339, 4)"
"(345, 5, 1, 173)","(197, 5)"
"(97, 1, 1, 374)","(259, 1)"
"(343, 3, 1, 338)","(159, 3)"
"(407, 3, 1, 455)","(353, 2)"
"(150, 6, 1, 383)","(141, 6)"
"(84, 3, 1, 401)","(338, 3)"
"(242, 5, 1, 48)","(106, 5)"
"(84, 3, 1, 414)","(197, 3)"
"(375, 1, 1, 190)","(27, 1)"
"(196, 7, 2, 456)","(247, 7)"
"(27, 3, 1, 435)","(171, 3)"
"(84, 3, 1, 60)","(338, 3)"
"(54, 5, 1, 407)","(412, 5)"
"(84, 1, 1, 166)","(338, 1)"
"(84, 4, 1, 120)","(338, 4)"
"(159, 4, 1, 195)","(343, 4)"
"(89, 1, 1, 447)","(376, 1)"
"(84, 5, 1, 284)","(338, 5)"
"(159, 3, 1, 68)","(343, 3)"
"(343, 3, 1, 457)","(159, 3)"
"(405, 3, 1, 155)","(160, 3)"
"(257, 1, 1, 217)","(326, 1)"
"(300, 4, 1, 152)","(245, 4)"
"(156, 5, 1, 2)","(355, 2)"
"(84, 5, 1, 468)","(338, 5)"
"(103, 5, 1, 23)","(334, 5)"
"(257, 2, 1, 22)","(326, 2)"
"(343, 2, 1, 104)","(159, 2)"
"(343, 2, 1, 338)","(159, 2)"
"(407, 2, 1, 455)","(353, 1)"
"(257, 7, 1, 40)","(326, 7)"
"(84, 3, 1, 211)","(338, 3)"
"(167, 1, 1, 81)","(4, 2)"
"(84, 2, 1, 401)","(338, 2)"
"(263, 3, 1, 419)","(261, 3)"
"(84, 2, 1, 414)","(197, 2)"
"(128, 4, 1, 174)","(69, 4)"
"(135, 4, 1, 182)","(26, 4)"
"(84, 3, 1, 17)","(338, 3)"
"(27, 2, 1, 435)","(171, 2)"
"(84, 2, 1, 60)","(338, 2)"
"(406, 4, 1, 65)","(106, 2)"
"(406, 3, 1, 236)","(106, 1)"
"(343, 3, 1, 453)","(159, 3)"
"(141, 1, 1, 330)","(150, 1)"
"(354, 4, 1, 281)","(197, 5)"
"(84, 3, 1, 216)","(338, 3)"
"(159, 2, 1, 68)","(343, 2)"
"(257, 6, 1, 217)","(326, 6)"
"(244, 1, 1, 180)","(262, 1)"
"(405, 2, 1, 155)","(160, 2)"
"(321, 3, 1, 381)","(260, 2)"
"(84, 3, 1, 425)","(338, 3)"
"(84, 1, 1, 439)","(197, 1)"
"(343, 2, 1, 457)","(159, 2)"
"(106, 5, 1, 55)","(102, 5)"
"(349, 1, 1, 120)","(39, 1)"
"(84, 5, 1, 328)","(338, 5)"
"(257, 7, 1, 50)","(326, 7)"
"(125, 4, 1, 378)","(141, 4)"
"(84, 1, 1, 282)","(338, 1)"
"(150, 5, 1, 385)","(365, 5)"
"(141, 1, 1, 438)","(125, 1)"
"(84, 2, 1, 211)","(338, 2)"
"(263, 2, 1, 419)","(261, 2)"
"(84, 4, 1, 305)","(197, 4)"
"(366, 1, 1, 99)","(431, 6)"
"(84, 1, 1, 155)","(338, 1)"
"(141, 6, 1, 330)","(150, 6)"
"(84, 2, 1, 17)","(338, 2)"
"(343, 2, 1, 453)","(159, 2)"
"(406, 2, 1, 236)","(106, 6)"
"(369, 1, 1, 297)","(259, 1)"
"(84, 1, 1, 277)","(338, 1)"
"(84, 5, 1, 253)","(338, 5)"
"(159, 3, 1, 26)","(343, 3)"
"(210, 5, 1, 191)","(334, 5)"
"(326, 4, 1, 354)","(257, 4)"
"(345, 1, 1, 173)","(197, 1)"
"(239, 3, 1, 267)","(106, 3)"
"(84, 2, 1, 216)","(338, 2)"
"(84, 4, 1, 123)","(338, 4)"
"(321, 2, 1, 381)","(260, 4)"
"(84, 2, 1, 425)","(338, 2)"
"(159, 3, 1, 199)","(343, 3)"
"(242, 1, 1, 48)","(106, 1)"
"(54, 1, 1, 407)","(412, 1)"
"(84, 4, 1, 470)","(338, 4)"
"(84, 4, 1, 228)","(338, 4)"
"(141, 6, 1, 438)","(125, 6)"
"(84, 5, 1, 324)","(338, 5)"
"(84, 4, 1, 151)","(338, 4)"
"(84, 1, 1, 284)","(338, 1)"
"(84, 5, 1, 438)","(338, 5)"
"(92, 1, 1, 470)","(99, 1)"
"(159, 2, 1, 26)","(343, 2)"
"(156, 1, 1, 2)","(355, 1)"
"(305, 1, 1, 266)","(98, 1)"
"(103, 1, 1, 23)","(334, 1)"
"(91, 4, 1, 172)","(290, 3)"
"(84, 1, 1, 468)","(338, 1)"
"(239, 2, 1, 267)","(106, 2)"
"(242, 6, 1, 48)","(106, 6)"
"(183, 3, 1, 53)","(396, 3)"
"(159, 2, 1, 199)","(343, 2)"
"(81, 4, 1, 132)","(134, 4)"
"(429, 3, 1, 247)","(276, 3)"
"(84, 5, 1, 434)","(338, 5)"
"(338, 3, 1, 165)","(84, 3)"
"(282, 1, 1, 133)","(74, 1)"
"(343, 5, 1, 70)","(159, 5)"
"(161, 1, 1, 202)","(186, 1)"
"(343, 5, 1, 265)","(159, 5)"
"(305, 4, 1, 204)","(291, 4)"
"(163, 5, 1, 141)","(128, 5)"
"(347, 4, 1, 205)","(244, 4)"
"(106, 1, 1, 55)","(102, 1)"
"(84, 1, 1, 328)","(338, 1)"
"(150, 1, 1, 385)","(365, 1)"
"(386, 1, 1, 139)","(206, 1)"
"(183, 2, 1, 53)","(396, 2)"
"(84, 3, 1, 135)","(338, 3)"
"(429, 2, 1, 247)","(276, 2)"
"(150, 3, 1, 203)","(151, 4)"
"(84, 1, 1, 253)","(338, 1)"
"(14, 8, 1, 201)","(249, 5)"
"(338, 2, 1, 165)","(84, 2)"
"(76, 1, 1, 170)","(120, 1)"
"(332, 2, 1, 331)","(22, 3)"
"(210, 1, 1, 191)","(334, 1)"
"(17, 4, 1, 127)","(232, 4)"
"(84, 4, 1, 41)","(197, 4)"
"(84, 4, 1, 272)","(338, 4)"
"(257, 4, 1, 176)","(326, 4)"
"(343, 4, 1, 250)","(159, 4)"
"(196, 5, 2, 456)","(247, 5)"
"(106, 6, 1, 55)","(102, 6)"
"(68, 4, 1, 255)","(430, 4)"
"(308, 2, 2, 464)","(135, 3)"
"(106, 4, 1, 266)","(406, 6)"
"(150, 6, 1, 385)","(365, 6)"
"(84, 4, 1, 99)","(431, 4)"
"(84, 4, 1, 264)","(338, 4)"
"(84, 1, 1, 324)","(338, 1)"
"(84, 1, 1, 438)","(338, 1)"
"(84, 2, 1, 135)","(338, 2)"
"(139, 5, 1, 97)","(202, 5)"
"(14, 7, 1, 201)","(249, 6)"
"(150, 2, 1, 203)","(151, 2)"
"(257, 3, 1, 264)","(159, 3)"
"(159, 7, 1, 293)","(343, 7)"
"(257, 5, 1, 40)","(326, 5)"
"(84, 3, 1, 103)","(338, 3)"
"(387, 3, 1, 87)","(236, 2)"
"(84, 4, 1, 76)","(338, 4)"
"(251, 2, 1, 356)","(66, 2)"
"(171, 4, 1, 305)","(116, 2)"
"(183, 1, 1, 74)","(9, 2)"
"(84, 1, 1, 434)","(338, 1)"
"(9, 3, 1, 17)","(65, 3)"
"(159, 7, 1, 225)","(343, 7)"
"(84, 4, 1, 3)","(338, 4)"
"(343, 1, 1, 70)","(159, 1)"
"(293, 1, 1, 463)","(31, 2)"
"(343, 1, 1, 265)","(159, 1)"
"(163, 1, 1, 141)","(128, 1)"
"(305, 1, 1, 337)","(98, 1)"
"(257, 4, 1, 64)","(326, 4)"
"(26, 1, 1, 352)","(337, 1)"
"(298, 5, 1, 110)","(210, 5)"
"(262, 3, 1, 153)","(171, 2)"
"(33, 2, 1, 30)","(252, 3)"
"(257, 5, 1, 50)","(326, 5)"
"(257, 2, 1, 264)","(159, 2)"
"(84, 4, 1, 285)","(338, 4)"
"(233, 1, 2, 318)","(225, 1)"
"(262, 1, 1, 94)","(371, 1)"
"(84, 5, 1, 147)","(338, 5)"
"(406, 4, 1, 116)","(384, 2)"
"(84, 2, 1, 103)","(338, 2)"
"(387, 2, 1, 87)","(236, 1)"
"(250, 1, 1, 223)","(79, 1)"
"(256, 1, 1, 124)","(33, 1)"
"(109, 1, 1, 437)","(332, 1)"
"(343, 6, 1, 70)","(159, 6)"
"(9, 2, 1, 17)","(65, 2)"
"(343, 6, 1, 265)","(159, 6)"
"(84, 4, 1, 320)","(338, 4)"
"(328, 3, 1, 234)","(194, 3)"
"(196, 1, 2, 456)","(247, 1)"
"(262, 2, 1, 153)","(171, 4)"
"(210, 3, 1, 443)","(334, 4)"
"(84, 5, 1, 255)","(338, 5)"
"(360, 2, 1, 379)","(236, 2)"
"(406, 4, 1, 308)","(106, 2)"
"(102, 7, 1, 343)","(106, 7)"
"(4, 1, 1, 210)","(256, 1)"
"(308, 2, 3, 464)","(135, 2)"
"(84, 4, 1, 234)","(338, 4)"
"(139, 1, 1, 97)","(202, 1)"
"(154, 1, 1, 298)","(30, 1)"
"(84, 5, 1, 411)","(338, 5)"
"(38, 1, 1, 227)","(14, 8)"
"(343, 4, 1, 362)","(159, 4)"
"(257, 1, 1, 40)","(326, 1)"
"(196, 6, 2, 456)","(247, 6)"
"(328, 2, 1, 234)","(194, 2)"
"(84, 3, 1, 141)","(197, 3)"
"(210, 2, 1, 443)","(334, 2)"
"(84, 3, 1, 171)","(338, 3)"
"(365, 4, 1, 73)","(125, 4)"
"(352, 2, 1, 320)","(226, 7)"
"(406, 4, 1, 392)","(106, 2)"
"(84, 4, 1, 223)","(338, 4)"
"(258, 2, 1, 353)","(259, 1)"
"(298, 1, 1, 110)","(210, 1)"
"(343, 3, 1, 137)","(159, 3)"
"(257, 1, 1, 50)","(326, 1)"
"(390, 4, 1, 104)","(141, 4)"
"(283, 2, 1, 307)","(8, 2)"
"(211, 3, 1, 422)","(420, 2)"
"(257, 6, 1, 40)","(326, 6)"
"(200, 4, 1, 365)","(341, 6)"
"(84, 1, 1, 147)","(338, 1)"
"(189, 2, 1, 383)","(414, 2)"
"(330, 2, 1, 388)","(239, 7)"
"(258, 2, 1, 331)","(259, 1)"
"(305, 4, 1, 145)","(53, 4)"
"(84, 4, 1, 379)","(338, 4)"
"(84, 2, 1, 141)","(197, 2)"
"(84, 5, 1, 244)","(338, 5)"
"(257, 3, 1, 150)","(326, 3)"
"(84, 2, 1, 171)","(338, 2)"
"(368, 1, 1, 338)","(170, 1)"
"(156, 4, 1, 367)","(178, 4)"
"(343, 4, 1, 391)","(159, 4)"
"(379, 3, 1, 401)","(127, 3)"
"(350, 4, 1, 301)","(244, 3)"
"(257, 6, 1, 50)","(326, 6)"
"(106, 3, 1, 358)","(345, 1)"
"(84, 5, 1, 5)","(338, 5)"
"(84, 3, 1, 462)","(338, 3)"
"(150, 4, 1, 100)","(141, 4)"
"(343, 2, 1, 137)","(159, 2)"
"(84, 3, 1, 63)","(338, 3)"
"(84, 1, 1, 255)","(338, 1)"
"(211, 2, 1, 422)","(420, 5)"
"(422, 1, 1, 427)","(259, 1)"
"(362, 1, 1, 154)","(308, 1)"
"(257, 2, 1, 150)","(326, 2)"
"(159, 7, 1, 195)","(343, 7)"
"(14, 5, 1, 201)","(249, 3)"
"(186, 1, 1, 289)","(69, 5)"
"(343, 3, 1, 149)","(159, 3)"
"(84, 1, 1, 411)","(338, 1)"
"(159, 5, 1, 293)","(343, 5)"
"(117, 3, 1, 268)","(183, 3)"
"(379, 2, 1, 401)","(127, 2)"
"(10, 3, 1, 129)","(197, 3)"
"(414, 2, 1, 282)","(329, 2)"
"(343, 4, 1, 80)","(159, 4)"
"(84, 3, 1, 221)","(338, 3)"
"(106, 2, 1, 358)","(345, 4)"
"(233, 4, 1, 318)","(53, 4)"
"(84, 2, 1, 462)","(338, 2)"
"(257, 3, 1, 405)","(326, 3)"
"(84, 2, 1, 63)","(338, 2)"
"(170, 1, 1, 302)","(286, 1)"
"(159, 5, 1, 225)","(343, 5)"
"(337, 4, 1, 11)","(88, 4)"
"(406, 7, 1, 65)","(106, 5)"
"(320, 1, 1, 436)","(154, 1)"
"(275, 1, 1, 144)","(358, 1)"
"(354, 5, 1, 313)","(244, 4)"
"(343, 2, 1, 149)","(159, 2)"
"(59, 2, 1, 418)","(317, 3)"
"(329, 1, 1, 76)","(152, 1)"
"(117, 2, 1, 268)","(183, 2)"
"(355, 4, 1, 258)","(426, 2)"
"(196, 4, 1, 456)","(247, 4)"
"(53, 4, 1, 95)","(305, 4)"
"(10, 2, 1, 129)","(197, 2)"
"(84, 2, 1, 221)","(338, 2)"
"(326, 3, 1, 372)","(257, 3)"
"(84, 5, 1, 261)","(338, 5)"
"(125, 7, 1, 378)","(141, 7)"
"(84, 3, 1, 268)","(338, 3)"
"(343, 4, 1, 337)","(159, 4)"
"(84, 1, 1, 244)","(338, 1)"
"(189, 2, 1, 103)","(360, 2)"
"(84, 5, 1, 319)","(257, 3)"
"(261, 3, 1, 463)","(32, 2)"
"(308, 2, 4, 464)","(135, 4)"
"(33, 2, 1, 106)","(268, 2)"
"(257, 2, 1, 405)","(326, 2)"
"(259, 1, 1, 156)","(385, 1)"
"(197, 5, 1, 285)","(338, 5)"
"(280, 5, 1, 158)","(354, 4)"
"(2, 1, 1, 448)","(327, 1)"
"(217, 1, 1, 465)","(168, 1)"
"(153, 3, 1, 232)","(346, 3)"
"(163, 3, 1, 289)","(69, 3)"
"(84, 1, 1, 5)","(338, 1)"
"(138, 4, 1, 248)","(314, 4)"
"(326, 7, 1, 354)","(257, 7)"
"(102, 5, 1, 343)","(106, 5)"
"(84, 3, 1, 349)","(338, 3)"
"(427, 1, 1, 54)","(174, 1)"
"(232, 4, 1, 28)","(17, 4)"
"(261, 5, 1, 270)","(32, 4)"
"(326, 2, 1, 372)","(257, 2)"
"(84, 2, 1, 268)","(338, 2)"
"(261, 2, 1, 463)","(32, 1)"
"(14, 1, 1, 201)","(249, 1)"
"(84, 5, 1, 353)","(338, 5)"
"(143, 1, 1, 270)","(293, 1)"
"(316, 1, 1, 457)","(45, 2)"
"(258, 2, 1, 305)","(259, 1)"
"(430, 5, 1, 468)","(5, 5)"
"(159, 1, 1, 293)","(343, 1)"
"(159, 3, 1, 317)","(343, 3)"
"(257, 3, 1, 109)","(326, 3)"
"(153, 2, 1, 232)","(346, 2)"
"(116, 4, 1, 349)","(178, 4)"
"(163, 2, 1, 289)","(69, 2)"
"(84, 5, 1, 331)","(338, 5)"
"(65, 3, 1, 363)","(165, 3)"
"(294, 1, 1, 36)","(321, 1)"
"(159, 1, 1, 225)","(343, 1)"
"(174, 1, 1, 387)","(40, 1)"
"(84, 2, 1, 349)","(338, 2)"
"(194, 4, 1, 272)","(335, 4)"
"(218, 2, 1, 276)","(24, 2)"
"(14, 6, 1, 201)","(249, 4)"
"(257, 4, 1, 233)","(326, 4)"
"(84, 5, 1, 132)","(338, 5)"
"(84, 4, 1, 204)","(291, 6)"
"(159, 6, 1, 293)","(343, 6)"
"(354, 1, 1, 313)","(154, 1)"
"(428, 1, 1, 50)","(241, 1)"
"(159, 2, 1, 317)","(343, 2)"
"(257, 2, 1, 109)","(326, 2)"
"(84, 5, 1, 267)","(338, 5)"
"(178, 5, 1, 434)","(156, 5)"
"(263, 5, 1, 271)","(193, 4)"
"(406, 3, 1, 54)","(106, 1)"
"(84, 1, 1, 261)","(338, 1)"
"(317, 1, 1, 41)","(20, 1)"
"(351, 1, 1, 235)","(427, 1)"
"(65, 2, 1, 363)","(165, 1)"
"(84, 1, 1, 319)","(257, 5)"
"(159, 6, 1, 225)","(343, 6)"
"(236, 1, 1, 467)","(189, 1)"
"(84, 4, 1, 227)","(338, 4)"
"(84, 4, 1, 27)","(338, 4)"
"(197, 1, 1, 285)","(338, 1)"
"(426, 1, 1, 362)","(277, 1)"
"(280, 1, 1, 158)","(354, 1)"
"(84, 4, 1, 413)","(338, 4)"
"(324, 1, 1, 48)","(254, 1)"
"(204, 4, 1, 78)","(54, 4)"
"(269, 5, 1, 411)","(339, 5)"
"(84, 4, 1, 124)","(338, 4)"
"(257, 7, 1, 176)","(326, 7)"
"(343, 7, 1, 250)","(159, 7)"
"(156, 4, 1, 128)","(204, 5)"
"(102, 1, 1, 343)","(106, 1)"
"(231, 1, 1, 346)","(366, 1)"
"(106, 7, 1, 266)","(406, 1)"
"(406, 2, 1, 54)","(106, 6)"
"(261, 1, 1, 270)","(293, 3)"
"(84, 5, 1, 120)","(338, 5)"
"(406, 4, 1, 175)","(106, 2)"
"(159, 3, 1, 188)","(343, 3)"
"(159, 5, 1, 195)","(343, 5)"
"(258, 1, 1, 410)","(30, 1)"
"(84, 1, 1, 353)","(338, 1)"
"(430, 1, 1, 468)","(5, 1)"
"(280, 6, 1, 158)","(187, 1)"
"(113, 1, 1, 125)","(259, 1)"
"(84, 3, 1, 333)","(197, 3)"
"(300, 5, 1, 152)","(245, 5)"
"(84, 1, 1, 331)","(338, 1)"
"(226, 4, 1, 227)","(14, 4)"
"(102, 6, 1, 343)","(106, 6)"
"(420, 3, 1, 250)","(382, 3)"
"(257, 4, 1, 461)","(326, 4)"
"(290, 3, 1, 193)","(371, 3)"
"(128, 5, 1, 174)","(69, 6)"
"(261, 6, 1, 270)","(32, 5)"
"(406, 5, 1, 65)","(106, 3)"
"(84, 1, 1, 132)","(338, 1)"
"(84, 3, 1, 136)","(263, 6)"
"(159, 2, 1, 188)","(343, 2)"
"(84, 3, 1, 210)","(338, 3)"
"(354, 5, 1, 281)","(197, 4)"
"(63, 1, 1, 299)","(73, 1)"
"(84, 1, 1, 267)","(338, 1)"
"(183, 1, 1, 108)","(154, 1)"
"(257, 7, 1, 64)","(326, 7)"
"(263, 1, 1, 271)","(378, 2)"
"(84, 2, 1, 333)","(197, 2)"
"(178, 1, 1, 434)","(156, 1)"
"(125, 5, 1, 378)","(141, 5)"
"(258, 2, 1, 440)","(259, 1)"
"(326, 4, 1, 451)","(257, 4)"
"(406, 7, 1, 116)","(384, 5)"
"(321, 1, 1, 262)","(120, 1)"
"(420, 2, 1, 250)","(382, 2)"
"(290, 2, 1, 193)","(371, 2)"
"(84, 5, 1, 305)","(197, 5)"
"(324, 1, 1, 150)","(154, 1)"
"(33, 2, 1, 216)","(183, 3)"
"(380, 1, 1, 189)","(179, 1)"
"(84, 4, 1, 207)","(130, 4)"
"(84, 3, 1, 121)","(338, 3)"
"(84, 2, 1, 210)","(338, 2)"
"(84, 2, 1, 136)","(263, 5)"
"(326, 5, 1, 354)","(257, 5)"
"(269, 1, 1, 411)","(339, 1)"
"(84, 5, 1, 123)","(338, 5)"
"(263, 6, 1, 271)","(193, 5)"
"(84, 3, 1, 380)","(338, 3)"
