"(422, 1, 1, 322)","(423, 1)"
"(302, 5, 1, 193)","(300, 5)"
"(139, 3, 1, 287)","(174, 5)"
"(160, 1, 1, 21)","(362, 3)"
"(139, 2, 1, 158)","(120, 2)"
"(300, 6, 1, 266)","(302, 6)"
"(115, 3, 1, 148)","(159, 1)"
"(130, 1, 1, 343)","(129, 1)"
"(358, 1, 1, 366)","(357, 1)"
"(296, 3, 1, 138)","(299, 3)"
"(139, 1, 1, 381)","(141, 1)"
"(300, 5, 1, 267)","(302, 5)"
"(139, 4, 1, 283)","(120, 4)"
"(139, 4, 1, 57)","(120, 4)"
"(414, 1, 1, 16)","(415, 1)"
"(120, 5, 1, 54)","(139, 5)"
"(34, 1, 1, 105)","(269, 1)"
"(300, 1, 1, 152)","(302, 1)"
"(214, 1, 1, 132)","(202, 1)"
"(302, 1, 1, 247)","(300, 1)"
"(131, 1, 1, 33)","(120, 1)"
"(139, 1, 1, 63)","(120, 1)"
"(302, 6, 1, 251)","(300, 6)"
"(398, 5, 1, 98)","(100, 7)"
"(300, 1, 1, 261)","(302, 1)"
"(120, 4, 1, 43)","(169, 4)"
"(221, 4, 1, 119)","(161, 6)"
"(362, 3, 1, 368)","(361, 3)"
"(302, 2, 1, 203)","(300, 2)"
"(302, 4, 1, 183)","(300, 4)"
"(397, 4, 1, 118)","(178, 4)"
"(120, 1, 1, 69)","(139, 1)"
"(139, 2, 1, 287)","(174, 4)"
"(160, 6, 1, 21)","(362, 2)"
"(139, 4, 1, 242)","(120, 4)"
"(302, 4, 1, 260)","(300, 4)"
"(113, 4, 1, 108)","(116, 4)"
"(97, 1, 1, 295)","(95, 1)"
"(59, 7, 1, 141)","(255, 5)"
"(115, 2, 1, 148)","(159, 6)"
"(296, 2, 1, 138)","(299, 2)"
"(414, 1, 1, 17)","(412, 1)"
"(300, 6, 1, 152)","(302, 6)"
"(302, 6, 1, 247)","(300, 6)"
"(206, 5, 1, 157)","(233, 5)"
"(300, 6, 1, 261)","(302, 6)"
"(296, 3, 1, 163)","(299, 3)"
"(159, 4, 1, 158)","(115, 6)"
"(296, 1, 1, 155)","(299, 1)"
"(345, 1, 1, 315)","(344, 1)"
"(168, 1, 1, 285)","(19, 1)"
"(303, 7, 1, 75)","(301, 7)"
"(296, 7, 1, 105)","(299, 7)"
"(48, 4, 1, 137)","(160, 2)"
"(362, 2, 1, 368)","(361, 2)"
"(300, 7, 1, 96)","(302, 7)"
"(232, 3, 1, 38)","(205, 3)"
"(380, 1, 1, 364)","(379, 1)"
"(302, 1, 1, 221)","(300, 1)"
"(335, 5, 1, 151)","(131, 5)"
"(140, 3, 1, 140)","(121, 3)"
"(302, 4, 1, 195)","(300, 4)"
"(97, 6, 1, 295)","(95, 6)"
"(139, 3, 1, 164)","(120, 3)"
"(146, 3, 1, 58)","(162, 3)"
"(379, 1, 1, 92)","(222, 1)"
"(100, 4, 1, 289)","(95, 1)"
"(231, 4, 1, 131)","(230, 1)"
"(98, 1, 1, 293)","(96, 1)"
"(296, 6, 1, 155)","(299, 6)"
"(160, 5, 1, 109)","(362, 7)"
"(296, 2, 1, 163)","(299, 2)"
"(323, 7, 1, 241)","(159, 5)"
"(428, 1, 1, 18)","(414, 1)"
"(302, 5, 1, 252)","(300, 5)"
"(302, 1, 1, 193)","(300, 1)"
"(255, 4, 1, 274)","(116, 6)"
"(50, 5, 1, 232)","(8, 5)"
"(295, 3, 1, 296)","(298, 3)"
"(302, 5, 1, 181)","(300, 5)"
"(232, 2, 1, 38)","(205, 2)"
"(284, 4, 1, 236)","(159, 4)"
"(300, 1, 1, 267)","(302, 1)"
"(223, 1, 1, 95)","(380, 1)"
"(302, 6, 1, 221)","(300, 6)"
"(332, 7, 1, 230)","(67, 7)"
"(120, 1, 1, 54)","(139, 1)"
"(140, 2, 1, 140)","(121, 2)"
"(139, 2, 1, 164)","(120, 2)"
"(146, 2, 1, 58)","(162, 2)"
"(295, 5, 1, 280)","(300, 5)"
"(105, 3, 1, 48)","(123, 3)"
"(398, 1, 1, 98)","(100, 4)"
"(98, 6, 1, 293)","(96, 6)"
"(24, 3, 1, 145)","(36, 3)"
"(115, 7, 1, 22)","(112, 7)"
"(302, 6, 1, 193)","(300, 6)"
"(160, 4, 1, 115)","(22, 6)"
"(295, 5, 1, 37)","(298, 5)"
"(120, 4, 1, 19)","(139, 4)"
"(295, 2, 1, 296)","(298, 2)"
"(388, 4, 1, 234)","(323, 4)"
"(300, 6, 1, 267)","(302, 6)"
"(217, 2, 1, 39)","(214, 1)"
"(428, 1, 1, 146)","(417, 2)"
"(390, 4, 1, 153)","(113, 6)"
"(206, 1, 1, 157)","(233, 1)"
"(139, 5, 1, 243)","(120, 5)"
"(258, 1, 1, 38)","(118, 2)"
"(398, 6, 1, 98)","(100, 8)"
"(139, 5, 1, 72)","(120, 5)"
"(302, 3, 1, 264)","(300, 3)"
"(296, 7, 1, 288)","(299, 7)"
"(105, 2, 1, 48)","(123, 2)"
"(103, 3, 1, 51)","(376, 4)"
"(24, 2, 1, 145)","(36, 2)"
"(374, 1, 1, 104)","(34, 1)"
"(299, 7, 1, 169)","(296, 7)"
"(388, 3, 1, 171)","(159, 1)"
"(302, 3, 1, 199)","(300, 3)"
"(139, 5, 1, 50)","(120, 5)"
"(432, 4, 1, 39)","(229, 2)"
"(120, 4, 1, 42)","(139, 4)"
"(335, 1, 1, 151)","(131, 1)"
"(98, 3, 1, 95)","(399, 3)"
"(160, 5, 1, 2)","(116, 7)"
"(139, 4, 1, 284)","(120, 4)"
"(302, 5, 1, 258)","(300, 5)"
"(298, 3, 1, 275)","(295, 3)"
"(300, 7, 1, 20)","(302, 7)"
"(139, 3, 1, 23)","(131, 3)"
"(139, 5, 1, 34)","(131, 5)"
"(121, 5, 1, 168)","(140, 5)"
"(287, 1, 1, 126)","(377, 1)"
"(139, 3, 1, 48)","(120, 3)"
"(160, 1, 1, 109)","(362, 3)"
"(139, 3, 1, 285)","(131, 3)"
"(139, 5, 1, 133)","(120, 5)"
"(302, 1, 1, 252)","(300, 1)"
"(131, 4, 1, 171)","(139, 4)"
"(204, 1, 1, 73)","(306, 1)"
"(302, 2, 1, 264)","(300, 2)"
"(126, 1, 1, 326)","(128, 1)"
"(50, 1, 1, 232)","(8, 1)"
"(103, 2, 1, 51)","(376, 3)"
"(217, 1, 1, 60)","(144, 1)"
"(302, 1, 1, 181)","(300, 1)"
"(388, 2, 1, 171)","(159, 6)"
"(217, 2, 1, 147)","(214, 1)"
"(302, 2, 1, 199)","(300, 2)"
"(295, 7, 1, 295)","(298, 7)"
"(324, 2, 1, 329)","(326, 2)"
"(327, 2, 1, 64)","(328, 2)"
"(67, 7, 1, 231)","(50, 7)"
"(311, 2, 1, 281)","(297, 2)"
"(280, 2, 1, 314)","(278, 2)"
"(178, 5, 1, 297)","(397, 1)"
"(139, 3, 1, 320)","(120, 3)"
"(300, 4, 1, 256)","(302, 4)"
"(160, 7, 1, 108)","(116, 1)"
"(98, 2, 1, 95)","(399, 2)"
"(295, 1, 1, 280)","(300, 1)"
"(298, 2, 1, 275)","(295, 2)"
"(160, 6, 1, 109)","(362, 2)"
"(139, 2, 1, 23)","(131, 2)"
"(261, 7, 1, 135)","(286, 7)"
"(404, 4, 1, 144)","(24, 4)"
"(139, 2, 1, 48)","(120, 2)"
"(302, 6, 1, 252)","(300, 6)"
"(139, 2, 1, 285)","(131, 2)"
"(295, 7, 1, 166)","(298, 7)"
"(50, 6, 1, 232)","(8, 6)"
"(139, 3, 1, 33)","(120, 3)"
"(295, 1, 1, 37)","(298, 1)"
"(302, 6, 1, 181)","(300, 6)"
"(59, 5, 1, 141)","(255, 3)"
"(296, 7, 1, 142)","(299, 7)"
"(139, 1, 1, 243)","(120, 1)"
"(258, 1, 1, 37)","(432, 1)"
"(139, 2, 1, 320)","(120, 2)"
"(295, 6, 1, 280)","(300, 6)"
"(303, 5, 1, 75)","(301, 5)"
"(139, 3, 1, 81)","(131, 3)"
"(139, 1, 1, 72)","(120, 1)"
"(398, 7, 1, 150)","(102, 5)"
"(310, 2, 1, 382)","(311, 2)"
"(302, 7, 1, 177)","(300, 7)"
"(296, 5, 1, 105)","(299, 5)"
"(390, 4, 1, 157)","(160, 4)"
"(302, 3, 1, 262)","(300, 3)"
"(193, 1, 2, 347)","(194, 1)"
"(300, 5, 1, 96)","(302, 5)"
"(362, 4, 1, 110)","(289, 4)"
"(139, 1, 1, 50)","(120, 1)"
"(295, 6, 1, 37)","(298, 6)"
"(136, 1, 1, 81)","(135, 2)"
"(139, 4, 1, 126)","(377, 3)"
"(160, 7, 1, 138)","(266, 1)"
"(302, 3, 1, 234)","(300, 3)"
"(139, 2, 1, 33)","(120, 2)"
"(175, 4, 1, 54)","(176, 4)"
"(26, 1, 1, 66)","(327, 2)"
"(159, 4, 1, 23)","(112, 6)"
"(139, 5, 1, 58)","(120, 5)"
"(302, 4, 1, 253)","(300, 4)"
"(160, 1, 1, 2)","(116, 3)"
"(296, 3, 1, 115)","(299, 3)"
"(420, 1, 1, 385)","(419, 1)"
"(328, 2, 1, 61)","(419, 1)"
"(302, 1, 1, 258)","(300, 1)"
"(139, 1, 1, 34)","(131, 1)"
"(121, 1, 1, 168)","(140, 1)"
"(323, 5, 1, 241)","(159, 3)"
"(139, 1, 1, 133)","(120, 1)"
"(139, 2, 1, 81)","(131, 2)"
"(296, 4, 1, 21)","(299, 4)"
"(302, 2, 1, 262)","(300, 2)"
"(96, 4, 1, 292)","(98, 4)"
"(302, 3, 1, 290)","(300, 3)"
"(302, 7, 1, 205)","(300, 7)"
"(169, 4, 1, 42)","(170, 4)"
"(302, 3, 1, 223)","(300, 3)"
"(302, 2, 1, 234)","(300, 2)"
"(22, 4, 1, 112)","(390, 2)"
"(139, 4, 1, 291)","(120, 4)"
"(129, 1, 1, 55)","(422, 4)"
"(424, 2, 1, 55)","(422, 2)"
"(160, 7, 1, 163)","(390, 7)"
"(332, 5, 1, 230)","(67, 5)"
"(178, 1, 1, 297)","(397, 5)"
"(160, 6, 1, 2)","(116, 2)"
"(302, 6, 1, 258)","(300, 6)"
"(302, 7, 1, 225)","(300, 7)"
"(415, 1, 1, 384)","(416, 1)"
"(296, 2, 1, 115)","(299, 2)"
"(115, 4, 1, 235)","(159, 2)"
"(222, 1, 1, 47)","(204, 1)"
"(139, 3, 1, 270)","(120, 3)"
"(115, 5, 1, 22)","(112, 5)"
"(133, 3, 1, 89)","(325, 1)"
"(300, 3, 1, 265)","(302, 3)"
"(302, 2, 1, 290)","(300, 2)"
"(59, 1, 1, 141)","(255, 7)"
"(376, 3, 1, 52)","(122, 2)"
"(302, 2, 1, 223)","(300, 2)"
"(91, 2, 1, 99)","(305, 1)"
"(217, 2, 1, 362)","(218, 2)"
"(303, 1, 1, 75)","(301, 1)"
"(300, 7, 1, 28)","(302, 7)"
"(296, 5, 1, 288)","(299, 5)"
"(296, 1, 1, 105)","(299, 1)"
"(139, 4, 1, 35)","(120, 4)"
"(299, 5, 1, 169)","(296, 5)"
"(300, 1, 1, 96)","(302, 1)"
"(302, 3, 1, 259)","(300, 3)"
"(139, 2, 1, 270)","(120, 2)"
"(120, 5, 1, 372)","(121, 5)"
"(301, 7, 1, 104)","(303, 7)"
"(133, 2, 1, 89)","(425, 2)"
"(300, 2, 1, 265)","(302, 2)"
"(302, 3, 1, 273)","(300, 3)"
"(95, 3, 1, 294)","(29, 3)"
"(139, 5, 1, 280)","(120, 5)"
"(59, 6, 1, 141)","(255, 4)"
"(139, 4, 1, 39)","(131, 4)"
"(298, 4, 1, 154)","(295, 4)"
"(139, 1, 1, 58)","(120, 1)"
"(376, 2, 1, 52)","(122, 1)"
"(300, 5, 1, 20)","(302, 5)"
"(296, 7, 1, 134)","(299, 7)"
"(29, 3, 1, 73)","(398, 3)"
"(303, 6, 1, 75)","(301, 6)"
"(323, 1, 1, 241)","(159, 7)"
"(296, 6, 1, 105)","(299, 6)"
"(300, 6, 1, 96)","(302, 6)"
"(306, 2, 1, 50)","(105, 3)"
"(139, 5, 1, 70)","(120, 5)"
"(139, 3, 1, 71)","(119, 3)"
"(302, 2, 1, 259)","(300, 2)"
"(403, 1, 1, 318)","(402, 1)"
"(295, 5, 1, 295)","(298, 5)"
"(191, 3, 1, 36)","(258, 4)"
"(67, 5, 1, 231)","(50, 5)"
"(296, 4, 1, 114)","(299, 4)"
"(302, 2, 1, 273)","(300, 2)"
"(332, 1, 1, 230)","(67, 1)"
"(95, 2, 1, 294)","(29, 2)"
"(160, 5, 1, 108)","(116, 7)"
"(139, 3, 1, 170)","(131, 3)"
"(302, 4, 1, 249)","(300, 4)"
"(298, 4, 1, 263)","(295, 4)"
"(132, 3, 1, 371)","(133, 3)"
"(303, 3, 1, 77)","(301, 3)"
"(29, 2, 1, 73)","(398, 2)"
"(289, 3, 1, 111)","(22, 3)"
"(220, 1, 1, 87)","(275, 1)"
"(295, 4, 1, 10)","(298, 4)"
"(115, 1, 1, 22)","(112, 1)"
"(261, 5, 1, 135)","(286, 5)"
"(323, 6, 1, 241)","(159, 4)"
"(295, 5, 1, 166)","(298, 5)"
"(280, 2, 1, 329)","(278, 2)"
"(193, 4, 1, 347)","(194, 4)"
"(221, 7, 1, 119)","(161, 1)"
"(431, 1, 1, 317)","(430, 1)"
"(419, 1, 1, 59)","(412, 1)"
"(302, 7, 1, 183)","(300, 7)"
"(139, 2, 1, 71)","(119, 2)"
"(303, 4, 1, 102)","(301, 4)"
"(296, 5, 1, 142)","(299, 5)"
"(332, 6, 1, 230)","(67, 6)"
"(191, 2, 1, 36)","(258, 3)"
"(324, 1, 1, 370)","(325, 1)"
"(302, 7, 1, 260)","(300, 7)"
"(398, 5, 1, 150)","(102, 6)"
"(113, 7, 1, 108)","(116, 7)"
"(139, 2, 1, 170)","(131, 2)"
"(100, 8, 1, 289)","(95, 6)"
"(302, 5, 1, 177)","(300, 5)"
"(296, 1, 1, 288)","(299, 1)"
"(132, 2, 1, 371)","(133, 2)"
"(214, 1, 1, 430)","(216, 1)"
"(115, 6, 1, 22)","(112, 6)"
"(120, 1, 1, 372)","(121, 1)"
"(303, 2, 1, 77)","(301, 2)"
"(299, 1, 1, 169)","(296, 1)"
"(289, 2, 1, 111)","(22, 2)"
"(159, 7, 1, 158)","(115, 1)"
"(127, 1, 1, 94)","(223, 1)"
"(36, 4, 1, 109)","(116, 4)"
"(160, 5, 1, 138)","(266, 7)"
"(302, 4, 1, 250)","(300, 4)"
"(299, 4, 1, 292)","(296, 4)"
"(375, 4, 1, 127)","(117, 4)"
"(48, 7, 1, 137)","(160, 5)"
"(139, 1, 1, 280)","(120, 1)"
"(298, 3, 1, 3)","(295, 3)"
"(300, 1, 1, 20)","(302, 1)"
"(399, 4, 1, 288)","(98, 4)"
"(302, 4, 1, 233)","(300, 4)"
"(302, 7, 1, 195)","(300, 7)"
"(302, 3, 1, 191)","(300, 3)"
"(296, 6, 1, 288)","(299, 6)"
"(100, 7, 1, 289)","(95, 5)"
"(299, 6, 1, 169)","(296, 6)"
"(139, 1, 1, 70)","(120, 1)"
"(302, 4, 1, 255)","(300, 4)"
"(302, 5, 1, 205)","(300, 5)"
"(381, 1, 1, 337)","(379, 1)"
"(295, 4, 2, 16)","(298, 4)"
"(295, 1, 1, 295)","(298, 1)"
"(159, 4, 1, 170)","(332, 6)"
"(255, 7, 1, 274)","(116, 1)"
"(88, 5, 1, 298)","(178, 1)"
"(67, 1, 1, 231)","(50, 1)"
"(160, 5, 1, 163)","(390, 5)"
"(160, 1, 1, 108)","(116, 3)"
"(215, 1, 1, 82)","(127, 1)"
"(302, 5, 1, 225)","(300, 5)"
"(215, 1, 1, 86)","(220, 1)"
"(300, 6, 1, 20)","(302, 6)"
"(284, 7, 1, 236)","(159, 7)"
"(298, 2, 1, 3)","(295, 2)"
"(261, 1, 1, 135)","(286, 1)"
"(300, 4, 1, 257)","(302, 4)"
"(133, 3, 1, 370)","(132, 3)"
"(295, 3, 1, 16)","(298, 3)"
"(295, 1, 1, 166)","(298, 1)"
"(286, 4, 1, 136)","(48, 4)"
"(302, 2, 1, 191)","(300, 2)"
"(302, 3, 1, 227)","(300, 3)"
"(230, 1, 1, 130)","(231, 1)"
"(361, 4, 1, 201)","(159, 2)"
"(139, 4, 1, 4)","(120, 4)"
"(295, 6, 1, 295)","(298, 6)"
"(278, 1, 1, 369)","(279, 1)"
"(160, 7, 1, 115)","(22, 1)"
"(67, 6, 1, 231)","(50, 6)"
"(296, 1, 1, 142)","(299, 1)"
"(302, 4, 1, 185)","(300, 4)"
"(160, 6, 1, 108)","(116, 2)"
"(229, 5, 1, 35)","(205, 5)"
"(398, 1, 1, 150)","(102, 3)"
"(388, 7, 1, 234)","(323, 7)"
"(300, 5, 1, 28)","(302, 5)"
"(302, 3, 1, 215)","(300, 3)"
"(116, 4, 1, 156)","(160, 2)"
"(302, 1, 1, 177)","(300, 1)"
"(333, 1, 1, 284)","(168, 1)"
"(390, 7, 1, 153)","(113, 1)"
"(261, 6, 1, 135)","(286, 6)"
"(139, 4, 1, 47)","(120, 4)"
"(171, 1, 1, 74)","(172, 1)"
"(412, 2, 1, 46)","(183, 2)"
"(301, 5, 1, 104)","(303, 5)"
"(295, 6, 1, 166)","(298, 6)"
"(140, 4, 1, 372)","(139, 4)"
"(160, 1, 1, 138)","(266, 3)"
"(266, 4, 1, 139)","(58, 4)"
"(8, 4, 1, 233)","(388, 4)"
"(133, 2, 1, 370)","(132, 2)"
"(295, 2, 1, 16)","(298, 2)"
"(302, 2, 1, 227)","(300, 2)"
"(101, 2, 1, 301)","(382, 2)"
"(296, 4, 1, 2)","(299, 4)"
"(296, 5, 1, 134)","(299, 5)"
"(296, 6, 1, 142)","(299, 6)"
"(398, 6, 1, 150)","(102, 7)"
"(390, 3, 1, 159)","(160, 3)"
"(302, 6, 1, 177)","(300, 6)"
"(120, 5, 1, 5)","(139, 5)"
"(377, 5, 1, 150)","(375, 2)"
"(301, 3, 1, 293)","(303, 3)"
"(302, 4, 1, 197)","(300, 4)"
"(120, 4, 1, 8)","(139, 4)"
"(302, 2, 1, 215)","(300, 2)"
"(155, 3, 1, 70)","(146, 3)"
"(112, 4, 1, 269)","(159, 2)"
"(115, 4, 1, 269)","(254, 2)"
"(160, 6, 1, 138)","(266, 2)"
"(298, 4, 1, 131)","(295, 4)"
"(302, 1, 1, 205)","(300, 1)"
"(217, 1, 1, 63)","(162, 1)"
"(420, 2, 1, 384)","(419, 2)"
"(88, 1, 1, 298)","(178, 5)"
"(159, 4, 1, 355)","(160, 4)"
"(160, 1, 1, 163)","(390, 1)"
"(139, 3, 1, 1)","(131, 3)"
"(126, 1, 1, 327)","(128, 1)"
"(302, 1, 1, 225)","(300, 1)"
"(313, 1, 1, 282)","(312, 1)"
"(146, 3, 1, 45)","(171, 3)"
"(139, 5, 1, 283)","(120, 5)"
"(139, 5, 1, 57)","(120, 5)"
"(205, 3, 1, 44)","(175, 3)"
"(300, 7, 1, 256)","(302, 7)"
"(390, 2, 1, 159)","(160, 2)"
"(425, 1, 1, 358)","(424, 1)"
"(301, 2, 1, 293)","(303, 2)"
"(139, 4, 1, 51)","(120, 4)"
"(139, 3, 1, 279)","(120, 3)"
"(120, 5, 1, 43)","(169, 5)"
"(221, 5, 1, 119)","(161, 7)"
"(155, 2, 1, 70)","(146, 2)"
"(141, 4, 1, 281)","(297, 4)"
"(302, 5, 1, 183)","(300, 5)"
"(302, 6, 1, 205)","(300, 6)"
"(397, 5, 1, 118)","(178, 1)"
"(404, 7, 1, 144)","(24, 7)"
"(337, 4, 1, 386)","(338, 4)"
"(302, 3, 1, 207)","(300, 3)"
"(160, 6, 1, 163)","(390, 6)"
"(139, 5, 1, 242)","(120, 5)"
"(136, 1, 1, 79)","(214, 1)"
"(302, 5, 1, 260)","(300, 5)"
"(302, 6, 1, 225)","(300, 6)"
"(139, 2, 1, 1)","(131, 2)"
"(229, 1, 1, 35)","(205, 1)"
"(113, 5, 1, 108)","(116, 5)"
"(300, 1, 1, 28)","(302, 1)"
"(174, 3, 1, 283)","(159, 3)"
"(118, 3, 1, 41)","(131, 3)"
"(146, 2, 1, 45)","(171, 2)"
"(159, 5, 1, 158)","(115, 7)"
"(205, 2, 1, 44)","(175, 2)"
"(301, 1, 1, 104)","(303, 1)"
"(310, 2, 1, 278)","(313, 2)"
"(390, 7, 1, 157)","(160, 7)"
"(25, 4, 1, 107)","(113, 4)"
"(48, 5, 1, 137)","(160, 3)"
"(139, 2, 1, 279)","(120, 2)"
"(303, 4, 1, 87)","(301, 4)"
"(362, 7, 1, 110)","(289, 7)"
"(296, 1, 1, 134)","(299, 1)"
"(233, 4, 1, 348)","(232, 4)"
"(296, 4, 1, 107)","(299, 4)"
"(302, 2, 1, 207)","(300, 2)"
"(102, 4, 1, 299)","(97, 3)"
"(134, 4, 1, 313)","(132, 4)"
"(159, 7, 1, 23)","(112, 1)"
"(302, 5, 1, 195)","(300, 5)"
"(300, 6, 1, 28)","(302, 6)"
"(100, 5, 1, 289)","(95, 3)"
"(302, 3, 1, 231)","(300, 3)"
"(120, 1, 1, 5)","(139, 1)"
"(377, 1, 1, 150)","(375, 6)"
"(231, 5, 1, 131)","(230, 3)"
"(302, 7, 1, 253)","(300, 7)"
"(406, 1, 1, 300)","(101, 1)"
"(174, 2, 1, 283)","(159, 2)"
"(302, 3, 1, 179)","(300, 3)"
"(118, 2, 1, 41)","(131, 2)"
"(301, 6, 1, 104)","(303, 6)"
"(159, 4, 1, 1)","(115, 6)"
"(97, 4, 1, 67)","(179, 4)"
"(161, 3, 1, 106)","(25, 3)"
"(160, 3, 1, 142)","(37, 5)"
"(255, 5, 1, 274)","(116, 7)"
"(302, 4, 1, 297)","(300, 4)"
"(205, 4, 1, 348)","(206, 4)"
"(296, 7, 1, 21)","(299, 7)"
"(115, 3, 2, 22)","(159, 1)"
"(96, 7, 1, 292)","(98, 7)"
"(302, 3, 1, 209)","(300, 3)"
"(296, 6, 1, 134)","(299, 6)"
"(178, 4, 1, 299)","(397, 4)"
"(284, 5, 1, 236)","(159, 5)"
"(336, 3, 1, 388)","(335, 3)"
"(139, 3, 1, 14)","(120, 3)"
"(305, 2, 1, 98)","(214, 1)"
"(140, 3, 1, 110)","(121, 3)"
"(22, 7, 1, 112)","(390, 5)"
"(139, 1, 1, 283)","(120, 1)"
"(58, 3, 1, 140)","(59, 3)"
"(139, 1, 1, 57)","(120, 1)"
"(139, 4, 1, 132)","(120, 4)"
"(377, 6, 1, 150)","(375, 3)"
"(302, 3, 1, 213)","(300, 3)"
"(302, 2, 1, 231)","(300, 2)"
"(401, 1, 1, 373)","(400, 1)"
"(120, 1, 1, 43)","(169, 1)"
"(221, 1, 1, 119)","(161, 3)"
"(115, 7, 1, 235)","(159, 5)"
"(134, 3, 1, 330)","(132, 3)"
"(302, 2, 1, 179)","(300, 2)"
"(302, 1, 1, 183)","(300, 1)"
"(397, 1, 1, 118)","(178, 5)"
"(302, 4, 1, 254)","(300, 4)"
"(329, 1, 1, 374)","(330, 1)"
"(160, 5, 1, 115)","(22, 7)"
"(302, 4, 1, 189)","(300, 4)"
"(161, 2, 1, 106)","(25, 2)"
"(160, 2, 1, 142)","(37, 4)"
"(139, 1, 1, 242)","(120, 1)"
"(256, 1, 1, 128)","(272, 1)"
"(120, 5, 1, 19)","(139, 5)"
"(115, 2, 2, 22)","(159, 6)"
"(302, 3, 1, 187)","(300, 3)"
"(302, 2, 1, 209)","(300, 2)"
"(113, 1, 1, 108)","(116, 1)"
"(296, 4, 1, 145)","(299, 4)"
"(388, 5, 1, 234)","(323, 5)"
"(302, 1, 1, 260)","(300, 1)"
"(117, 4, 1, 34)","(120, 4)"
"(139, 4, 2, 60)","(120, 4)"
"(390, 5, 1, 153)","(113, 7)"
"(336, 2, 1, 388)","(335, 2)"
"(139, 2, 1, 14)","(120, 2)"
"(140, 2, 1, 110)","(121, 2)"
"(58, 2, 1, 140)","(59, 2)"
"(159, 1, 1, 158)","(115, 3)"
"(325, 2, 1, 83)","(275, 1)"
"(221, 6, 1, 119)","(161, 2)"
"(302, 2, 1, 213)","(300, 2)"
"(417, 3, 1, 385)","(418, 3)"
"(302, 6, 1, 183)","(300, 6)"
"(119, 3, 1, 72)","(337, 3)"
"(48, 1, 1, 137)","(160, 7)"
"(284, 4, 1, 230)","(159, 4)"
"(134, 2, 1, 330)","(132, 2)"
"(302, 3, 1, 173)","(300, 3)"
"(139, 3, 1, 60)","(120, 3)"
"(160, 4, 1, 101)","(221, 4)"
"(122, 4, 1, 53)","(191, 4)"
"(302, 6, 1, 260)","(300, 6)"
"(120, 5, 1, 42)","(139, 5)"
"(113, 6, 1, 108)","(116, 6)"
"(302, 2, 1, 187)","(300, 2)"
"(298, 7, 1, 154)","(295, 7)"
"(302, 1, 1, 195)","(300, 1)"
"(100, 1, 1, 289)","(307, 1)"
"(279, 2, 1, 102)","(374, 1)"
"(121, 3, 1, 159)","(140, 3)"
"(139, 5, 1, 284)","(120, 5)"
"(231, 1, 1, 131)","(230, 1)"
"(127, 1, 1, 363)","(126, 1)"
"(428, 2, 1, 63)","(162, 3)"
"(159, 6, 1, 158)","(115, 2)"
"(115, 4, 1, 200)","(284, 2)"
"(131, 5, 1, 171)","(139, 5)"
"(255, 1, 1, 274)","(116, 3)"
"(164, 1, 1, 130)","(163, 1)"
"(48, 6, 1, 137)","(160, 4)"
"(139, 3, 1, 322)","(120, 3)"
"(417, 2, 1, 385)","(418, 2)"
"(119, 2, 1, 72)","(337, 2)"
"(230, 3, 2, 130)","(231, 5)"
"(139, 4, 1, 158)","(120, 4)"
"(302, 2, 1, 173)","(300, 2)"
"(284, 1, 1, 236)","(159, 1)"
"(139, 2, 1, 60)","(120, 2)"
"(217, 1, 1, 40)","(104, 1)"
"(296, 7, 1, 114)","(299, 7)"
"(302, 6, 1, 195)","(300, 6)"
"(300, 5, 1, 256)","(302, 5)"
"(100, 6, 1, 289)","(95, 7)"
"(231, 6, 1, 131)","(230, 3)"
"(308, 1, 1, 352)","(307, 1)"
"(302, 7, 1, 249)","(300, 7)"
"(121, 2, 1, 159)","(140, 2)"
"(298, 7, 1, 263)","(295, 7)"
"(139, 3, 1, 429)","(120, 3)"
"(295, 7, 1, 10)","(298, 7)"
"(404, 5, 1, 144)","(24, 5)"
"(160, 3, 1, 134)","(261, 5)"
"(302, 3, 1, 211)","(300, 3)"
"(255, 6, 1, 274)","(116, 2)"
"(160, 1, 1, 115)","(22, 3)"
"(302, 4, 1, 203)","(300, 4)"
"(139, 2, 1, 322)","(120, 2)"
"(120, 1, 1, 19)","(139, 1)"
"(139, 4, 1, 287)","(174, 2)"
"(284, 6, 1, 236)","(159, 6)"
"(217, 1, 1, 50)","(105, 1)"
"(303, 7, 1, 102)","(301, 7)"
"(388, 1, 1, 234)","(323, 1)"
"(230, 2, 2, 130)","(231, 3)"
"(390, 1, 1, 153)","(113, 3)"
"(115, 4, 1, 148)","(159, 2)"
"(19, 2, 1, 286)","(347, 2)"
"(296, 4, 1, 138)","(299, 4)"
"(395, 1, 1, 323)","(394, 1)"
"(390, 5, 1, 157)","(160, 5)"
"(139, 2, 1, 429)","(120, 2)"
"(362, 5, 1, 110)","(289, 5)"
"(160, 6, 1, 115)","(22, 2)"
"(36, 7, 1, 109)","(116, 7)"
"(139, 5, 1, 126)","(377, 2)"
"(432, 1, 1, 39)","(229, 5)"
"(217, 2, 1, 81)","(214, 1)"
"(160, 2, 1, 134)","(261, 4)"
"(302, 2, 1, 211)","(300, 2)"
"(302, 3, 1, 219)","(300, 3)"
"(362, 4, 1, 368)","(361, 4)"
"(302, 7, 1, 250)","(300, 7)"
"(175, 5, 1, 54)","(176, 5)"
"(299, 7, 1, 292)","(296, 7)"
"(120, 1, 1, 42)","(139, 1)"
"(159, 5, 1, 23)","(112, 7)"
"(388, 6, 1, 234)","(323, 6)"
"(398, 3, 1, 291)","(29, 3)"
"(397, 3, 1, 300)","(88, 3)"
"(302, 5, 1, 253)","(300, 5)"
"(390, 6, 1, 153)","(113, 2)"
"(312, 1, 1, 279)","(310, 1)"
"(139, 1, 1, 284)","(120, 1)"
"(140, 3, 1, 86)","(121, 3)"
"(302, 7, 1, 233)","(300, 7)"
"(399, 7, 1, 288)","(98, 7)"
"(297, 3, 1, 380)","(295, 3)"
"(131, 1, 1, 171)","(139, 1)"
"(296, 5, 1, 21)","(299, 5)"
"(296, 4, 1, 163)","(299, 4)"
"(96, 5, 1, 292)","(98, 5)"
"(302, 7, 1, 255)","(300, 7)"
"(295, 7, 2, 16)","(298, 7)"
"(169, 5, 1, 42)","(170, 5)"
"(159, 7, 1, 170)","(332, 1)"
"(302, 2, 1, 219)","(300, 2)"
"(22, 5, 1, 112)","(390, 3)"
"(302, 3, 1, 229)","(300, 3)"
"(232, 4, 1, 38)","(205, 4)"
"(139, 5, 1, 291)","(120, 5)"
"(314, 2, 1, 311)","(313, 2)"
"(300, 1, 1, 256)","(302, 1)"
"(398, 2, 1, 291)","(29, 2)"
"(397, 2, 1, 300)","(88, 2)"
"(219, 1, 1, 328)","(217, 1)"
"(296, 3, 1, 101)","(299, 3)"
"(115, 5, 1, 235)","(159, 3)"
"(140, 4, 1, 140)","(121, 4)"
"(307, 1, 1, 305)","(309, 1)"
"(139, 4, 1, 164)","(120, 4)"
"(140, 2, 1, 86)","(121, 2)"
"(404, 1, 1, 144)","(24, 1)"
"(382, 1, 1, 335)","(383, 1)"
"(139, 3, 1, 59)","(120, 3)"
"(300, 7, 1, 257)","(302, 7)"
"(297, 2, 1, 380)","(295, 2)"
"(286, 7, 1, 136)","(48, 7)"
"(361, 7, 1, 201)","(159, 5)"
"(295, 3, 1, 90)","(298, 3)"
"(295, 4, 1, 296)","(298, 4)"
"(302, 2, 1, 229)","(300, 2)"
"(300, 6, 1, 256)","(302, 6)"
"(302, 7, 1, 185)","(300, 7)"
"(412, 2, 1, 74)","(428, 2)"
"(116, 7, 1, 156)","(160, 5)"
"(390, 1, 1, 157)","(160, 1)"
"(296, 2, 1, 101)","(299, 2)"
"(139, 5, 1, 35)","(120, 5)"
"(404, 6, 1, 144)","(24, 6)"
"(183, 1, 1, 69)","(184, 1)"
"(403, 1, 1, 326)","(402, 1)"
"(139, 3, 1, 200)","(120, 3)"
"(179, 3, 1, 290)","(398, 3)"
"(362, 1, 1, 110)","(289, 1)"
"(139, 2, 1, 59)","(120, 2)"
"(139, 1, 1, 126)","(377, 4)"
"(266, 7, 1, 139)","(58, 7)"
"(24, 4, 1, 145)","(36, 4)"
"(8, 7, 1, 233)","(388, 7)"
"(175, 1, 1, 54)","(176, 1)"
"(159, 1, 1, 23)","(112, 3)"
"(139, 5, 1, 39)","(131, 5)"
"(298, 5, 1, 154)","(295, 5)"
"(296, 7, 1, 2)","(299, 7)"
"(302, 1, 1, 253)","(300, 1)"
"(295, 2, 1, 90)","(298, 2)"
"(123, 3, 1, 49)","(103, 3)"
"(390, 6, 1, 157)","(160, 6)"
"(302, 7, 1, 197)","(300, 7)"
"(296, 1, 1, 21)","(299, 1)"
"(115, 7, 1, 269)","(254, 5)"
"(112, 7, 1, 269)","(159, 5)"
"(96, 1, 1, 292)","(98, 1)"
"(362, 6, 1, 110)","(289, 6)"
"(139, 2, 1, 200)","(120, 2)"
"(298, 7, 1, 131)","(295, 7)"
"(413, 1, 1, 76)","(420, 1)"
"(29, 3, 1, 53)","(398, 3)"
"(302, 4, 1, 264)","(300, 4)"
"(169, 1, 1, 42)","(170, 1)"
"(163, 1, 1, 132)","(202, 2)"
"(179, 2, 1, 290)","(398, 2)"
"(22, 1, 1, 112)","(390, 7)"
"(159, 7, 1, 355)","(160, 7)"
"(159, 6, 1, 23)","(112, 2)"
"(296, 5, 1, 114)","(299, 5)"
"(388, 4, 1, 171)","(159, 2)"
"(139, 1, 1, 291)","(120, 1)"
"(302, 4, 1, 199)","(300, 4)"
"(302, 3, 1, 246)","(300, 3)"
"(302, 6, 1, 253)","(300, 6)"
"(165, 2, 1, 309)","(164, 2)"
"(308, 1, 1, 77)","(215, 1)"
"(302, 5, 1, 249)","(300, 5)"
"(298, 5, 1, 263)","(295, 5)"
"(126, 1, 1, 324)","(128, 1)"
"(115, 1, 1, 235)","(159, 7)"
"(37, 3, 1, 143)","(404, 3)"
"(98, 4, 1, 95)","(399, 4)"
"(295, 5, 1, 10)","(298, 5)"
"(298, 4, 1, 275)","(295, 4)"
"(423, 3, 1, 56)","(426, 1)"
"(123, 2, 1, 49)","(103, 2)"
"(296, 6, 1, 21)","(299, 6)"
"(139, 4, 1, 23)","(131, 4)"
"(96, 6, 1, 292)","(98, 6)"
"(139, 4, 1, 48)","(120, 4)"
"(139, 4, 1, 285)","(131, 4)"
"(303, 5, 1, 102)","(301, 5)"
"(398, 3, 1, 92)","(97, 3)"
"(22, 6, 1, 112)","(390, 4)"
"(29, 2, 1, 53)","(398, 2)"
"(272, 2, 1, 129)","(307, 1)"
"(219, 1, 1, 336)","(217, 1)"
"(344, 1, 1, 118)","(408, 1)"
"(302, 2, 1, 246)","(300, 2)"
"(115, 6, 1, 235)","(159, 4)"
"(300, 3, 1, 24)","(302, 3)"
"(139, 4, 1, 320)","(120, 4)"
"(139, 1, 1, 35)","(120, 1)"
"(37, 2, 1, 143)","(404, 2)"
"(36, 5, 1, 109)","(116, 5)"
"(304, 2, 1, 65)","(26, 1)"
"(218, 2, 1, 80)","(215, 1)"
"(423, 2, 1, 56)","(426, 2)"
"(302, 3, 1, 175)","(300, 3)"
"(302, 5, 1, 250)","(300, 5)"
"(299, 5, 1, 292)","(296, 5)"
"(334, 1, 1, 303)","(333, 1)"
"(25, 7, 1, 107)","(113, 7)"
"(375, 5, 1, 127)","(117, 5)"
"(139, 1, 1, 39)","(131, 1)"
"(298, 1, 1, 154)","(295, 1)"
"(303, 7, 1, 87)","(301, 7)"
"(139, 4, 1, 33)","(120, 4)"
"(398, 2, 1, 92)","(97, 2)"
"(296, 7, 1, 107)","(299, 7)"
"(302, 5, 1, 233)","(300, 5)"
"(399, 5, 1, 288)","(98, 5)"
"(429, 2, 1, 68)","(185, 2)"
"(102, 7, 1, 299)","(97, 6)"
"(435, 3, 1, 433)","(230, 3)"
"(300, 2, 1, 24)","(302, 2)"
"(302, 5, 1, 255)","(300, 5)"
"(139, 4, 1, 81)","(131, 4)"
"(31, 1, 1, 85)","(358, 1)"
"(159, 7, 1, 1)","(115, 1)"
"(295, 5, 2, 16)","(298, 5)"
"(97, 7, 1, 67)","(179, 7)"
"(159, 5, 1, 170)","(332, 7)"
"(302, 3, 1, 217)","(300, 3)"
"(302, 2, 1, 175)","(300, 2)"
"(302, 4, 1, 262)","(300, 4)"
"(302, 7, 1, 297)","(300, 7)"
"(296, 1, 1, 114)","(299, 1)"
"(298, 6, 1, 154)","(295, 6)"
"(302, 4, 1, 234)","(300, 4)"
"(302, 1, 1, 249)","(300, 1)"
"(298, 1, 1, 263)","(295, 1)"
"(300, 3, 1, 266)","(302, 3)"
"(295, 1, 1, 10)","(298, 1)"
"(347, 1, 1, 287)","(174, 6)"
"(296, 4, 1, 115)","(299, 4)"
"(300, 5, 1, 257)","(302, 5)"
"(435, 2, 1, 433)","(230, 2)"
"(193, 1, 1, 347)","(194, 1)"
"(286, 5, 1, 136)","(48, 5)"
"(361, 5, 1, 201)","(159, 3)"
"(325, 2, 1, 369)","(324, 2)"
"(302, 3, 1, 251)","(300, 3)"
"(139, 5, 1, 4)","(120, 5)"
"(303, 1, 1, 102)","(301, 1)"
"(302, 7, 1, 254)","(300, 7)"
"(408, 1, 1, 121)","(214, 1)"
"(302, 7, 1, 189)","(300, 7)"
"(296, 6, 1, 114)","(299, 6)"
"(302, 2, 1, 217)","(300, 2)"
"(302, 4, 1, 290)","(300, 4)"
"(422, 3, 1, 322)","(423, 3)"
"(302, 5, 1, 185)","(300, 5)"
"(302, 4, 1, 223)","(300, 4)"
"(296, 7, 1, 145)","(299, 7)"
"(302, 6, 1, 249)","(300, 6)"
"(160, 3, 1, 21)","(362, 5)"
"(298, 6, 1, 263)","(295, 6)"
"(116, 5, 1, 156)","(160, 3)"
"(295, 6, 1, 10)","(298, 6)"
"(139, 5, 1, 47)","(120, 5)"
"(139, 3, 1, 381)","(141, 3)"
"(140, 5, 1, 372)","(139, 5)"
"(300, 2, 1, 266)","(302, 2)"
"(36, 1, 1, 109)","(116, 1)"
"(266, 5, 1, 139)","(58, 5)"
"(8, 5, 1, 233)","(388, 5)"
"(300, 3, 1, 152)","(302, 3)"
"(302, 3, 1, 247)","(300, 3)"
"(139, 4, 1, 270)","(120, 4)"
"(427, 2, 1, 100)","(91, 1)"
"(302, 1, 1, 250)","(300, 1)"
"(300, 3, 1, 261)","(302, 3)"
"(299, 1, 1, 292)","(296, 1)"
"(131, 3, 1, 33)","(120, 3)"
"(139, 3, 1, 63)","(120, 3)"
"(133, 4, 1, 89)","(325, 2)"
"(303, 6, 1, 102)","(301, 6)"
"(375, 1, 1, 127)","(117, 1)"
"(284, 7, 1, 230)","(159, 7)"
"(296, 5, 1, 2)","(299, 5)"
"(302, 2, 1, 251)","(300, 2)"
"(300, 4, 1, 265)","(302, 4)"
"(252, 1, 1, 331)","(251, 1)"
"(160, 7, 1, 101)","(221, 7)"
"(399, 1, 1, 288)","(98, 1)"
"(302, 1, 1, 233)","(300, 1)"
"(422, 2, 1, 322)","(423, 2)"
"(376, 4, 1, 52)","(122, 3)"
"(120, 3, 1, 69)","(139, 3)"
"(202, 1, 1, 133)","(230, 1)"
"(160, 2, 1, 21)","(362, 4)"
"(120, 5, 1, 8)","(139, 5)"
"(302, 5, 1, 197)","(300, 5)"
"(112, 5, 1, 269)","(159, 3)"
"(115, 5, 1, 269)","(254, 3)"
"(365, 1, 1, 277)","(339, 1)"
"(97, 3, 1, 295)","(95, 3)"
"(115, 7, 1, 200)","(284, 5)"
"(130, 2, 1, 343)","(129, 2)"
"(36, 6, 1, 109)","(116, 6)"
"(302, 1, 1, 255)","(300, 1)"
"(139, 2, 1, 381)","(141, 2)"
"(298, 5, 1, 131)","(295, 5)"
"(184, 1, 1, 67)","(182, 1)"
"(295, 1, 2, 16)","(298, 1)"
"(159, 1, 1, 170)","(332, 3)"
"(302, 6, 1, 250)","(300, 6)"
"(296, 3, 1, 155)","(299, 3)"
"(300, 2, 1, 152)","(302, 2)"
"(414, 2, 1, 16)","(415, 2)"
"(375, 6, 1, 127)","(256, 1)"
"(302, 2, 1, 247)","(300, 2)"
"(302, 4, 1, 259)","(300, 4)"
"(300, 2, 1, 261)","(302, 2)"
"(299, 6, 1, 292)","(296, 6)"
"(131, 2, 1, 33)","(120, 2)"
"(139, 2, 1, 63)","(120, 2)"
"(214, 1, 1, 91)","(76, 1)"
"(159, 5, 1, 355)","(160, 5)"
"(302, 4, 1, 273)","(300, 4)"
"(230, 1, 1, 432)","(435, 1)"
"(95, 4, 1, 294)","(29, 4)"
"(399, 6, 1, 288)","(98, 6)"
"(302, 6, 1, 233)","(300, 6)"
"(120, 2, 1, 69)","(139, 2)"
"(300, 1, 1, 257)","(302, 1)"
"(29, 4, 1, 73)","(398, 4)"
"(302, 3, 1, 221)","(300, 3)"
"(286, 1, 1, 136)","(48, 1)"
"(139, 5, 1, 51)","(120, 5)"
"(361, 1, 1, 201)","(159, 7)"
"(302, 6, 1, 255)","(300, 6)"
"(141, 5, 1, 281)","(297, 3)"
"(97, 2, 1, 295)","(95, 2)"
"(139, 1, 1, 4)","(120, 1)"
"(295, 6, 2, 16)","(298, 6)"
"(159, 6, 1, 170)","(332, 2)"
"(98, 3, 1, 293)","(96, 3)"
"(414, 2, 1, 17)","(412, 2)"
"(337, 5, 1, 386)","(338, 5)"
"(302, 7, 1, 203)","(300, 7)"
"(139, 4, 1, 71)","(119, 4)"
"(296, 2, 1, 155)","(299, 2)"
"(302, 1, 1, 185)","(300, 1)"
"(302, 3, 1, 193)","(300, 3)"
"(191, 4, 1, 36)","(258, 2)"
"(116, 1, 1, 156)","(160, 7)"
"(139, 1, 1, 47)","(120, 1)"
"(139, 4, 1, 170)","(131, 4)"
"(300, 6, 1, 257)","(302, 6)"
"(115, 7, 1, 148)","(159, 5)"
"(300, 3, 1, 267)","(302, 3)"
"(136, 1, 1, 344)","(138, 1)"
"(296, 7, 1, 138)","(299, 7)"
"(286, 6, 1, 136)","(48, 6)"
"(266, 1, 1, 139)","(58, 1)"
"(8, 1, 1, 233)","(388, 1)"
"(361, 6, 1, 201)","(159, 4)"
"(303, 4, 1, 77)","(301, 4)"
"(132, 4, 1, 371)","(133, 4)"
"(104, 1, 1, 47)","(204, 2)"
"(120, 3, 1, 54)","(139, 3)"
"(289, 4, 1, 111)","(22, 4)"
"(302, 2, 1, 221)","(300, 2)"
"(25, 5, 1, 107)","(113, 5)"
"(140, 1, 1, 372)","(139, 1)"
"(398, 3, 1, 98)","(100, 5)"
"(303, 5, 1, 87)","(301, 5)"
"(296, 1, 1, 2)","(299, 1)"
"(98, 2, 1, 293)","(96, 2)"
"(233, 5, 1, 348)","(232, 5)"
"(362, 7, 1, 368)","(361, 7)"
"(296, 5, 1, 107)","(299, 5)"
"(302, 6, 1, 185)","(300, 6)"
"(251, 1, 1, 97)","(307, 1)"
"(102, 5, 1, 299)","(97, 7)"
"(428, 2, 1, 18)","(414, 2)"
"(302, 2, 1, 193)","(300, 2)"
"(116, 6, 1, 156)","(160, 4)"
"(302, 1, 1, 197)","(300, 1)"
"(120, 1, 1, 8)","(139, 1)"
"(115, 1, 1, 269)","(254, 7)"
"(112, 1, 1, 269)","(159, 7)"
"(266, 6, 1, 139)","(58, 6)"
"(298, 1, 1, 131)","(295, 1)"
"(159, 5, 1, 1)","(115, 7)"
"(97, 5, 1, 67)","(179, 5)"
"(8, 6, 1, 233)","(388, 6)"
"(206, 3, 1, 157)","(233, 3)"
"(300, 2, 1, 267)","(302, 2)"
"(302, 5, 1, 297)","(300, 5)"
"(205, 5, 1, 348)","(206, 5)"
"(412, 1, 1, 57)","(428, 1)"
"(159, 1, 1, 355)","(160, 1)"
"(258, 3, 1, 38)","(118, 4)"
"(120, 2, 1, 54)","(139, 2)"
"(296, 7, 1, 163)","(299, 7)"
"(296, 6, 1, 2)","(299, 6)"
"(398, 2, 1, 98)","(100, 3)"
"(178, 5, 1, 299)","(397, 1)"
"(139, 5, 1, 132)","(120, 5)"
"(298, 4, 1, 3)","(295, 4)"
"(163, 1, 1, 285)","(19, 2)"
"(302, 6, 1, 197)","(300, 6)"
"(115, 6, 1, 269)","(254, 4)"
"(112, 6, 1, 269)","(159, 4)"
"(335, 3, 1, 151)","(131, 3)"
"(139, 1, 1, 51)","(120, 1)"
"(141, 1, 1, 281)","(297, 5)"
"(298, 6, 1, 131)","(295, 6)"
"(302, 4, 1, 191)","(300, 4)"
"(302, 5, 1, 254)","(300, 5)"
"(428, 2, 1, 146)","(417, 3)"
"(337, 1, 1, 386)","(338, 1)"
"(302, 5, 1, 189)","(300, 5)"
"(269, 1, 1, 103)","(215, 1)"
"(159, 6, 1, 355)","(160, 6)"
"(160, 3, 1, 109)","(362, 5)"
"(206, 2, 1, 157)","(233, 2)"
"(302, 3, 1, 252)","(300, 3)"
"(258, 2, 1, 38)","(118, 3)"
"(296, 5, 1, 145)","(299, 5)"
"(50, 3, 1, 232)","(8, 3)"
"(117, 5, 1, 34)","(120, 5)"
"(139, 5, 2, 60)","(120, 5)"
"(302, 3, 1, 181)","(300, 3)"
"(374, 2, 1, 104)","(215, 1)"
"(295, 7, 1, 296)","(298, 7)"
"(335, 2, 1, 151)","(131, 2)"
"(25, 1, 1, 107)","(113, 1)"
"(284, 5, 1, 230)","(159, 5)"
"(295, 3, 1, 280)","(300, 3)"
"(133, 4, 1, 370)","(132, 4)"
"(295, 4, 1, 16)","(298, 4)"
"(303, 1, 1, 87)","(301, 1)"
"(302, 4, 1, 227)","(300, 4)"
"(160, 5, 1, 101)","(221, 5)"
"(24, 7, 1, 145)","(36, 7)"
"(215, 1, 1, 78)","(137, 1)"
"(233, 1, 1, 348)","(232, 1)"
"(296, 1, 1, 107)","(299, 1)"
"(160, 2, 1, 109)","(362, 4)"
"(102, 1, 1, 299)","(97, 4)"
"(134, 1, 1, 313)","(132, 1)"
"(302, 2, 1, 252)","(300, 2)"
"(295, 3, 1, 37)","(298, 3)"
"(204, 2, 1, 73)","(306, 2)"
"(407, 1, 1, 325)","(406, 1)"
"(50, 2, 1, 232)","(8, 2)"
"(217, 2, 1, 60)","(214, 1)"
"(302, 2, 1, 181)","(300, 2)"
"(115, 5, 1, 200)","(284, 3)"
"(214, 1, 1, 346)","(215, 1)"
"(302, 4, 1, 215)","(300, 4)"
"(159, 1, 1, 1)","(115, 3)"
"(97, 1, 1, 67)","(179, 1)"
"(205, 1, 1, 348)","(206, 1)"
"(139, 3, 1, 243)","(120, 3)"
"(302, 1, 1, 297)","(300, 1)"
"(258, 3, 1, 37)","(432, 2)"
"(25, 6, 1, 107)","(113, 6)"
"(275, 1, 1, 84)","(31, 1)"
"(139, 3, 1, 72)","(120, 3)"
"(303, 6, 1, 87)","(301, 6)"
"(295, 2, 1, 280)","(300, 2)"
"(193, 3, 2, 347)","(194, 3)"
"(178, 1, 1, 299)","(397, 5)"
"(302, 7, 1, 264)","(300, 7)"
"(139, 5, 1, 158)","(120, 5)"
"(296, 6, 1, 107)","(299, 6)"
"(102, 6, 1, 299)","(97, 5)"
"(139, 3, 1, 50)","(120, 3)"
"(388, 7, 1, 171)","(159, 5)"
"(139, 1, 1, 132)","(120, 1)"
"(302, 7, 1, 199)","(300, 7)"
"(295, 2, 1, 37)","(298, 2)"
"(390, 4, 1, 159)","(160, 4)"
"(160, 3, 1, 2)","(116, 5)"
"(98, 7, 1, 95)","(399, 7)"
"(159, 6, 1, 1)","(115, 2)"
"(97, 6, 1, 67)","(179, 6)"
"(302, 1, 1, 254)","(300, 1)"
"(302, 3, 1, 258)","(300, 3)"
"(301, 4, 1, 293)","(303, 4)"
"(139, 3, 1, 34)","(131, 3)"
"(121, 3, 1, 168)","(140, 3)"
"(302, 1, 1, 189)","(300, 1)"
"(302, 5, 1, 203)","(300, 5)"
"(298, 7, 1, 275)","(295, 7)"
"(139, 2, 1, 243)","(120, 2)"
"(302, 6, 1, 297)","(300, 6)"
"(126, 1, 1, 331)","(128, 1)"
"(258, 2, 1, 37)","(432, 4)"
"(139, 3, 1, 133)","(120, 3)"
"(139, 2, 1, 72)","(120, 2)"
"(139, 5, 1, 287)","(174, 1)"
"(296, 1, 1, 145)","(299, 1)"
"(193, 2, 2, 347)","(194, 2)"
"(117, 1, 1, 34)","(120, 1)"
"(139, 1, 2, 60)","(120, 1)"
"(139, 4, 1, 1)","(131, 4)"
"(115, 5, 1, 148)","(159, 3)"
"(139, 2, 1, 50)","(120, 2)"
"(296, 5, 1, 138)","(299, 5)"
"(178, 3, 1, 297)","(397, 3)"
"(26, 2, 1, 66)","(327, 1)"
"(205, 4, 1, 44)","(175, 4)"
"(284, 1, 1, 230)","(159, 1)"
"(302, 6, 1, 254)","(300, 6)"
"(160, 2, 1, 2)","(116, 4)"
"(420, 2, 1, 385)","(419, 2)"
"(302, 6, 1, 189)","(300, 6)"
"(302, 2, 1, 258)","(300, 2)"
"(139, 4, 1, 279)","(120, 4)"
"(139, 2, 1, 34)","(131, 2)"
"(160, 1, 1, 101)","(221, 1)"
"(121, 2, 1, 168)","(140, 2)"
"(362, 5, 1, 368)","(361, 5)"
"(122, 1, 1, 53)","(191, 1)"
"(139, 2, 1, 133)","(120, 2)"
"(296, 6, 1, 145)","(299, 6)"
"(302, 4, 1, 207)","(300, 4)"
"(59, 3, 1, 141)","(255, 1)"
"(115, 1, 1, 200)","(284, 7)"
"(174, 4, 1, 283)","(159, 4)"
"(118, 4, 1, 41)","(131, 4)"
"(129, 2, 1, 55)","(422, 1)"
"(178, 2, 1, 297)","(397, 2)"
"(296, 5, 1, 163)","(299, 5)"
"(284, 6, 1, 230)","(159, 6)"
"(303, 3, 1, 75)","(301, 3)"
"(415, 2, 1, 384)","(416, 2)"
"(296, 3, 1, 105)","(299, 3)"
"(160, 6, 1, 101)","(221, 6)"
"(302, 7, 1, 262)","(300, 7)"
"(300, 3, 1, 96)","(302, 3)"
"(139, 1, 1, 158)","(120, 1)"
"(232, 5, 1, 38)","(205, 5)"
"(302, 7, 1, 234)","(300, 7)"
"(115, 6, 1, 200)","(284, 4)"
"(139, 3, 1, 58)","(120, 3)"
"(140, 5, 1, 140)","(121, 5)"
"(152, 1, 1, 310)","(151, 1)"
"(59, 2, 1, 141)","(255, 6)"
"(139, 5, 1, 164)","(120, 5)"
"(302, 4, 1, 231)","(300, 4)"
"(296, 7, 1, 115)","(299, 7)"
"(302, 1, 1, 203)","(300, 1)"
"(302, 4, 1, 179)","(300, 4)"
"(323, 3, 1, 241)","(159, 1)"
"(303, 2, 1, 75)","(301, 2)"
"(161, 4, 1, 106)","(25, 4)"
"(160, 4, 1, 142)","(37, 6)"
"(139, 1, 1, 287)","(174, 3)"
"(296, 2, 1, 105)","(299, 2)"
"(115, 4, 2, 22)","(159, 2)"
"(295, 5, 1, 296)","(298, 5)"
"(300, 2, 1, 96)","(302, 2)"
"(302, 4, 1, 209)","(300, 4)"
"(302, 7, 1, 290)","(300, 7)"
"(344, 1, 1, 120)","(214, 1)"
"(136, 1, 1, 38)","(118, 1)"
"(115, 1, 1, 148)","(159, 7)"
"(296, 1, 1, 138)","(299, 1)"
"(336, 4, 1, 388)","(335, 4)"
"(302, 7, 1, 223)","(300, 7)"
"(139, 4, 1, 14)","(120, 4)"
"(140, 4, 1, 110)","(121, 4)"
"(332, 3, 1, 230)","(67, 3)"
"(58, 4, 1, 140)","(59, 4)"
"(139, 2, 1, 58)","(120, 2)"
"(302, 4, 1, 213)","(300, 4)"
"(302, 6, 1, 203)","(300, 6)"
"(24, 5, 1, 145)","(36, 5)"
"(134, 4, 1, 330)","(132, 4)"
"(115, 3, 1, 22)","(112, 3)"
"(362, 1, 1, 368)","(361, 1)"
"(323, 2, 1, 241)","(159, 6)"
"(223, 1, 1, 365)","(222, 1)"
"(300, 7, 1, 265)","(302, 7)"
"(302, 4, 1, 187)","(300, 4)"
"(115, 6, 1, 148)","(159, 4)"
"(296, 6, 1, 138)","(299, 6)"
"(332, 2, 1, 230)","(67, 2)"
"(296, 1, 1, 163)","(299, 1)"
"(296, 3, 1, 288)","(299, 3)"
"(302, 5, 1, 264)","(300, 5)"
"(362, 6, 1, 368)","(361, 6)"
"(120, 3, 1, 372)","(121, 3)"
"(299, 3, 1, 169)","(296, 3)"
"(119, 4, 1, 72)","(337, 4)"
"(302, 7, 1, 259)","(300, 7)"
"(115, 2, 1, 22)","(112, 2)"
"(388, 5, 1, 171)","(159, 3)"
"(232, 1, 1, 38)","(205, 1)"
"(302, 5, 1, 199)","(300, 5)"
"(302, 4, 1, 173)","(300, 4)"
"(139, 4, 1, 60)","(120, 4)"
"(139, 3, 1, 280)","(120, 3)"
"(302, 7, 1, 273)","(300, 7)"
"(419, 2, 1, 59)","(412, 2)"
"(95, 7, 1, 294)","(29, 7)"
"(140, 1, 1, 140)","(121, 1)"
"(98, 5, 1, 95)","(399, 5)"
"(139, 1, 1, 164)","(120, 1)"
"(146, 1, 1, 58)","(162, 1)"
"(300, 3, 1, 20)","(302, 3)"
"(121, 4, 1, 159)","(140, 4)"
"(298, 5, 1, 275)","(295, 5)"
"(139, 5, 1, 23)","(131, 5)"
"(29, 7, 1, 73)","(398, 7)"
"(296, 6, 1, 163)","(299, 6)"
"(139, 5, 1, 48)","(120, 5)"
"(324, 2, 1, 370)","(325, 2)"
"(139, 5, 1, 285)","(131, 5)"
"(296, 2, 1, 288)","(299, 2)"
"(139, 3, 1, 70)","(120, 3)"
"(139, 4, 1, 322)","(120, 4)"
"(295, 1, 1, 296)","(298, 1)"
"(299, 2, 1, 169)","(296, 2)"
"(120, 2, 1, 372)","(121, 2)"
"(295, 3, 1, 295)","(298, 3)"
"(217, 1, 1, 39)","(229, 1)"
"(67, 3, 1, 231)","(50, 3)"
"(273, 1, 1, 117)","(214, 1)"
"(139, 2, 1, 280)","(120, 2)"
"(160, 3, 1, 108)","(116, 5)"
"(139, 5, 1, 320)","(120, 5)"
"(300, 2, 1, 20)","(302, 2)"
"(105, 1, 1, 48)","(123, 1)"
"(24, 1, 1, 145)","(36, 1)"
"(261, 3, 1, 135)","(286, 3)"
"(303, 7, 1, 77)","(301, 7)"
"(139, 4, 1, 429)","(120, 4)"
"(289, 7, 1, 111)","(22, 7)"
"(160, 4, 1, 134)","(261, 6)"
"(295, 3, 1, 166)","(298, 3)"
"(302, 4, 1, 211)","(300, 4)"
"(230, 3, 1, 130)","(231, 6)"
"(139, 5, 1, 33)","(120, 5)"
"(295, 6, 1, 296)","(298, 6)"
"(139, 2, 1, 70)","(120, 2)"
"(295, 2, 1, 295)","(298, 2)"
"(296, 3, 1, 142)","(299, 3)"
"(67, 2, 1, 231)","(50, 2)"
"(401, 1, 1, 68)","(330, 1)"
"(398, 3, 1, 150)","(102, 4)"
"(160, 2, 1, 108)","(116, 4)"
"(139, 5, 1, 81)","(131, 5)"
"(302, 3, 1, 177)","(300, 3)"
"(24, 6, 1, 145)","(36, 6)"
"(302, 1, 1, 264)","(300, 1)"
"(302, 5, 1, 262)","(300, 5)"
"(103, 1, 1, 51)","(376, 1)"
"(171, 3, 1, 74)","(172, 3)"
"(261, 2, 1, 135)","(286, 2)"
"(388, 1, 1, 171)","(159, 7)"
"(160, 3, 1, 138)","(266, 5)"
"(217, 1, 1, 147)","(209, 1)"
"(302, 1, 1, 199)","(300, 1)"
"(295, 2, 1, 166)","(298, 2)"
"(302, 4, 1, 219)","(300, 4)"
"(302, 5, 1, 234)","(300, 5)"
"(324, 1, 1, 329)","(326, 1)"
"(327, 1, 1, 64)","(328, 1)"
"(230, 2, 1, 130)","(231, 2)"
"(311, 1, 1, 281)","(297, 1)"
"(280, 1, 1, 314)","(278, 1)"
"(398, 4, 1, 291)","(29, 4)"
"(98, 1, 1, 95)","(399, 1)"
"(397, 4, 1, 300)","(88, 4)"
"(278, 2, 1, 369)","(279, 2)"
"(296, 5, 1, 115)","(299, 5)"
"(298, 1, 1, 275)","(295, 1)"
"(298, 7, 1, 3)","(295, 7)"
"(296, 2, 1, 142)","(299, 2)"
"(139, 1, 1, 23)","(131, 1)"
"(140, 4, 1, 86)","(121, 4)"
"(136, 1, 1, 62)","(304, 2)"
"(139, 1, 1, 48)","(120, 1)"
"(357, 1, 1, 328)","(359, 1)"
"(139, 1, 1, 285)","(131, 1)"
"(398, 2, 1, 150)","(102, 2)"
"(302, 6, 1, 264)","(300, 6)"
"(302, 7, 1, 191)","(300, 7)"
"(297, 4, 1, 380)","(295, 4)"
"(302, 2, 1, 177)","(300, 2)"
"(388, 6, 1, 171)","(159, 4)"
"(302, 5, 1, 290)","(300, 5)"
"(302, 3, 1, 205)","(300, 3)"
"(171, 2, 1, 74)","(172, 2)"
"(302, 6, 1, 199)","(300, 6)"
"(330, 1, 1, 75)","(401, 1)"
"(160, 2, 1, 138)","(266, 4)"
"(302, 5, 1, 223)","(300, 5)"
"(88, 3, 1, 298)","(178, 3)"
"(302, 4, 1, 229)","(300, 4)"
"(379, 1, 1, 276)","(365, 1)"
"(160, 3, 1, 163)","(390, 3)"
"(163, 1, 1, 432)","(126, 1)"
"(98, 6, 1, 95)","(399, 6)"
"(139, 1, 1, 320)","(120, 1)"
"(302, 3, 1, 225)","(300, 3)"
"(310, 1, 1, 382)","(311, 1)"
"(298, 6, 1, 275)","(295, 6)"
"(296, 4, 1, 101)","(299, 4)"
"(139, 5, 1, 270)","(120, 5)"
"(139, 4, 1, 59)","(120, 4)"
"(300, 5, 1, 265)","(302, 5)"
"(295, 7, 1, 16)","(298, 7)"
"(139, 1, 1, 33)","(120, 1)"
"(302, 7, 1, 227)","(300, 7)"
"(302, 2, 1, 205)","(300, 2)"
"(217, 2, 1, 63)","(214, 1)"
"(408, 1, 1, 330)","(409, 1)"
"(328, 1, 1, 61)","(419, 2)"
"(295, 4, 1, 90)","(298, 4)"
"(88, 2, 1, 298)","(178, 2)"
"(160, 2, 1, 163)","(390, 2)"
"(229, 3, 1, 35)","(205, 3)"
"(300, 3, 1, 28)","(302, 3)"
"(302, 2, 1, 225)","(300, 2)"
"(139, 1, 1, 81)","(131, 1)"
"(313, 2, 1, 282)","(312, 2)"
"(302, 7, 1, 215)","(300, 7)"
"(302, 1, 1, 262)","(300, 1)"
"(302, 5, 1, 259)","(300, 5)"
"(301, 3, 1, 104)","(303, 3)"
"(139, 4, 1, 200)","(120, 4)"
"(179, 4, 1, 290)","(398, 4)"
"(425, 2, 1, 358)","(424, 2)"
"(302, 1, 1, 234)","(300, 1)"
"(302, 5, 1, 273)","(300, 5)"
"(424, 1, 1, 55)","(422, 3)"
"(95, 5, 1, 294)","(29, 5)"
"(296, 3, 1, 134)","(299, 3)"
"(296, 1, 1, 115)","(299, 1)"
"(29, 5, 1, 73)","(398, 5)"
"(229, 2, 1, 35)","(205, 2)"
"(120, 3, 1, 5)","(139, 3)"
"(377, 3, 1, 150)","(375, 4)"
"(390, 7, 1, 159)","(160, 7)"
"(300, 2, 1, 28)","(302, 2)"
"(302, 6, 1, 262)","(300, 6)"
"(301, 7, 1, 293)","(303, 7)"
"(139, 5, 1, 71)","(119, 5)"
"(302, 1, 1, 290)","(300, 1)"
"(301, 2, 1, 104)","(303, 2)"
"(302, 6, 1, 234)","(300, 6)"
"(29, 4, 1, 53)","(398, 4)"
"(302, 1, 1, 223)","(300, 1)"
"(91, 1, 1, 99)","(305, 2)"
"(217, 1, 1, 362)","(218, 1)"
"(223, 1, 1, 288)","(308, 1)"
"(302, 4, 1, 246)","(300, 4)"
"(139, 5, 1, 170)","(131, 5)"
"(296, 6, 1, 115)","(299, 6)"
"(296, 2, 1, 134)","(299, 2)"
"(139, 3, 1, 283)","(120, 3)"
"(139, 3, 1, 57)","(120, 3)"
"(303, 5, 1, 77)","(301, 5)"
"(289, 5, 1, 111)","(22, 5)"
"(37, 4, 1, 143)","(404, 4)"
"(139, 1, 1, 270)","(120, 1)"
"(133, 1, 1, 89)","(425, 1)"
"(423, 4, 1, 56)","(130, 1)"
"(120, 2, 1, 5)","(139, 2)"
"(377, 2, 1, 150)","(375, 5)"
"(300, 1, 1, 265)","(302, 1)"
"(339, 1, 1, 276)","(190, 1)"
"(120, 3, 1, 43)","(169, 3)"
"(221, 3, 1, 119)","(161, 5)"
"(406, 2, 1, 300)","(101, 2)"
"(302, 6, 1, 290)","(300, 6)"
"(302, 3, 1, 183)","(300, 3)"
"(397, 3, 1, 118)","(178, 3)"
"(302, 6, 1, 223)","(300, 6)"
"(376, 1, 1, 52)","(122, 4)"
"(398, 4, 1, 92)","(97, 4)"
"(139, 3, 1, 242)","(120, 3)"
"(302, 7, 1, 207)","(300, 7)"
"(137, 1, 1, 346)","(136, 1)"
"(302, 3, 1, 260)","(300, 3)"
"(113, 3, 1, 108)","(116, 3)"
"(174, 7, 1, 283)","(159, 7)"
"(306, 1, 1, 50)","(105, 2)"
"(300, 4, 1, 24)","(302, 4)"
"(159, 3, 1, 158)","(115, 5)"
"(302, 1, 1, 259)","(300, 1)"
"(139, 2, 1, 57)","(120, 2)"
"(139, 2, 1, 283)","(120, 2)"
"(300, 6, 1, 265)","(302, 6)"
"(302, 4, 1, 175)","(300, 4)"
"(120, 2, 1, 43)","(169, 2)"
"(221, 2, 1, 119)","(161, 4)"
"(48, 3, 1, 137)","(160, 1)"
"(302, 1, 1, 273)","(300, 1)"
"(302, 2, 1, 183)","(300, 2)"
"(95, 1, 1, 294)","(29, 1)"
"(397, 2, 1, 118)","(178, 2)"
"(298, 5, 1, 3)","(295, 5)"
"(29, 1, 1, 73)","(398, 1)"
"(139, 2, 1, 242)","(120, 2)"
"(302, 3, 1, 195)","(300, 3)"
"(302, 2, 1, 260)","(300, 2)"
"(100, 3, 1, 289)","(95, 2)"
"(113, 2, 1, 108)","(116, 2)"
"(280, 1, 1, 329)","(278, 1)"
"(302, 5, 1, 191)","(300, 5)"
"(231, 3, 1, 131)","(230, 2)"
"(302, 7, 1, 231)","(300, 7)"
"(302, 6, 1, 259)","(300, 6)"
"(302, 7, 1, 179)","(300, 7)"
"(139, 1, 1, 71)","(119, 1)"
"(159, 2, 1, 158)","(115, 4)"
"(255, 3, 1, 274)","(116, 5)"
"(161, 7, 1, 106)","(25, 7)"
"(160, 7, 1, 142)","(37, 1)"
"(302, 4, 1, 217)","(300, 4)"
"(191, 1, 1, 36)","(258, 1)"
"(302, 6, 1, 273)","(300, 6)"
"(95, 6, 1, 294)","(29, 6)"
"(115, 7, 2, 22)","(159, 5)"
"(48, 2, 1, 137)","(160, 6)"
"(302, 7, 1, 209)","(300, 7)"
"(139, 1, 1, 170)","(131, 1)"
"(284, 3, 1, 236)","(159, 3)"
"(29, 6, 1, 73)","(398, 6)"
"(132, 1, 1, 371)","(133, 1)"
"(303, 1, 1, 77)","(301, 1)"
"(289, 1, 1, 111)","(22, 1)"
"(58, 7, 1, 140)","(59, 7)"
"(300, 4, 1, 266)","(302, 4)"
"(302, 2, 1, 195)","(300, 2)"
"(100, 2, 1, 289)","(95, 4)"
"(295, 5, 1, 16)","(298, 5)"
"(231, 2, 1, 131)","(230, 2)"
"(302, 7, 1, 213)","(300, 7)"
"(302, 5, 1, 227)","(300, 5)"
"(302, 4, 1, 251)","(300, 4)"
"(160, 3, 1, 115)","(22, 5)"
"(255, 2, 1, 274)","(116, 4)"
"(164, 2, 1, 130)","(231, 4)"
"(120, 3, 1, 19)","(139, 3)"
"(422, 4, 1, 322)","(423, 4)"
"(214, 1, 1, 309)","(216, 1)"
"(302, 7, 1, 187)","(300, 7)"
"(388, 3, 1, 234)","(323, 3)"
"(160, 4, 1, 21)","(362, 6)"
"(390, 3, 1, 153)","(113, 5)"
"(302, 5, 1, 215)","(300, 5)"
"(284, 2, 1, 236)","(159, 2)"
"(303, 6, 1, 77)","(301, 6)"
"(289, 6, 1, 111)","(22, 6)"
"(217, 2, 1, 40)","(214, 1)"
"(139, 4, 1, 381)","(141, 4)"
"(300, 4, 1, 152)","(302, 4)"
"(302, 4, 1, 247)","(300, 4)"
"(300, 4, 1, 261)","(302, 4)"
"(131, 4, 1, 33)","(120, 4)"
"(139, 4, 1, 63)","(120, 4)"
"(432, 3, 1, 39)","(229, 4)"
"(160, 2, 1, 115)","(22, 4)"
"(302, 7, 1, 173)","(300, 7)"
"(298, 1, 1, 3)","(295, 1)"
"(120, 3, 1, 42)","(139, 3)"
"(120, 2, 1, 19)","(139, 2)"
"(120, 4, 1, 69)","(139, 4)"
"(390, 5, 1, 159)","(160, 5)"
"(217, 2, 1, 50)","(214, 1)"
"(302, 1, 1, 191)","(300, 1)"
"(388, 2, 1, 234)","(323, 2)"
"(139, 3, 1, 284)","(120, 3)"
"(301, 5, 1, 293)","(303, 5)"
"(390, 2, 1, 153)","(113, 4)"
"(357, 1, 1, 359)","(358, 1)"
"(97, 4, 1, 295)","(95, 4)"
"(131, 3, 1, 171)","(139, 3)"
"(400, 1, 1, 45)","(329, 1)"
"(296, 4, 1, 155)","(299, 4)"
"(222, 1, 1, 133)","(230, 3)"
"(139, 5, 1, 1)","(131, 5)"
"(298, 6, 1, 3)","(295, 6)"
"(432, 2, 1, 39)","(229, 3)"
"(120, 2, 1, 42)","(139, 2)"
"(300, 3, 1, 256)","(302, 3)"
"(205, 5, 1, 44)","(175, 5)"
"(412, 1, 1, 46)","(183, 1)"
"(302, 6, 1, 191)","(300, 6)"
"(312, 2, 1, 279)","(310, 2)"
"(295, 1, 1, 16)","(298, 1)"
"(302, 4, 1, 221)","(300, 4)"
"(139, 2, 1, 284)","(120, 2)"
"(133, 1, 1, 370)","(132, 1)"
"(302, 1, 1, 227)","(300, 1)"
"(139, 5, 1, 279)","(120, 5)"
"(101, 1, 1, 301)","(382, 1)"
"(404, 3, 1, 144)","(24, 3)"
"(160, 7, 1, 134)","(261, 1)"
"(302, 7, 1, 211)","(300, 7)"
"(131, 2, 1, 171)","(139, 2)"
"(98, 4, 1, 293)","(96, 4)"
"(302, 5, 1, 207)","(300, 5)"
"(302, 4, 1, 193)","(300, 4)"
"(302, 1, 1, 215)","(300, 1)"
"(174, 5, 1, 283)","(159, 5)"
"(118, 5, 1, 41)","(131, 5)"
"(300, 2, 1, 256)","(302, 2)"
"(300, 4, 1, 267)","(302, 4)"
"(295, 6, 1, 16)","(298, 6)"
"(288, 1, 1, 324)","(287, 1)"
"(420, 1, 1, 384)","(419, 1)"
"(302, 6, 1, 227)","(300, 6)"
"(219, 2, 1, 328)","(217, 2)"
"(390, 3, 1, 157)","(160, 3)"
"(120, 4, 1, 54)","(139, 4)"
"(362, 3, 1, 110)","(289, 3)"
"(382, 2, 1, 335)","(383, 2)"
"(398, 4, 1, 98)","(100, 2)"
"(404, 2, 1, 144)","(24, 2)"
"(139, 3, 1, 126)","(377, 6)"
"(302, 7, 1, 219)","(300, 7)"
"(175, 3, 1, 54)","(176, 3)"
"(159, 3, 1, 23)","(112, 5)"
"(390, 1, 1, 159)","(160, 1)"
"(302, 3, 1, 253)","(300, 3)"
"(302, 6, 1, 215)","(300, 6)"
"(398, 7, 1, 291)","(29, 7)"
"(302, 5, 1, 231)","(300, 5)"
"(301, 1, 1, 293)","(303, 1)"
"(155, 1, 1, 70)","(146, 1)"
"(302, 5, 1, 179)","(300, 5)"
"(161, 5, 1, 106)","(25, 5)"
"(160, 5, 1, 142)","(37, 7)"
"(296, 3, 1, 21)","(299, 3)"
"(206, 4, 1, 157)","(233, 4)"
"(297, 7, 1, 380)","(295, 7)"
"(96, 3, 1, 292)","(98, 3)"
"(390, 2, 1, 157)","(160, 2)"
"(115, 5, 2, 22)","(159, 3)"
"(258, 4, 1, 38)","(118, 5)"
"(183, 2, 1, 69)","(184, 2)"
"(302, 5, 1, 209)","(300, 5)"
"(139, 1, 1, 1)","(131, 1)"
"(379, 1, 1, 128)","(272, 2)"
"(362, 2, 1, 110)","(289, 2)"
"(169, 3, 1, 42)","(170, 3)"
"(139, 2, 1, 126)","(377, 5)"
"(336, 5, 1, 388)","(335, 5)"
"(22, 3, 1, 112)","(390, 1)"
"(139, 5, 1, 14)","(120, 5)"
"(140, 5, 1, 110)","(121, 5)"
"(146, 1, 1, 45)","(171, 1)"
"(302, 7, 1, 229)","(300, 7)"
"(175, 2, 1, 54)","(176, 2)"
"(58, 5, 1, 140)","(59, 5)"
"(390, 6, 1, 159)","(160, 6)"
"(159, 2, 1, 23)","(112, 4)"
"(205, 1, 1, 44)","(175, 1)"
"(139, 3, 1, 291)","(120, 3)"
"(301, 6, 1, 293)","(303, 6)"
"(302, 2, 1, 253)","(300, 2)"
"(310, 1, 1, 278)","(313, 1)"
"(302, 5, 1, 213)","(300, 5)"
"(335, 4, 1, 151)","(131, 4)"
"(115, 3, 1, 235)","(159, 1)"
"(139, 1, 1, 279)","(120, 1)"
"(296, 7, 1, 101)","(299, 7)"
"(160, 4, 1, 109)","(362, 6)"
"(296, 2, 1, 21)","(299, 2)"
"(302, 1, 1, 207)","(300, 1)"
"(96, 2, 1, 292)","(98, 2)"
"(302, 4, 1, 252)","(300, 4)"
"(302, 5, 1, 187)","(300, 5)"
"(413, 2, 1, 76)","(420, 2)"
"(50, 4, 1, 232)","(8, 4)"
"(169, 2, 1, 42)","(170, 2)"
"(302, 4, 1, 181)","(300, 4)"
"(174, 1, 1, 283)","(159, 1)"
"(295, 7, 1, 90)","(298, 7)"
"(22, 2, 1, 112)","(390, 6)"
"(118, 1, 1, 41)","(131, 1)"
"(139, 2, 1, 291)","(120, 2)"
"(139, 3, 1, 35)","(120, 3)"
"(115, 2, 1, 235)","(159, 6)"
"(119, 5, 1, 72)","(337, 5)"
"(295, 4, 1, 280)","(300, 4)"
"(179, 7, 1, 290)","(398, 7)"
"(302, 5, 1, 173)","(300, 5)"
"(302, 6, 1, 207)","(300, 6)"
"(293, 1, 1, 146)","(417, 1)"
"(305, 1, 1, 98)","(100, 1)"
"(139, 5, 1, 60)","(120, 5)"
"(139, 3, 1, 39)","(131, 3)"
"(298, 3, 1, 154)","(295, 3)"
"(295, 4, 1, 37)","(298, 4)"
"(174, 6, 1, 283)","(159, 6)"
"(121, 5, 1, 159)","(140, 5)"
"(302, 1, 1, 231)","(300, 1)"
"(219, 2, 1, 336)","(217, 2)"
"(215, 1, 1, 359)","(214, 1)"
"(302, 1, 1, 179)","(300, 1)"
"(161, 1, 1, 106)","(25, 1)"
"(160, 1, 1, 142)","(37, 3)"
"(139, 4, 1, 243)","(120, 4)"
"(258, 4, 1, 37)","(432, 3)"
"(139, 5, 1, 322)","(120, 5)"
"(115, 1, 2, 22)","(159, 7)"
"(139, 2, 1, 35)","(120, 2)"
"(139, 4, 1, 72)","(120, 4)"
"(302, 1, 1, 209)","(300, 1)"
"(193, 4, 2, 347)","(194, 4)"
"(29, 7, 1, 53)","(398, 7)"
"(336, 1, 1, 388)","(335, 1)"
"(139, 1, 1, 14)","(120, 1)"
"(140, 1, 1, 110)","(121, 1)"
"(296, 3, 1, 114)","(299, 3)"
"(139, 4, 1, 50)","(120, 4)"
"(58, 1, 1, 140)","(59, 1)"
"(139, 2, 1, 39)","(131, 2)"
"(325, 1, 1, 83)","(215, 1)"
"(298, 2, 1, 154)","(295, 2)"
"(302, 6, 1, 231)","(300, 6)"
"(302, 7, 1, 246)","(300, 7)"
"(302, 3, 1, 249)","(300, 3)"
"(298, 3, 1, 263)","(295, 3)"
"(302, 1, 1, 213)","(300, 1)"
"(302, 6, 1, 179)","(300, 6)"
"(274, 1, 1, 316)","(273, 1)"
"(295, 3, 1, 10)","(298, 3)"
"(134, 1, 1, 330)","(132, 1)"
"(160, 4, 1, 2)","(116, 6)"
"(37, 7, 1, 143)","(404, 7)"
"(139, 5, 1, 429)","(120, 5)"
"(302, 4, 1, 258)","(300, 4)"
"(161, 6, 1, 106)","(25, 6)"
"(160, 5, 1, 134)","(261, 7)"
"(160, 6, 1, 142)","(37, 2)"
"(139, 4, 1, 34)","(131, 4)"
"(121, 4, 1, 168)","(140, 4)"
"(302, 5, 1, 211)","(300, 5)"
"(264, 1, 1, 327)","(263, 1)"
"(193, 3, 1, 347)","(194, 3)"
"(115, 6, 2, 22)","(159, 4)"
"(302, 6, 1, 209)","(300, 6)"
"(139, 4, 1, 133)","(120, 4)"
"(302, 1, 1, 187)","(300, 1)"
"(303, 3, 1, 102)","(301, 3)"
"(294, 1, 1, 149)","(293, 1)"
"(279, 1, 1, 102)","(374, 2)"
"(398, 7, 1, 92)","(97, 7)"
"(428, 1, 1, 63)","(162, 2)"
"(58, 6, 1, 140)","(59, 6)"
"(296, 2, 1, 114)","(299, 2)"
"(302, 6, 1, 213)","(300, 6)"
"(302, 2, 1, 249)","(300, 2)"
"(298, 2, 1, 263)","(295, 2)"
"(178, 4, 1, 297)","(397, 4)"
"(417, 1, 1, 385)","(418, 1)"
"(300, 7, 1, 24)","(302, 7)"
"(119, 1, 1, 72)","(337, 1)"
"(295, 2, 1, 10)","(298, 2)"
"(36, 3, 1, 109)","(116, 3)"
"(347, 2, 1, 287)","(174, 7)"
"(302, 1, 1, 173)","(300, 1)"
"(302, 5, 1, 219)","(300, 5)"
"(252, 3, 1, 331)","(251, 3)"
"(302, 3, 1, 250)","(300, 3)"
"(139, 1, 1, 60)","(120, 1)"
"(302, 7, 1, 175)","(300, 7)"
"(299, 3, 1, 292)","(296, 3)"
"(193, 2, 1, 347)","(194, 2)"
"(375, 3, 1, 127)","(117, 3)"
"(302, 6, 1, 187)","(300, 6)"
"(398, 5, 1, 291)","(29, 5)"
"(303, 2, 1, 102)","(301, 2)"
"(397, 5, 1, 300)","(88, 5)"
"(121, 1, 1, 159)","(140, 1)"
"(399, 3, 1, 288)","(98, 3)"
"(302, 3, 1, 233)","(300, 3)"
"(59, 4, 1, 141)","(255, 2)"
"(140, 5, 1, 86)","(121, 5)"
"(297, 5, 1, 380)","(295, 5)"
"(139, 1, 1, 322)","(120, 1)"
"(302, 3, 1, 255)","(300, 3)"
"(303, 4, 1, 75)","(301, 4)"
"(302, 6, 1, 173)","(300, 6)"
"(295, 3, 2, 16)","(298, 3)"
"(296, 4, 1, 105)","(299, 4)"
"(36, 2, 1, 109)","(116, 2)"
"(159, 3, 1, 170)","(332, 5)"
"(230, 1, 2, 130)","(163, 1)"
"(300, 4, 1, 96)","(302, 4)"
"(302, 5, 1, 229)","(300, 5)"
"(302, 7, 1, 217)","(300, 7)"
"(302, 2, 1, 250)","(300, 2)"
"(299, 2, 1, 292)","(296, 2)"
"(252, 2, 1, 331)","(251, 2)"
"(375, 2, 1, 127)","(117, 2)"
"(19, 1, 1, 286)","(347, 1)"
"(230, 3, 1, 432)","(435, 3)"
"(296, 5, 1, 101)","(299, 5)"
"(139, 4, 1, 58)","(120, 4)"
"(399, 2, 1, 288)","(98, 2)"
"(302, 2, 1, 233)","(300, 2)"
"(139, 1, 1, 429)","(120, 1)"
"(300, 3, 1, 257)","(302, 3)"
"(300, 7, 1, 266)","(302, 7)"
"(139, 5, 1, 59)","(120, 5)"
"(202, 2, 1, 133)","(230, 2)"
"(217, 1, 1, 81)","(135, 1)"
"(160, 1, 1, 134)","(261, 3)"
"(286, 3, 1, 136)","(48, 3)"
"(361, 3, 1, 201)","(159, 1)"
"(302, 1, 1, 211)","(300, 1)"
"(323, 4, 1, 241)","(159, 2)"
"(139, 3, 1, 4)","(120, 3)"
"(302, 2, 1, 255)","(300, 2)"
"(302, 7, 1, 251)","(300, 7)"
"(184, 2, 1, 67)","(182, 2)"
"(295, 2, 2, 16)","(298, 2)"
"(159, 2, 1, 170)","(332, 4)"
"(295, 5, 1, 90)","(298, 5)"
"(302, 3, 1, 185)","(300, 3)"
"(116, 3, 1, 156)","(160, 1)"
"(160, 7, 1, 21)","(362, 1)"
"(332, 4, 1, 230)","(67, 4)"
"(230, 2, 1, 432)","(435, 2)"
"(139, 3, 1, 47)","(120, 3)"
"(140, 3, 1, 372)","(139, 3)"
"(160, 6, 1, 134)","(261, 2)"
"(139, 5, 1, 200)","(120, 5)"
"(302, 6, 1, 211)","(300, 6)"
"(266, 3, 1, 139)","(58, 3)"
"(8, 3, 1, 233)","(388, 3)"
"(300, 2, 1, 257)","(302, 2)"
"(179, 5, 1, 290)","(398, 5)"
"(144, 1, 1, 390)","(145, 1)"
"(302, 1, 1, 219)","(300, 1)"
"(286, 2, 1, 136)","(48, 2)"
"(115, 4, 1, 22)","(112, 4)"
"(300, 7, 1, 152)","(302, 7)"
"(361, 2, 1, 201)","(159, 6)"
"(302, 7, 1, 247)","(300, 7)"
"(300, 7, 1, 261)","(302, 7)"
"(314, 1, 1, 311)","(313, 1)"
"(296, 3, 1, 2)","(299, 3)"
"(139, 2, 1, 4)","(120, 2)"
"(398, 1, 1, 291)","(29, 1)"
"(397, 1, 1, 300)","(88, 1)"
"(251, 3, 1, 97)","(427, 2)"
"(224, 1, 1, 342)","(222, 1)"
"(302, 2, 1, 185)","(300, 2)"
"(140, 1, 1, 86)","(121, 1)"
"(302, 3, 1, 197)","(300, 3)"
"(120, 3, 1, 8)","(139, 3)"
"(115, 3, 1, 269)","(254, 1)"
"(116, 2, 1, 156)","(160, 6)"
"(112, 3, 1, 269)","(159, 1)"
"(297, 1, 1, 380)","(295, 1)"
"(400, 1, 1, 43)","(329, 1)"
"(139, 2, 1, 47)","(120, 2)"
"(97, 7, 1, 295)","(95, 7)"
"(298, 3, 1, 131)","(295, 3)"
"(140, 2, 1, 372)","(139, 2)"
"(296, 4, 1, 288)","(299, 4)"
"(302, 6, 1, 219)","(300, 6)"
"(266, 2, 1, 139)","(58, 2)"
"(400, 1, 1, 44)","(329, 1)"
"(29, 5, 1, 53)","(398, 5)"
"(299, 4, 1, 169)","(296, 4)"
"(8, 2, 1, 233)","(388, 2)"
"(302, 1, 1, 229)","(300, 1)"
"(159, 3, 1, 355)","(160, 3)"
"(296, 7, 1, 155)","(299, 7)"
"(120, 4, 1, 372)","(121, 4)"
"(398, 6, 1, 291)","(29, 6)"
"(302, 5, 1, 246)","(300, 5)"
"(296, 2, 1, 2)","(299, 2)"
"(412, 1, 1, 74)","(428, 1)"
"(139, 4, 1, 280)","(120, 4)"
"(296, 1, 1, 101)","(299, 1)"
"(251, 2, 1, 97)","(427, 1)"
"(37, 5, 1, 143)","(404, 5)"
"(300, 4, 1, 20)","(302, 4)"
"(297, 6, 1, 380)","(295, 6)"
"(139, 1, 1, 59)","(120, 1)"
"(139, 3, 1, 51)","(120, 3)"
"(302, 2, 1, 197)","(300, 2)"
"(120, 2, 1, 8)","(139, 2)"
"(302, 7, 1, 221)","(300, 7)"
"(112, 2, 1, 269)","(159, 6)"
"(115, 2, 1, 269)","(254, 6)"
"(141, 3, 1, 281)","(297, 7)"
"(298, 2, 1, 131)","(295, 2)"
"(337, 3, 1, 386)","(338, 3)"
"(398, 5, 1, 92)","(97, 5)"
"(302, 6, 1, 229)","(300, 6)"
"(98, 7, 1, 293)","(96, 7)"
"(139, 4, 1, 70)","(120, 4)"
"(136, 1, 1, 51)","(376, 2)"
"(295, 1, 1, 90)","(298, 1)"
"(412, 2, 1, 57)","(428, 2)"
"(126, 1, 1, 325)","(128, 1)"
"(159, 2, 1, 355)","(160, 2)"
"(295, 4, 1, 295)","(298, 4)"
"(302, 7, 1, 193)","(300, 7)"
"(67, 4, 1, 231)","(50, 4)"
"(296, 6, 1, 101)","(299, 6)"
"(160, 4, 1, 108)","(116, 6)"
"(300, 5, 1, 24)","(302, 5)"
"(139, 1, 1, 200)","(120, 1)"
"(179, 1, 1, 290)","(398, 1)"
"(300, 7, 1, 267)","(302, 7)"
"(302, 5, 1, 175)","(300, 5)"
"(261, 4, 1, 135)","(286, 4)"
"(139, 2, 1, 51)","(120, 2)"
"(25, 3, 1, 107)","(113, 3)"
"(141, 2, 1, 281)","(297, 6)"
"(165, 1, 1, 309)","(164, 1)"
"(303, 3, 1, 87)","(301, 3)"
"(295, 4, 1, 166)","(298, 4)"
"(398, 7, 1, 98)","(100, 6)"
"(337, 2, 1, 386)","(338, 2)"
"(295, 6, 1, 90)","(298, 6)"
"(233, 3, 1, 348)","(232, 3)"
"(296, 3, 1, 107)","(299, 3)"
"(102, 3, 1, 299)","(97, 1)"
"(134, 3, 1, 313)","(132, 3)"
"(123, 1, 1, 49)","(103, 1)"
"(296, 4, 1, 142)","(299, 4)"
"(398, 4, 1, 150)","(102, 1)"
"(179, 6, 1, 290)","(398, 6)"
"(159, 3, 1, 1)","(115, 5)"
"(97, 3, 1, 67)","(179, 3)"
"(302, 4, 1, 177)","(300, 4)"
"(302, 3, 1, 297)","(300, 3)"
"(205, 3, 1, 348)","(206, 3)"
"(272, 1, 1, 129)","(163, 1)"
"(29, 1, 1, 53)","(398, 1)"
"(302, 5, 1, 217)","(300, 5)"
"(25, 2, 1, 107)","(113, 2)"
"(160, 4, 1, 138)","(266, 6)"
"(303, 2, 1, 87)","(301, 2)"
"(302, 1, 1, 246)","(300, 1)"
"(430, 1, 1, 113)","(214, 1)"
"(178, 3, 1, 299)","(397, 3)"
"(233, 2, 1, 348)","(232, 2)"
"(296, 2, 1, 107)","(299, 2)"
"(102, 2, 1, 299)","(97, 2)"
"(134, 2, 1, 313)","(132, 2)"
"(139, 3, 1, 132)","(120, 3)"
"(37, 1, 1, 143)","(404, 1)"
"(300, 5, 1, 266)","(302, 5)"
"(407, 2, 1, 325)","(406, 2)"
"(304, 1, 1, 65)","(26, 2)"
"(218, 1, 1, 80)","(308, 1)"
"(423, 1, 1, 56)","(130, 2)"
"(302, 3, 1, 254)","(300, 3)"
"(302, 5, 1, 251)","(300, 5)"
"(29, 6, 1, 53)","(398, 6)"
"(159, 2, 1, 1)","(115, 4)"
"(97, 2, 1, 67)","(179, 2)"
"(398, 1, 1, 92)","(97, 1)"
"(302, 3, 1, 189)","(300, 3)"
"(302, 2, 1, 297)","(300, 2)"
"(263, 1, 1, 116)","(214, 1)"
"(205, 2, 1, 348)","(206, 2)"
"(160, 7, 1, 109)","(362, 1)"
"(302, 4, 1, 205)","(300, 4)"
"(429, 1, 1, 68)","(185, 1)"
"(302, 6, 1, 246)","(300, 6)"
"(302, 7, 1, 252)","(300, 7)"
"(296, 3, 1, 145)","(299, 3)"
"(88, 4, 1, 298)","(178, 4)"
"(178, 2, 1, 299)","(397, 2)"
"(117, 3, 1, 34)","(120, 3)"
"(160, 5, 1, 21)","(362, 7)"
"(139, 3, 2, 60)","(120, 3)"
"(160, 4, 1, 163)","(390, 4)"
"(50, 7, 1, 232)","(8, 7)"
"(302, 7, 1, 181)","(300, 7)"
"(37, 6, 1, 143)","(404, 6)"
"(300, 1, 1, 24)","(302, 1)"
"(302, 4, 1, 225)","(300, 4)"
"(139, 5, 1, 381)","(141, 5)"
"(139, 2, 1, 132)","(120, 2)"
"(300, 5, 1, 152)","(302, 5)"
"(302, 1, 1, 175)","(300, 1)"
"(302, 5, 1, 247)","(300, 5)"
"(300, 5, 1, 261)","(302, 5)"
"(402, 1, 1, 93)","(307, 1)"
"(284, 3, 1, 230)","(159, 3)"
"(131, 5, 1, 33)","(120, 5)"
"(139, 5, 1, 63)","(120, 5)"
"(400, 1, 1, 46)","(329, 1)"
"(295, 7, 1, 280)","(300, 7)"
"(398, 6, 1, 92)","(97, 6)"
"(302, 2, 1, 254)","(300, 2)"
"(160, 3, 1, 101)","(221, 3)"
"(302, 2, 1, 189)","(300, 2)"
"(122, 3, 1, 53)","(191, 3)"
"(120, 5, 1, 69)","(139, 5)"
"(435, 1, 1, 433)","(230, 1)"
"(296, 2, 1, 145)","(299, 2)"
"(295, 7, 1, 37)","(298, 7)"
"(117, 2, 1, 34)","(120, 2)"
"(139, 2, 2, 60)","(120, 2)"
"(300, 6, 1, 24)","(302, 6)"
"(115, 3, 1, 200)","(284, 1)"
"(229, 4, 1, 35)","(205, 4)"
"(97, 5, 1, 295)","(95, 5)"
"(325, 1, 1, 369)","(324, 1)"
"(300, 4, 1, 28)","(302, 4)"
"(144, 1, 1, 62)","(304, 1)"
"(302, 6, 1, 175)","(300, 6)"
"(302, 1, 1, 217)","(300, 1)"
"(296, 5, 1, 155)","(299, 5)"
"(301, 4, 1, 104)","(303, 4)"
"(284, 2, 1, 230)","(159, 2)"
"(139, 3, 1, 158)","(120, 3)"
"(160, 2, 1, 101)","(221, 2)"
"(122, 2, 1, 53)","(191, 2)"
"(209, 1, 1, 148)","(294, 1)"
"(300, 1, 1, 266)","(302, 1)"
"(296, 4, 1, 134)","(299, 4)"
"(302, 5, 1, 221)","(300, 5)"
"(427, 1, 1, 100)","(91, 2)"
"(115, 2, 1, 200)","(284, 6)"
"(120, 4, 1, 5)","(139, 4)"
"(160, 7, 1, 2)","(116, 1)"
"(377, 4, 1, 150)","(375, 1)"
"(302, 1, 1, 251)","(300, 1)"
"(302, 7, 1, 258)","(300, 7)"
"(302, 3, 1, 203)","(300, 3)"
"(302, 6, 1, 217)","(300, 6)"
"(98, 5, 1, 293)","(96, 5)"
